cat	kind	qual	loc	n_prod	n_test	n_script	n_imp
scripts_only	func	add_gate_llm_args	ming_sim/cli_backend.py:3791	0	1	4	0
scripts_only	func	bake_distance_matrix	ming_sim/distance.py:43	0	3	1	0
scripts_only	func	bind_content	ming_sim/agents.py:50	0	186	4	3
scripts_only	func	bind_content	ming_sim/context.py:64	0	186	4	3
scripts_only	func	bind_content	ming_sim/issues.py:407	0	186	4	3
scripts_only	func	gate_evidence_config	ming_sim/cli_backend.py:3892	0	3	4	0
scripts_only	func	gate_llm_config_from_args	ming_sim/cli_backend.py:3816	0	9	4	0
scripts_only	func	require_fresh_cli_trace	ming_sim/cli_backend.py:3873	0	0	4	0
scripts_only	method	GameDB.apply_dossier_verdicts	ming_sim/db.py:16707	0	52	1	0
scripts_only	method	GameDB.get_pending_promulgation_verdicts	ming_sim/db.py:15847	0	1	3	0
scripts_only	method	_NullStream.flush	launcher.py:35	0	0	1	0
test_only	async	api_add_favorite	web_app.py:5222	0	1	0	0
test_only	async	api_admin_delete	web_app.py:6276	0	1	0	0
test_only	async	api_admin_upsert	web_app.py:6258	0	1	0	0
test_only	async	api_audience_chat	web_app.py:5326	0	1	0	0
test_only	async	api_audience_chat_stream	web_app.py:5445	0	1	0	0
test_only	async	api_create_save	web_app.py:5984	0	1	0	0
test_only	async	api_delete_directive	web_app.py:5500	0	1	0	0
test_only	async	api_delete_portrait	web_app.py:6201	0	1	0	0
test_only	async	api_get_court_layout	web_app.py:6216	0	2	0	0
test_only	async	api_get_llm_config	web_app.py:6014	0	6	0	0
test_only	async	api_history_turn	web_app.py:5170	0	1	0	0
test_only	async	api_issue_decree_stream	web_app.py:5733	0	1	0	0
test_only	async	api_load_save	web_app.py:6003	0	2	0	0
test_only	async	api_memorials_read	web_app.py:5054	0	1	0	0
test_only	async	api_menu_exit	web_app.py:4773	0	2	0	0
test_only	async	api_menu_new_game	web_app.py:4414	0	6	0	0
test_only	async	api_menu_save_llm	web_app.py:4932	0	8	0	0
test_only	async	api_menu_shutdown	web_app.py:4802	0	2	0	0
test_only	async	api_menu_status	web_app.py:4329	0	12	0	0
test_only	async	api_remove_favorite	web_app.py:5233	0	1	0	0
test_only	async	api_resolve_decisions_stream	web_app.py:5856	0	3	0	0
test_only	async	api_set_court_layout	web_app.py:6222	0	3	0	0
test_only	async	api_set_llm_config	web_app.py:6078	0	9	0	0
test_only	async	api_state	web_app.py:5038	0	1	0	0
test_only	async	api_undo_audience_chat	web_app.py:5373	0	1	0	0
test_only	async	api_update_directive	web_app.py:5455	0	3	0	0
test_only	func	_require_active_minister	web_app.py:5248	0	3	0	0
test_only	func	accrue_blood_debt	ming_sim/centrifuge_ledger.py:115	0	25	0	0
test_only	func	accrue_detection_wariness	ming_sim/centrifuge_ledger.py:161	0	2	0	0
test_only	func	api_advance_without_edict	web_app.py:5516	0	7	0	0
test_only	func	api_issue_decree	web_app.py:5642	0	5	0	0
test_only	func	credit_events_as_edges	ming_sim/relations.py:199	0	1	0	1
test_only	func	execution_distortion_weight	ming_sim/appointment_tenure.py:57	0	5	0	1
test_only	func	for_role	ming_sim/llm_config.py:397	0	4	0	1
test_only	func	persons_present_tonight	ming_sim/audience_night.py:2101	0	9	0	0
test_only	func	prepare_character_materials	ming_sim/materials.py:1088	0	31	0	0
test_only	func	rebuild_centrifuge_cache	ming_sim/centrifuge_ledger.py:193	0	3	0	0
test_only	func	run_agent_stream_text	ming_sim/agents.py:367	0	3	0	0
test_only	func	stage_grant_allocation_candidate	ming_sim/action_materialize.py:771	0	2	0	0
test_only	func	validate_rescript_draft_items	ming_sim/rescript_draft.py:1337	0	22	0	0
test_only	method	GameDB.army_detail	ming_sim/db.py:7709	0	2	0	0
test_only	method	GameDB.clear_pending_decisions	ming_sim/db.py:10784	0	9	0	0
test_only	method	GameDB.clear_resolve_context	ming_sim/db.py:18415	0	2	0	0
test_only	method	GameDB.list_execution_liability_parties	ming_sim/db.py:15679	0	3	0	0
test_only	method	GameDB.save_rescript_drafts	ming_sim/db.py:10793	0	19	0	0
test_only	method	GameDB.unread_memorial_count	ming_sim/db.py:12682	0	9	0	0
test_only	method	GameDB.upsert_pending_directive	ming_sim/db.py:17085	0	6	0	0
test_only	method	GameDB.upsert_secret_order	ming_sim/db.py:21279	0	4	0	0
test_only	method	GameSession.list_ministers	ming_sim/session.py:810	0	5	0	0
test_only	method	GameSession.schedule_close_night_after_chat_if_needed	ming_sim/session.py:1035	0	1	0	0
test_only	method	GameSession.write_decree	ming_sim/session.py:1489	0	4	0	0
test_only	method	SessionWriteQueue.vacate	ming_sim/session_write_queue.py:328	0	2	0	0
test_only	method	WebGame._pending_writes_count	web_app.py:1300	0	7	0	0
unused_import_only	func	format_metric_delta	ming_sim/context.py:148	0	0	0	1
zero_abs	async	admin_page	web_app.py:6289	0	0	0	0
zero_abs	async	api_admin_table	web_app.py:6244	0	0	0	0
zero_abs	async	api_admin_tables	web_app.py:6239	0	0	0	0
zero_abs	async	api_audience_chat_history	web_app.py:5298	0	0	0	0
zero_abs	async	api_buildings	web_app.py:5217	0	0	0	0
zero_abs	async	api_delete_save	web_app.py:5997	0	0	0	0
zero_abs	async	api_get_portrait	web_app.py:6230	0	0	0	0
zero_abs	async	api_list_saves	web_app.py:5979	0	0	0	0
zero_abs	async	api_map	web_app.py:5212	0	0	0	0
zero_abs	async	api_menu_continue	web_app.py:4518	0	0	0	0
zero_abs	async	api_menu_delete_save	web_app.py:4759	0	0	0	0
zero_abs	async	api_menu_load_save	web_app.py:4637	0	0	0	0
zero_abs	async	api_retry_audience_reply	web_app.py:5364	0	0	0	0
zero_abs	async	api_retry_mechanical_tail	web_app.py:5043	0	0	0	0
zero_abs	async	api_retry_pending_translation	web_app.py:5386	0	0	0	0
zero_abs	async	api_secret_orders	web_app.py:5091	0	0	0	0
zero_abs	async	api_upload_portrait	web_app.py:6174	0	0	0	0
zero_abs	async	dependency_mismatch_handler	web_app.py:4198	0	0	0	0
zero_abs	func	_apply_option_heal	ming_sim/rescript_draft.py:1640	0	0	0	0
zero_abs	func	api_audience_scroll	web_app.py:5261	0	0	0	0
zero_abs	func	api_history_turns	web_app.py:5163	0	0	0	0
zero_abs	func	minister_speaker_role	ming_sim/action_materialize.py:29	0	0	0	0
zero_abs	func	state_context	ming_sim/context.py:137	0	0	0	0
zero_abs	func	validate_delta_shape	ming_sim/issues.py:5830	0	0	0	0
zero_abs	method	AffairStore.experiences	ming_sim/entities/affair/store.py:429	0	0	0	0
zero_abs	method	CliChat.ainvoke	ming_sim/cli_backend.py:3675	0	0	0	0
zero_abs	method	CliChat.invoke_stream	ming_sim/cli_backend.py:3692	0	0	0	0
zero_abs	method	GameDB.faction_report	ming_sim/db.py:6682	0	0	0	0
zero_abs	method	GameDB.flag_directive_needs_clarification	ming_sim/db.py:17315	0	0	0	0
zero_abs	method	_NullStream.isatty	launcher.py:29	0	0	0	0
