file	line	kind	bucket	target	snippet	raw
ming_sim/cli_backend.py	2620	assign	FREEISH	correction_block	str(correction_feedback or '').strip()	"correction_block = str(correction_feedback or """").strip()"
ming_sim/cli_backend.py	2854	assign	FREEISH	_existing_draft_text	('' if existing_draft_text is None else str(existing_draft_text)).strip()	_existing_draft_text = (
ming_sim/cli_backend.py	2904	assign	FREEISH_SLICE	candidates_context	"'【现有候选】\n' + '\n'.join((f""  [{int(c['id'])}] {str(c.get('summary') or c.get('text') or '')[:40]}"" for c in _candidates)) + '\n' if _candidates else ''"	candidates_context = (
ming_sim/cli_backend.py	3070	assign	FREEISH	merged	str(obj.get('合并草案') or '').strip()	"merged = str(obj.get(""合并草案"") or """").strip()"
ming_sim/db.py	5793	assign	FREEISH_SLICE	reason_code_value	str(reason_code or '')[:40]	"reason_code_value = str(reason_code or """")[:40]"
ming_sim/db.py	17962	return	FREEISH	<return>	self._materialize_office_appointment_dossier(state, office_pa, sliced, content=content, decree_text=decree_text if decree_text.strip() else None)	return self._materialize_office_appointment_dossier(
ming_sim/db.py	19798	assign	FREEISH_SLICE	cur	"self.conn.execute(""INSERT INTO legacies\n               (name, source_issue_id, modifiers, narrative_hint,\n                start_month, duration_months, status"	cur = self.conn.execute(
ming_sim/rescript_actions.py	670	assign	FREEISH	decree_text	note_raw if note_raw.strip() else label_raw	decree_text = note_raw if note_raw.strip() else label_raw
ming_sim/rescript_actions.py	1146	assign	FREEISH	dossier_id	int(db.create_decree_dossier(state, action_type='policy', decree_text=body if body.strip() else title, target_kind='policy', target_id=f'deliberation:{item.deci	dossier_id = int(db.create_decree_dossier(
