path	lineno	kind	freeish	snippet
ming_sim/action_clusters.py	163	assign_strip	OTHER	action_type | action_type = str(option.get("action_type") or "").strip()
ming_sim/action_clusters.py	252	assign_strip	OTHER	kind | kind = str(obj.get("kind") or "").strip()
ming_sim/action_clusters.py	255	assign_strip	OTHER	label | label = str(obj.get("动作类型") or "").strip()
ming_sim/action_clusters.py	285	assign_strip	OTHER	normalized | normalized = str(raw).strip()
ming_sim/action_clusters.py	328	assign_strip	OTHER	v | v = str(value if value is not None else default).strip()
ming_sim/action_materialize.py	188	assign_strip	OTHER	target | target = str(target_id or "").strip()
ming_sim/action_materialize.py	310	assign_strip	OTHER	target | target = str(target_id or "").strip()
ming_sim/action_materialize.py	311	assign_strip	OTHER	action | action = str(punish_action or "").strip()
ming_sim/action_materialize.py	312	assign_strip	OTHER	disposition | disposition = str(issue_disposition or "").strip()
ming_sim/action_materialize.py	402	assign_strip	OTHER	category | category = str(transaction_category or "").strip()
ming_sim/action_materialize.py	464	assign_strip	OTHER	ga | ga = str(grant_action or "").strip()
ming_sim/action_materialize.py	465	assign_strip	OTHER	raw_account | raw_account = str(account or "").strip()
ming_sim/action_materialize.py	499	assign_strip	OTHER	ga | ga = str(grant_action or "").strip()
ming_sim/action_materialize.py	551	assign_strip	OTHER	action | action = str(intent.get("grant_action") or "").strip()
ming_sim/action_materialize.py	552	assign_strip	OTHER	name | name = str(intent.get("name") or "").strip()
ming_sim/action_materialize.py	553	assign_strip	OTHER	target_id | target_id = str(intent.get("target_id") or "").strip()
ming_sim/action_materialize.py	572	assign_strip	OTHER	tid | tid = str(raw_target or "").strip()
ming_sim/action_materialize.py	594	assign_strip	OTHER	tid | tid = str(raw_target or "").strip()
ming_sim/action_materialize.py	658	assign_strip	FREEISH	purpose_cur | purpose_cur = str(purpose or "").strip()
ming_sim/action_materialize.py	661	assign_strip	OTHER	canonical_target_kind | canonical_target_kind = str(target_kind or "").strip()
ming_sim/action_materialize.py	668	assign_strip	OTHER	target_id_cur | target_id_cur = str(target_id or "").strip()
ming_sim/action_materialize.py	671	assign_strip	OTHER	cadence_value | cadence_value = str(cadence or "").strip()
ming_sim/action_materialize.py	850	assign_strip	OTHER	minister | minister = str(current_minister or "").strip()
ming_sim/action_materialize.py	908	assign_strip	OTHER	want_name | want_name = str(name or "").strip()
ming_sim/action_materialize.py	909	assign_strip	OTHER	want_office | want_office = str(office or "").strip()
ming_sim/action_materialize.py	910	assign_strip	OTHER	want_region | want_region = str(region_id or "").strip()
ming_sim/action_materialize.py	956	assign_strip	OTHER	seat | seat = str(region_id or "").strip()
ming_sim/action_materialize.py	969	assign_strip	OTHER	existing_seat | existing_seat = str(
ming_sim/action_materialize.py	1034	assign_strip	OTHER	name | name = str(payload.get("name") or "").strip()
ming_sim/action_materialize.py	1035	assign_strip	OTHER	office | office = str(payload.get("office") or "").strip()
ming_sim/action_materialize.py	1079	assign_strip	OTHER	status | status = str(dossier.get("status") or "").strip()
ming_sim/action_materialize.py	1080	assign_strip	OTHER	action | action = str(dossier.get("action_type") or "").strip()
ming_sim/action_materialize.py	1105	assign_strip	OTHER	raw | raw = str(target_id or "").strip()
ming_sim/action_materialize.py	1110	assign_strip	OTHER	kind | kind = str(target_kind or "").strip()
ming_sim/action_materialize.py	1203	assign_strip	OTHER	tid_raw | tid_raw = str(target_id or "").strip()
ming_sim/action_materialize.py	1211	assign_strip	OTHER	actor | actor = str(minister_name or "").strip()
ming_sim/action_materialize.py	1224	assign_strip	OTHER	pointed | pointed = str(target_candidate or "").strip()
ming_sim/action_materialize.py	1262	assign_strip	OTHER	category | category = str(transaction_category or "").strip()
ming_sim/action_materialize.py	1266	assign_strip	OTHER	lead | lead = str(assignee or "").strip()
ming_sim/action_materialize.py	1273	assign_strip	OTHER	kind_raw | kind_raw = str(commitment_kind or "").strip()
ming_sim/action_materialize.py	1350	assign_strip	OTHER	pointed | pointed = str(target_candidate or "").strip()
ming_sim/action_materialize.py	561	assign_strip	OTHER	kind | kind = str(intent.get("target_kind") or "").strip()
ming_sim/action_materialize.py	812	assign_strip	FREEISH	text | text = value.strip()
ming_sim/action_materialize.py	825	assign_strip	OTHER	name | name = str(item or "").strip()
ming_sim/action_materialize.py	856	assign_strip	FREEISH	name | name = str(body or "").strip()
ming_sim/action_materialize.py	917	assign_strip	OTHER	staged_name | staged_name = str(payload.get("name") or "").strip()
ming_sim/action_materialize.py	925	assign_strip	OTHER	staged_office | staged_office = str(payload.get("office") or "").strip()
ming_sim/action_materialize.py	928	assign_strip	OTHER	staged_region | staged_region = str(
ming_sim/action_materialize.py	1113	assign_strip	OTHER	raw | raw = raw.split(":", 1)[1].strip()
ming_sim/action_materialize.py	1134	assign_strip	OTHER	origin | origin = str(row["origin_ref"] or "").strip()
ming_sim/action_materialize.py	1116	assign_strip	OTHER	raw | raw = raw.split(":", 1)[1].strip()
ming_sim/appointment_tenure.py	24	assign_strip	FREEISH	text | text = str(value or "").strip()
ming_sim/assets.py	51	return_strip	FREEISH	return text.strip()
ming_sim/assets.py	110	return_strip	OTHER	return value.strip()
ming_sim/assets.py	50	return_strip	OTHER	return match.group(1).strip()
ming_sim/assets.py	27	assign_strip	FREEISH	text | text = file.read().strip()
ming_sim/audience_night.py	777	assign_strip	OTHER	origin | origin = str(origin_ref or "").strip()
ming_sim/audience_night.py	886	assign_strip	OTHER	m | m = str(method or default).strip()
ming_sim/audience_night.py	907	assign_strip	OTHER	name | name = str(person_name or "").strip()
ming_sim/audience_night.py	1314	assign_strip	OTHER	origin | origin = str(origin_id or "").strip()
ming_sim/audience_night.py	1333	assign_strip	OTHER	transit_to | transit_to = str(row["transit_to"] or "").strip()
ming_sim/audience_night.py	1334	assign_strip	OTHER	location | location = str(row["location"] or "").strip()
ming_sim/audience_night.py	1479	assign_strip	OTHER	origin | origin = str(origin_id or "").strip()
ming_sim/audience_night.py	1523	assign_strip	OTHER	name | name = str(person_name or "").strip()
ming_sim/audience_night.py	1552	assign_strip	OTHER	name | name = str(person_name or "").strip()
ming_sim/audience_night.py	1587	assign_strip	OTHER	name | name = str(person_name or "").strip()
ming_sim/audience_night.py	1803	assign_strip	OTHER	name | name = str(person_name or "").strip()
ming_sim/audience_night.py	1841	assign_strip	OTHER	name | name = str(person_name or "").strip()
ming_sim/audience_night.py	1881	assign_strip	FREEISH	text | text = str(message or "").strip()
ming_sim/audience_night.py	1906	assign_strip	FREEISH	text | text = str(message or "").strip()
ming_sim/audience_night.py	1915	assign_strip	OTHER	name | name = str(m.group(1) or "").strip()
ming_sim/audience_night.py	1979	assign_strip	OTHER	name | name = str(person_name or "").strip()
ming_sim/audience_night.py	1998	assign_strip	OTHER	name | name = str(person_name or "").strip()
ming_sim/audience_night.py	2026	assign_strip	OTHER	name | name = str(person_name or "").strip()
ming_sim/audience_night.py	2071	assign_strip	OTHER	name | name = str(person_name or "").strip()
ming_sim/audience_night.py	2140	assign_strip	OTHER	name | name = str(person_name or "").strip()
ming_sim/audience_night.py	2184	assign_strip	OTHER	origin | origin = str(origin or "").strip()
ming_sim/audience_night.py	2223	assign_strip	OTHER	name | name = str(person_name or "").strip()
ming_sim/audience_night.py	2224	assign_strip	OTHER	origin | origin = str(origin_ref or "").strip()
ming_sim/audience_night.py	673	assign_strip	OTHER	n | n = str(name or "").strip()
ming_sim/audience_night.py	464	assign_strip	OTHER	name | name = str(raw_name or "").strip()
ming_sim/audience_translate.py	384	assign_strip	OTHER	grounding | grounding = str(target_grounding or "").strip()
ming_sim/audience_translation.py	128	assign_strip	OTHER	name | name = str(validated.get("person_name") or "").strip()
ming_sim/breach_plea.py	81	assign_strip	FREEISH	text | text = str(origin_ref or "").strip()
ming_sim/breach_plea.py	95	assign_strip	FREEISH	text | text = str(origin_context or "").strip()
ming_sim/breach_plea.py	233	assign_strip	OTHER	primary | primary = str(meta.get("breach_kind") or "").strip()
ming_sim/breach_plea.py	252	assign_strip	OTHER	want | want = str(breach_kind or "").strip()
ming_sim/breach_plea.py	305	assign_strip	OTHER	kind | kind = str(breach_kind or "").strip()
ming_sim/breach_plea.py	358	assign_strip	OTHER	kind | kind = str(breach_kind or "").strip()
ming_sim/breach_plea.py	1069	assign_strip	OTHER	current_office | current_office = str(char["office"] or "").strip()
ming_sim/breach_plea.py	150	assign_strip	OTHER	origin | origin = str(row["origin_ref"] or "").strip()
ming_sim/breach_plea.py	199	assign_strip	OTHER	acc | acc = str(raw or "").strip()
ming_sim/breach_plea.py	1128	assign_strip	FREEISH	latest | latest = str(oc["office_title"] or "").strip()
ming_sim/breach_plea.py	1259	assign_strip	OTHER	tid | tid = str(it.get("target_id") or "").strip()
ming_sim/breach_plea.py	1324	assign_strip	OTHER	oref | oref = str(it.get("origin_ref") or "").strip()
ming_sim/breach_plea.py	183	assign_strip	OTHER	exec_id | exec_id = str(dossier.get("executor_id") or "").strip()
ming_sim/breach_plea.py	216	assign_strip	OTHER	t | t = str(tag or "").strip()
ming_sim/breach_plea.py	239	assign_strip	OTHER	kind | kind = str(raw or "").strip()
ming_sim/breach_plea.py	1092	assign_strip	OTHER	expected | expected = str(
ming_sim/breach_plea.py	1267	assign_strip	OTHER	ref | ref = str(it.get(key) or "").strip()
ming_sim/breach_plea.py	167	assign_strip	OTHER	cid | cid = str(item.get("character_id") or "").strip()
ming_sim/breach_plea.py	1022	assign_strip	OTHER	oref | oref = str(mv["origin_ref"] or "").strip()
ming_sim/breach_plea.py	180	assign_strip	OTHER	cid | cid = str(item.get("character_id") or "").strip()
ming_sim/breach_plea.py	1113	assign_strip	OTHER	expected | expected = str(
ming_sim/centrifuge_ledger.py	99	assign_strip	FREEISH	text | text = str(value).strip()
ming_sim/cli/terminal.py	168	assign_strip	FREEISH	raw | raw = text.strip()
ming_sim/cli/terminal.py	229	assign_strip	OTHER	question | question = str(last.get("question") or "").strip()
ming_sim/cli/terminal.py	109	assign_strip	OTHER	raw | raw = input("召见谁？输入编号或姓名，quit 退朝审阅诏书，exit 退出游戏：").strip()
ming_sim/cli/terminal.py	353	assign_strip	OTHER	low_q | low_q = question.lower().strip()
ming_sim/cli/terminal.py	523	assign_strip	OTHER	raw | raw = input("诏书草案> ").strip()
ming_sim/cli/terminal.py	766	assign_strip	OTHER	raw | raw = input(prompt).strip()
ming_sim/cli_backend.py	1036	assign_strip	OTHER	model | model = (getattr(llm_config, "cli_model", "") or "").strip()
ming_sim/cli_backend.py	1464	assign_strip	OTHER	name | name = str(canon or "").strip()
ming_sim/cli_backend.py	1546	assign_strip	OTHER	cid | cid = str(raw or "").strip()
ming_sim/cli_backend.py	1552	assign_strip	OTHER	key | key = str(found or "").strip()
ming_sim/cli_backend.py	1565	assign_strip	OTHER	cid | cid = str(entry.get("character_id") or "").strip()
ming_sim/cli_backend.py	1568	assign_strip	OTHER	did | did = str(
ming_sim/cli_backend.py	1578	assign_strip	OTHER	cid | cid = str(raw or "").strip()
ming_sim/cli_backend.py	1811	assign_strip	OTHER	facts | facts = str(roster_facts or "").strip()
ming_sim/cli_backend.py	1917	assign_strip	OTHER	cid | cid = str(raw or "").strip()
ming_sim/cli_backend.py	1920	assign_strip	FREEISH	canon | canon = str(_canonical_minister_key(content, cid, db) or "").strip()
ming_sim/cli_backend.py	2620	assign_strip	OTHER	correction_block | correction_block = str(correction_feedback or "").strip()
ming_sim/cli_backend.py	2854	assign_strip	FREEISH	_existing_draft_text | _existing_draft_text = (
ming_sim/cli_backend.py	2949	assign_strip	OTHER	_action | _action = str(obj.get("拟旨意图") or "").strip()
ming_sim/cli_backend.py	2973	assign_strip	OTHER	_act | _act = str(obj.get("动作类型") or "").strip()
ming_sim/cli_backend.py	2978	assign_strip	OTHER	_tk | _tk = str(
ming_sim/cli_backend.py	2982	assign_strip	OTHER	_tid | _tid = str(
ming_sim/cli_backend.py	3012	assign_strip	OTHER	dossier_action | dossier_action = str(obj.get("动作类型") or "special_decree").strip()
ming_sim/cli_backend.py	3024	assign_strip	OTHER	target_id_value | target_id_value = str(
ming_sim/cli_backend.py	3070	assign_strip	OTHER	merged | merged = str(obj.get("合并草案") or "").strip()
ming_sim/cli_backend.py	3104	assign_strip	OTHER	target_raw | target_raw = str(obj.get("目标草案") or "").strip()
ming_sim/cli_backend.py	3155	assign_strip	OTHER	kind | kind = str(raw or "").strip()
ming_sim/cli_backend.py	3477	assign_strip	OTHER	t | t = (raw or "").strip()
ming_sim/cli_backend.py	3817	assign_strip	OTHER	model | model = str(getattr(args, "model", "") or "").strip()
ming_sim/cli_backend.py	3870	assign_strip	OTHER	trace_setting | trace_setting = os.environ.get("MING_SIM_TRACE_PATH", "").strip()
ming_sim/cli_backend.py	3889	assign_strip	OTHER	model | model = str(
ming_sim/cli_backend.py	566	return_strip	FREEISH	return (os.environ.get("MING_SIM_CODEX_REASONING") or "").strip()
ming_sim/cli_backend.py	1286	assign_strip	OTHER	name | name = str(getattr(ch, "name", None) or key or "").strip()
ming_sim/cli_backend.py	1324	assign_strip	OTHER	army_id | army_id = str(getattr(army, "id", None) or key or "").strip()
ming_sim/cli_backend.py	1327	assign_strip	OTHER	name | name = str(getattr(army, "name", None) or army_id).strip()
ming_sim/cli_backend.py	1360	assign_strip	OTHER	name | name = str(raw or "").strip()
ming_sim/cli_backend.py	1403	assign_strip	OTHER	name | name = str(match.group(1) or "").strip()
ming_sim/cli_backend.py	1455	assign_strip	OTHER	ref | ref = str(raw or "").strip()
ming_sim/cli_backend.py	1472	assign_strip	OTHER	alias | alias = str(raw or "").strip()
ming_sim/cli_backend.py	1483	assign_strip	OTHER	canon | canon = str(key or "").strip()
ming_sim/cli_backend.py	1959	assign_strip	OTHER	delegator_raw | delegator_raw = str(entry.get("delegator_id") or "").strip()
ming_sim/cli_backend.py	2011	assign_strip	OTHER	rid | rid = str(getattr(region, "id", None) or key or "").strip()
ming_sim/cli_backend.py	2012	assign_strip	OTHER	name | name = str(getattr(region, "name", None) or "").strip()
ming_sim/cli_backend.py	2215	assign_strip	OTHER	assignee | assignee = str(
ming_sim/cli_backend.py	2292	assign_strip	OTHER	out['assignee'] | out["assignee"] = str(
ming_sim/cli_backend.py	3326	assign_strip	OTHER	payload['name'] | payload["name"] = str(payload.get("target_id") or "").strip()
ming_sim/cli_backend.py	3480	assign_strip	OTHER	t | t = re.sub(r"\s*```$", "", t).strip()
ming_sim/cli_backend.py	234	assign_strip	OTHER	discovered | discovered = m.group(1).strip()
ming_sim/cli_backend.py	1488	assign_strip	OTHER	alias | alias = str(raw or "").strip()
ming_sim/cli_backend.py	1699	assign_strip	OTHER	corr_raw | corr_raw = str(
ming_sim/cli_backend.py	1876	assign_strip	OTHER	name | name = str(speaker_name or "").strip()
ming_sim/cli_backend.py	2231	assign_strip	OTHER	name | name = str(entry.get("character_id") or "").strip()
ming_sim/cli_backend.py	2716	assign_strip	OTHER	action | action = str(value.get("动作类型") or "").strip()
ming_sim/cli_backend.py	2724	assign_strip	OTHER	target_kind | target_kind = str(
ming_sim/cli_backend.py	2728	assign_strip	OTHER	target_id | target_id = str(
ming_sim/cli_backend.py	811	assign_strip	OTHER	stripped | stripped = line.strip()
ming_sim/cli_backend.py	1425	assign_strip	OTHER	cid | cid = str(item.get(key) or "").strip()
ming_sim/cli_backend.py	1648	assign_strip	OTHER	cid | cid = str(raw or "").strip()
ming_sim/commitment_backlash.py	39	assign_strip	OTHER	kind | kind = str(source_kind or "").strip()
ming_sim/commitment_backlash.py	52	assign_strip	OTHER	outcome | outcome = str(execution_outcome or "").strip()
ming_sim/content.py	179	assign_strip	OTHER	cond | cond = cond.strip()
ming_sim/content.py	396	assign_strip	OTHER	default_key | default_key = default_name.strip()
ming_sim/content.py	258	assign_strip	OTHER	trigger_class | trigger_class = str(item.get("trigger_class") or "").strip()
ming_sim/content.py	533	assign_strip	OTHER	region_id | region_id = str(item.get("region_id") or "").strip()
ming_sim/content.py	302	assign_strip	OTHER	cond | cond = str(mv).strip()
ming_sim/context.py	327	assign_strip	FREEISH	cleaned | cleaned = text.strip()
ming_sim/context.py	239	assign_strip	OTHER	priv | priv = str(row.get("privilege") or "").strip()
ming_sim/context.py	266	assign_strip	OTHER	updated | updated = str(row.get("updated_at_period") or "").strip()
ming_sim/covert_levy.py	40	assign_strip	OTHER	result['origin_ref'] | result["origin_ref"] = str(origin or "").strip()
ming_sim/covert_levy.py	52	assign_strip	OTHER	origin | origin = str(origin_ref or "").strip()
ming_sim/covert_progress.py	133	assign_strip	FREEISH	text | text = str(raw or "").strip()
ming_sim/covert_progress.py	169	assign_strip	OTHER	severity | severity = str(guilt.get("severity") or "").strip()
ming_sim/covert_progress.py	183	assign_strip	OTHER	kind | kind = str(source.get("kind") or payload.get("kind") or "").strip()
ming_sim/covert_progress.py	188	assign_strip	OTHER	unit | unit = str(
ming_sim/covert_progress.py	236	assign_strip	OTHER	investigation_target | investigation_target = str(
ming_sim/covert_progress.py	242	assign_strip	OTHER	investigation_fact | investigation_fact = str(
ming_sim/covert_progress.py	289	assign_strip	OTHER	raw | raw = str(unit or "").strip()
ming_sim/covert_progress.py	312	assign_strip	FREEISH	text | text = str(raw or "").strip()
ming_sim/covert_progress.py	384	assign_strip	OTHER	resolved_kind | resolved_kind = str(kind or "").strip()
ming_sim/covert_progress.py	391	assign_strip	OTHER	inv_target | inv_target = str(investigation_target or "").strip()
ming_sim/covert_progress.py	441	assign_strip	FREEISH	category_text | category_text = str(category or "").strip()
ming_sim/covert_progress.py	444	assign_strip	FREEISH	account_text | account_text = str(account or "").strip()
ming_sim/covert_progress.py	449	assign_strip	FREEISH	region_text | region_text = str(region or "").strip()
ming_sim/covert_progress.py	452	assign_strip	FREEISH	field_text | field_text = str(field or "").strip()
ming_sim/covert_progress.py	458	assign_strip	FREEISH	target_text | target_text = str(region_target or "").strip()
ming_sim/covert_progress.py	461	assign_strip	FREEISH	action_text | action_text = str(person_action or "").strip()
ming_sim/covert_progress.py	499	assign_strip	OTHER	inv_target | inv_target = str(
ming_sim/covert_progress.py	663	assign_strip	OTHER	category | category = str(delivery.get("category") or "").strip()
ming_sim/covert_progress.py	666	assign_strip	OTHER	account | account = str(delivery.get("account") or "").strip()
ming_sim/covert_progress.py	705	assign_strip	OTHER	name | name = str(target or "").strip()
ming_sim/covert_progress.py	735	assign_strip	FREEISH	text | text = str(raw or "").strip()
ming_sim/covert_progress.py	850	assign_strip	OTHER	name | name = str(target or "").strip()
ming_sim/covert_progress.py	851	assign_strip	OTHER	key | key = str(fact_key or "").strip()
ming_sim/covert_progress.py	891	assign_strip	OTHER	name | name = str(target or "").strip()
ming_sim/covert_progress.py	892	assign_strip	OTHER	key | key = str(fact_key or "").strip()
ming_sim/covert_progress.py	939	assign_strip	OTHER	worker | worker = str(investigator or "").strip()
ming_sim/covert_progress.py	981	assign_strip	OTHER	who | who = str(worker_row["location"] or "").strip()
ming_sim/covert_progress.py	982	assign_strip	OTHER	name | name = str(target or "").strip()
ming_sim/covert_progress.py	991	assign_strip	OTHER	there | there = str(target_row["location"] or "").strip()
ming_sim/covert_progress.py	1014	assign_strip	OTHER	worker | worker = str(investigator or "").strip()
ming_sim/covert_progress.py	1063	assign_strip	OTHER	key | key = str(fact_key or "").strip()
ming_sim/covert_progress.py	1256	assign_strip	OTHER	bound | bound = str(fact_key or "").strip()
ming_sim/covert_progress.py	1350	assign_strip	OTHER	who | who = str(declared_source or "").strip()
ming_sim/covert_progress.py	1375	assign_strip	OTHER	who | who = str(source or "").strip()
ming_sim/covert_progress.py	1376	assign_strip	OTHER	name | name = str(target or "").strip()
ming_sim/covert_progress.py	1447	assign_strip	OTHER	name | name = str(target or "").strip()
ming_sim/covert_progress.py	1448	assign_strip	OTHER	key | key = str(fact_key or "").strip()
ming_sim/covert_progress.py	1474	return_strip	OTHER	return str(
ming_sim/covert_progress.py	1482	return_strip	OTHER	return str(
ming_sim/covert_progress.py	1488	assign_strip	OTHER	name | name = str(target or "").strip()
ming_sim/covert_progress.py	1533	assign_strip	OTHER	key | key = str(fact_key or "").strip()
ming_sim/covert_progress.py	1667	assign_strip	OTHER	fact | fact = str(item.get("fact_key", item.get("所查事实")) or "").strip()
ming_sim/covert_progress.py	1842	assign_strip	OTHER	invalid | invalid = str(declaration.get("invalid") or "").strip()
ming_sim/covert_progress.py	159	assign_strip	FREEISH	text | text = str(seed_guilt or "").strip()
ming_sim/covert_progress.py	414	assign_strip	OTHER	inv_fact | inv_fact = str(investigation_fact or "").strip()
ming_sim/covert_progress.py	428	assign_strip	FREEISH	purpose_text | purpose_text = str(purpose or "").strip()
ming_sim/covert_progress.py	655	assign_strip	FREEISH	purpose | purpose = str(delivery.get("purpose") or "").strip()
ming_sim/covert_progress.py	734	return_strip	OTHER	return str(raw.get("severity") or "").strip()
ming_sim/covert_progress.py	743	return_strip	OTHER	return str(parsed.get("severity") or "").strip()
ming_sim/covert_progress.py	916	assign_strip	OTHER	other | other = str(other or "").strip()
ming_sim/covert_progress.py	1187	assign_strip	OTHER	key | key = str(clue.get("fact_key") or "").strip()
ming_sim/covert_progress.py	1356	assign_strip	OTHER	source | source = str(tip.get("source") or "").strip()
ming_sim/covert_progress.py	1575	assign_strip	OTHER	action | action = str(delivery.get("person_action") or "").strip()
ming_sim/covert_progress.py	1677	assign_strip	OTHER	source | source = str(tip.get("source", tip.get("递话人")) or "").strip()
ming_sim/covert_progress.py	1682	assign_strip	OTHER	effect | effect = str(spoil.get("effect") or "harder").strip()
ming_sim/covert_progress.py	1914	assign_strip	OTHER	spoil_key | spoil_key = str(spoliation.get("fact_key") or "").strip()
ming_sim/covert_progress.py	760	assign_strip	OTHER	key | key = str(item.get("fact_key") or "").strip()
ming_sim/covert_progress.py	435	assign_strip	FREEISH	kind_text | kind_text = str(target_kind or "").strip()
ming_sim/covert_progress.py	436	assign_strip	FREEISH	id_text | id_text = str(target_id or "").strip()
ming_sim/credit_events.py	63	assign_strip	FREEISH	text | text = str(origin or "").strip()
ming_sim/credit_events.py	109	assign_strip	OTHER	base | base = str(origin or "").strip()
ming_sim/credit_events.py	135	assign_strip	OTHER	person | person = str(person or "").strip()
ming_sim/credit_events.py	136	assign_strip	OTHER	kind | kind = str(event_kind or "").strip()
ming_sim/credit_events.py	338	assign_strip	OTHER	action | action = str(item.get("动作") or item.get("action") or "").strip()
ming_sim/credit_events.py	343	assign_strip	OTHER	status | status = str(item.get("status") or "").strip()
ming_sim/credit_events.py	351	assign_strip	OTHER	action | action = str(item.get("动作") or item.get("action") or "").strip()
ming_sim/credit_events.py	555	return_strip	OTHER	return str(host.get("name") or "").strip()
ming_sim/credit_events.py	182	assign_strip	OTHER	name | name = str(p.get("character_id") or "").strip()
ming_sim/credit_events.py	287	assign_strip	OTHER	tier | tier = str(entry.get("tier") or "").strip()
ming_sim/credit_events.py	290	assign_strip	OTHER	pawn | pawn = str(entry.get("character_id") or "").strip()
ming_sim/credit_events.py	291	assign_strip	OTHER	car | car = str(entry.get("delegator_id") or "").strip()
ming_sim/credit_events.py	355	assign_strip	OTHER	status | status = str(item.get("status") or "").strip()
ming_sim/credit_events.py	369	assign_strip	OTHER	name | name = str(it.get("name") or it.get("character_id") or "").strip()
ming_sim/db.py	272	assign_strip	OTHER	target | target = re.sub(r"(?:诸官|官员|诸司|诸人|上下|众人)$", "", target).strip()
ming_sim/db.py	476	assign_strip	OTHER	raw | raw = str(stop_condition or "").strip()
ming_sim/db.py	700	assign_strip	OTHER	s | s = (office or "").strip()
ming_sim/db.py	792	assign_strip	OTHER	kind | kind = (current_type or "").strip()
ming_sim/db.py	833	assign_strip	OTHER	declared | declared = (declared or "").strip()
ming_sim/db.py	203	assign_strip	OTHER	severity | severity = str(value.get("severity") or "无").strip()
ming_sim/db.py	239	assign_strip	OTHER	name | name = str(raw_name).strip()
ming_sim/db.py	2950	assign_strip	OTHER	raw | raw = str(key or "").strip()
ming_sim/db.py	2965	assign_strip	OTHER	raw | raw = str(key or "").strip()
ming_sim/db.py	3631	assign_strip	OTHER	office_type | office_type = str(office_type or "").strip()
ming_sim/db.py	3672	assign_strip	OTHER	seat | seat = str(region_id or "").strip()
ming_sim/db.py	3724	assign_strip	OTHER	event_id | event_id = str(event_id or "").strip()
ming_sim/db.py	4557	assign_strip	OTHER	old_owner | old_owner = str(row["owner_power"] or "").strip()
ming_sim/db.py	4558	assign_strip	OTHER	owner_power | owner_power = str(new_owner or "").strip()
ming_sim/db.py	4821	assign_strip	OTHER	owner_power | owner_power = str(row["owner_power"] or "").strip()
ming_sim/db.py	4822	assign_strip	OTHER	pay_source_region | pay_source_region = str(normalized.get("pay_source_region", row["pay_source_region"]) or "").strip()
ming_sim/db.py	6884	assign_strip	OTHER	value | value = str(origin_ref or "").strip()
ming_sim/db.py	7073	assign_strip	OTHER	power_id | power_id = str(power_id or "").strip()
ming_sim/db.py	7074	assign_strip	OTHER	new_name | new_name = str(new_name or "").strip()
ming_sim/db.py	10930	assign_strip	OTHER	choice_raw | choice_raw = (r["choice_json"] or "").strip()
ming_sim/db.py	11011	assign_strip	OTHER	name | name = str(minister_name or "").strip()
ming_sim/db.py	11175	assign_strip	OTHER	explicit | explicit = str(payload.get("dossier_action_type") or "").strip()
ming_sim/db.py	11219	assign_strip	OTHER	action | action = str(normalized.get("dossier_action_type") or "").strip()
ming_sim/db.py	11510	assign_strip	OTHER	target_kind | target_kind = str(normalized.get("target_kind") or "").strip()
ming_sim/db.py	11511	assign_strip	OTHER	target_id | target_id = str(normalized.get("target_id") or "").strip()
ming_sim/db.py	11542	assign_strip	OTHER	final_kind | final_kind = str(normalized.get("target_kind") or "").strip()
ming_sim/db.py	11653	assign_strip	OTHER	raw | raw = str(origin or "").strip()
ming_sim/db.py	11792	assign_strip	OTHER	band | band = str(progress_band or "").strip()
ming_sim/db.py	12380	assign_strip	OTHER	form | form = str(execution_form or "").strip()
ming_sim/db.py	12383	assign_strip	OTHER	atype | atype = str(action_type or "").strip()
ming_sim/db.py	13296	assign_strip	OTHER	account | account = str(
ming_sim/db.py	13301	assign_strip	OTHER	target_id | target_id = str(
ming_sim/db.py	13369	assign_strip	OTHER	target | target = str(
ming_sim/db.py	13372	assign_strip	OTHER	action | action = str(payload.get("grant_action") or "").strip()
ming_sim/db.py	13498	assign_strip	OTHER	canonical_assignee | canonical_assignee = str(payload_map.get("assignee_id") or "").strip()
ming_sim/db.py	13524	assign_strip	OTHER	action_key | action_key = str(action_type or "").strip()
ming_sim/db.py	13777	assign_strip	OTHER	action | action = str(action_type or "").strip()
ming_sim/db.py	13784	assign_strip	OTHER	canonical_assignee | canonical_assignee = str(normalized_payload.get("assignee_id") or "").strip()
ming_sim/db.py	13834	assign_strip	OTHER	supplied_surface | supplied_surface = str(canonical_payload.get("execution_surface") or "").strip()
ming_sim/db.py	13837	assign_strip	OTHER	canonical_target_kind | canonical_target_kind = str(
ming_sim/db.py	13840	assign_strip	OTHER	canonical_target_id | canonical_target_id = str(
ming_sim/db.py	13863	assign_strip	OTHER	rid | rid = str(region_id or "").strip()
ming_sim/db.py	14088	assign_strip	OTHER	dkey | dkey = decision_key.strip()
ming_sim/db.py	14174	assign_strip	OTHER	key | key = str(decision_key or "").strip()
ming_sim/db.py	14370	assign_strip	OTHER	kind | kind = str(office_type or "").strip()
ming_sim/db.py	14373	assign_strip	OTHER	seat | seat = str(region_id or "").strip()
ming_sim/db.py	14385	assign_strip	OTHER	person | person = str(name or "").strip()
ming_sim/db.py	14410	assign_strip	OTHER	name | name = str(character_name or "").strip()
ming_sim/db.py	14439	assign_strip	OTHER	kind | kind = str(office_type or "").strip()
ming_sim/db.py	14447	assign_strip	OTHER	rid | rid = str(region_id or "").strip()
ming_sim/db.py	14637	assign_strip	OTHER	supplied | supplied = str(supplied_ref or "").strip()
ming_sim/db.py	14831	assign_strip	OTHER	decision | decision = str(decision or "").strip()
ming_sim/db.py	14964	assign_strip	OTHER	outcome | outcome = str(outcome or "").strip()
ming_sim/db.py	15768	assign_strip	OTHER	outcome | outcome = str(outcome or "").strip()
ming_sim/db.py	15882	assign_strip	OTHER	dest_region | dest_region = str(station_region or "").strip()
ming_sim/db.py	15953	assign_strip	FREEISH	office_title | office_title = str(payload.get("office") or "").strip()
ming_sim/db.py	16020	assign_strip	OTHER	holder | holder = str(
ming_sim/db.py	16027	assign_strip	OTHER	privilege | privilege = str(payload.get("privilege") or "").strip()
ming_sim/db.py	16028	assign_strip	OTHER	scope | scope = str(payload.get("scope") or "").strip()
ming_sim/db.py	16227	assign_strip	OTHER	army_id | army_id = str(
ming_sim/db.py	16231	assign_strip	OTHER	station_region | station_region = str(
ming_sim/db.py	16477	assign_strip	OTHER	target | target = str(
ming_sim/db.py	16480	assign_strip	OTHER	punish_action | punish_action = str(payload.get("punish_action") or "").strip()
ming_sim/db.py	16481	assign_strip	OTHER	issue_disposition | issue_disposition = str(payload.get("issue_disposition") or "").strip()
ming_sim/db.py	16636	assign_strip	OTHER	person | person = str(target or "").strip()
ming_sim/db.py	16957	assign_strip	OTHER	form | form = str(entry.get("form") or "").strip()
ming_sim/db.py	16958	assign_strip	OTHER	endorser_id | endorser_id = str(entry.get("endorser_id") or "").strip()
ming_sim/db.py	17433	assign_strip	OTHER	actor | actor = str(payload.get("actor") or pa.get("minister_name") or "").strip()
ming_sim/db.py	17927	assign_strip	OTHER	action | action = str(payload.get("appoint_action") or "").strip()
ming_sim/db.py	17928	assign_strip	OTHER	name | name = str(payload.get("name") or "").strip()
ming_sim/db.py	17931	assign_strip	OTHER	office | office = str(payload.get("office") or "").strip()
ming_sim/db.py	17973	assign_strip	OTHER	name | name = str(payload.get("name") or "").strip()
ming_sim/db.py	17974	assign_strip	OTHER	office | office = str(payload.get("office") or "").strip()
ming_sim/db.py	17975	assign_strip	OTHER	action | action = str(pa.get("action") or payload.get("appoint_action") or "").strip()
ming_sim/db.py	18064	assign_strip	OTHER	recommender | recommender = str(
ming_sim/db.py	18069	assign_strip	OTHER	name | name = str(payload.get("name") or "").strip()
ming_sim/db.py	18122	assign_strip	OTHER	name | name = str(payload.get("name") or "").strip()
ming_sim/db.py	18520	assign_strip	OTHER	holder_id | holder_id = str(holder_id or "").strip()
ming_sim/db.py	18521	assign_strip	OTHER	privilege | privilege = str(privilege or "").strip()
ming_sim/db.py	18522	assign_strip	OTHER	scope | scope = str(scope or "").strip()
ming_sim/db.py	18540	assign_strip	OTHER	executor_id | executor_id = str(dossier.get("executor_id") or "").strip()
ming_sim/db.py	18541	assign_strip	OTHER	executor_kind | executor_kind = str(dossier.get("executor_kind") or "").strip()
ming_sim/db.py	18559	assign_strip	OTHER	target_kind | target_kind = str(dossier.get("target_kind") or "").strip()
ming_sim/db.py	18560	assign_strip	OTHER	target_id | target_id = str(dossier.get("target_id") or "").strip()
ming_sim/db.py	18672	assign_strip	OTHER	target_kind | target_kind = str(structured.get("target_kind") or "").strip()
ming_sim/db.py	18673	assign_strip	OTHER	target_id | target_id = str(structured.get("target_id") or "").strip()
ming_sim/db.py	19212	assign_strip	OTHER	eid | eid = str(event_id or "").strip()
ming_sim/db.py	19256	assign_strip	OTHER	eid | eid = str(event_id or "").strip()
ming_sim/db.py	19333	assign_strip	FREEISH	text | text = str(raw).strip()
ming_sim/db.py	19458	assign_strip	OTHER	new_status | new_status = str(status or "").strip()
ming_sim/db.py	20201	assign_strip	OTHER	target | target = str(target_name or "").strip()
ming_sim/db.py	20202	assign_strip	OTHER	key | key = str(fact_key or "").strip()
ming_sim/db.py	20205	assign_strip	OTHER	eff | eff = str(effect or "").strip()
ming_sim/db.py	20240	assign_strip	OTHER	target | target = str(target_name or "").strip()
ming_sim/db.py	20825	assign_strip	OTHER	minister | minister = str(minister_name or "").strip()
ming_sim/db.py	20861	assign_strip	OTHER	name_filter | name_filter = str(minister_name or "").strip()
ming_sim/db.py	21006	assign_strip	OTHER	assignee | assignee = str(minister_name or "").strip()
ming_sim/db.py	21007	assign_strip	OTHER	origin | origin = str(origin_minister_name or "").strip()
ming_sim/db.py	21840	assign_strip	OTHER	source | source = str(source or "").strip()
ming_sim/db.py	21841	assign_strip	OTHER	target | target = str(target or "").strip()
ming_sim/db.py	2984	assign_strip	OTHER	key | key = str(raw_key or "").strip()
ming_sim/db.py	4798	assign_strip	OTHER	proposed_owner | proposed_owner = str(normalized.get("owner_power") or "").strip()
ming_sim/db.py	6154	assign_strip	OTHER	name | name = str(raw.get("name") or raw.get("姓名") or "").strip()
ming_sim/db.py	6155	assign_strip	OTHER	new_power | new_power = str(raw.get("new_power") or raw.get("新势力") or "").strip()
ming_sim/db.py	8266	assign_strip	OTHER	aid | aid = str(item.get("id") or "").strip()
ming_sim/db.py	8286	assign_strip	OTHER	name | name = str(item.get("name") or aid).strip()
ming_sim/db.py	8406	assign_strip	OTHER	station_region | station_region = str(item.get("station_region") or "").strip()
ming_sim/db.py	10750	assign_strip	OTHER	choice_raw | choice_raw = (r["choice_json"] or "").strip()
ming_sim/db.py	10825	assign_strip	OTHER	event_id | event_id = str(d.get("event_id") or "").strip()
ming_sim/db.py	10861	assign_strip	OTHER	choice_raw | choice_raw = (r["choice_json"] or "").strip()
ming_sim/db.py	10969	assign_strip	OTHER	key | key = str(raw or "").strip()
ming_sim/db.py	11221	assign_strip	OTHER	grant_action | grant_action = str(normalized.get("grant_action") or "").strip()
ming_sim/db.py	11291	assign_strip	OTHER	priv | priv = str(normalized.get("privilege") or "").strip()
ming_sim/db.py	11297	assign_strip	OTHER	scope | scope = str(normalized.get("scope") or "").strip()
ming_sim/db.py	11309	assign_strip	OTHER	normalized['target_kind'] | normalized["target_kind"] = kind.strip()
ming_sim/db.py	11310	assign_strip	OTHER	normalized['target_id'] | normalized["target_id"] = target.strip()
ming_sim/db.py	11311	assign_strip	OTHER	holder | holder = str(
ming_sim/db.py	11333	assign_strip	OTHER	holder | holder = str(
ming_sim/db.py	11357	assign_strip	OTHER	raw_target | raw_target = str(normalized.get("target_id") or "").strip()
ming_sim/db.py	11409	assign_strip	OTHER	punish_action | punish_action = str(normalized.get("punish_action") or "").strip()
ming_sim/db.py	11410	assign_strip	OTHER	issue_disposition | issue_disposition = str(normalized.get("issue_disposition") or "").strip()
ming_sim/db.py	11972	assign_strip	OTHER	band | band = str(item.get("progress_band") or "").strip()
ming_sim/db.py	12013	assign_strip	OTHER	relation | relation = str(link.get("relation_type") or "").strip()
ming_sim/db.py	12770	assign_strip	OTHER	name | name = str(crow["name"] or "").strip()
ming_sim/db.py	12771	assign_strip	OTHER	fac | fac = str(crow["faction"] or "").strip()
ming_sim/db.py	12901	assign_strip	OTHER	accuser | accuser = str(raw.get("accuser_name") or "").strip()
ming_sim/db.py	12923	assign_strip	OTHER	accuser_faction | accuser_faction = str(accuser_row["faction"] or "").strip()
ming_sim/db.py	12932	assign_strip	OTHER	subject_name | subject_name = str(raw.get("subject_name") or "").strip()
ming_sim/db.py	13469	assign_strip	OTHER	payload_map['target_kind'] | payload_map["target_kind"] = str(target_kind).strip()
ming_sim/db.py	13471	assign_strip	OTHER	payload_map['target_id'] | payload_map["target_id"] = str(target_id).strip()
ming_sim/db.py	13473	assign_strip	OTHER	payload_map['dossier_action_type'] | payload_map["dossier_action_type"] = str(action_type or "").strip()
ming_sim/db.py	13500	assign_strip	OTHER	canonical_assignee | canonical_assignee = str(payload_map.get("assignee") or "").strip()
ming_sim/db.py	13786	assign_strip	OTHER	canonical_assignee | canonical_assignee = str(normalized_payload.get("assignee") or "").strip()
ming_sim/db.py	13851	assign_strip	OTHER	account | account = str(canonical_payload.get("account") or "").strip()
ming_sim/db.py	14999	assign_strip	OTHER	action_type | action_type = str(row.get("action_type") or "").strip()
ming_sim/db.py	15933	assign_strip	OTHER	person | person = str(item.get("name") or item.get("人物") or "").strip()
ming_sim/db.py	16030	assign_strip	OTHER	t_kind | t_kind = str(
ming_sim/db.py	16033	assign_strip	OTHER	t_id | t_id = str(
ming_sim/db.py	16135	assign_strip	OTHER	raw | raw = str(
ming_sim/db.py	16138	assign_strip	OTHER	kind | kind = str(
ming_sim/db.py	16166	assign_strip	OTHER	origin | origin = str(issue_row["origin_ref"] or "").strip()
ming_sim/db.py	16277	assign_strip	FREEISH	title | title = str(payload.get("target_id") or "").strip()
ming_sim/db.py	16501	assign_strip	OTHER	faction | faction = str(issue["faction_hint"] or "").strip()
ming_sim/db.py	17026	assign_strip	OTHER	form | form = str(raw.get("form") or "").strip()
ming_sim/db.py	17027	assign_strip	OTHER	endorser_id | endorser_id = str(raw.get("endorser_id") or "").strip()
ming_sim/db.py	18131	assign_strip	OTHER	office_type | office_type = str(payload.get("office_type") or "").strip()
ming_sim/db.py	18175	assign_strip	OTHER	seat | seat = str(
ming_sim/db.py	19156	assign_strip	OTHER	raw | raw = str(r["choice_json"] or "").strip()
ming_sim/db.py	19301	assign_strip	FREEISH	text | text = payload_json.strip()
ming_sim/db.py	20381	assign_strip	OTHER	character_id | character_id = str(item.get("character_id") or "").strip()
ming_sim/db.py	20382	assign_strip	OTHER	delegator_id | delegator_id = str(item.get("delegator_id") or "").strip()
ming_sim/db.py	20902	assign_strip	OTHER	minister | minister = str(row["minister_name"] or "").strip()
ming_sim/db.py	21117	assign_strip	OTHER	_raw | _raw = (minister_name or "").strip()
ming_sim/db.py	4608	assign_strip	OTHER	pay_source_region_val | pay_source_region_val = str(row["pay_source_region"] or "").strip()
ming_sim/db.py	4610	assign_strip	OTHER	pay_source_region_val | pay_source_region_val = str(pay_source_region or "").strip()
ming_sim/db.py	5600	return_strip	FREEISH	return path.read_text(encoding="utf-8").strip()
ming_sim/db.py	11299	assign_strip	OTHER	t_kind | t_kind = str(normalized.get("target_kind") or "").strip()
ming_sim/db.py	11300	assign_strip	OTHER	t_id | t_id = str(normalized.get("target_id") or "").strip()
ming_sim/db.py	11377	assign_strip	OTHER	kind | kind = str(normalized.get("target_kind") or "").strip()
ming_sim/db.py	13824	assign_strip	OTHER	normalized_payload['target_kind'] | normalized_payload["target_kind"] = str(target_kind).strip()
ming_sim/db.py	13826	assign_strip	OTHER	normalized_payload['target_id'] | normalized_payload["target_id"] = str(target_id).strip()
ming_sim/db.py	14394	return_strip	OTHER	return str(row["region_id"] or "").strip()
ming_sim/db.py	15831	assign_strip	OTHER	faction | faction = str(row["faction"] or "").strip()
ming_sim/db.py	15937	assign_strip	OTHER	displaced_name | displaced_name = str(part).split(":", 1)[0].strip()
ming_sim/db.py	15968	assign_strip	OTHER	seat | seat = str(
ming_sim/db.py	17717	assign_strip	OTHER	assignee | assignee = str(payload.get("assignee") or pa["minister_name"] or "").strip()
ming_sim/db.py	18556	assign_strip	OTHER	character_id | character_id = str(entry.get("character_id") or "").strip()
ming_sim/db.py	20326	assign_strip	OTHER	tier | tier = str(tier_value or ("" if strict_structured else "知情")).strip()
ming_sim/db.py	20329	assign_strip	OTHER	delegator | delegator = str(value.get("delegator_id") or value.get("delegator") or "").strip()
ming_sim/db.py	7843	assign_strip	OTHER	proposed_owner | proposed_owner = str(normalized.get("owner_power") or "").strip()
ming_sim/db.py	8428	assign_strip	OTHER	pay_source_region | pay_source_region = str(item.get("pay_source_region") or "").strip()
ming_sim/db.py	11251	assign_strip	OTHER	surface | surface = str(
ming_sim/db.py	11267	assign_strip	OTHER	assignee | assignee = str(
ming_sim/db.py	11381	assign_strip	OTHER	raw | raw = raw.split(":", 1)[1].strip()
ming_sim/db.py	17544	assign_strip	OTHER	office_memory_key | office_memory_key = str(payload.get("name") or "").strip()
ming_sim/db.py	20317	assign_strip	OTHER	character_id | character_id = str(value.get("character_id") or "").strip()
ming_sim/db.py	20320	assign_strip	OTHER	character_id | character_id = str(value.get("character_id") or value.get("name") or "").strip()
ming_sim/db.py	11384	assign_strip	OTHER	raw | raw = raw.split(":", 1)[1].strip()
ming_sim/db.py	7451	assign_strip	FREEISH	text_value | text_value = str(value).strip()
ming_sim/db.py	15221	assign_strip	OTHER	account | account = str(
ming_sim/db.py	8681	assign_strip	FREEISH	text_value | text_value = str(value).strip()
ming_sim/db.py	15308	assign_strip	OTHER	target | target = str(
ming_sim/db.py	15319	assign_strip	OTHER	old_power | old_power = str(person_row["power_id"] or "").strip()
ming_sim/db.py	15244	assign_strip	OTHER	target_id | target_id = str(
ming_sim/db.py	8163	assign_strip	FREEISH	text_value | text_value = str(value).strip()
ming_sim/declaration_dispatch.py	867	assign_strip	OTHER	name | name = str(appointment.get("name") or "").strip()
ming_sim/declaration_dispatch.py	868	assign_strip	OTHER	office | office = str(appointment.get("office") or appointment.get("new_office") or "").strip()
ming_sim/declaration_dispatch.py	888	assign_strip	OTHER	tenure | tenure = str(
ming_sim/declaration_dispatch.py	894	assign_strip	OTHER	seat | seat = str(
ming_sim/declaration_dispatch.py	906	assign_strip	OTHER	kind | kind = str(target_kind or "").strip()
ming_sim/declaration_dispatch.py	907	assign_strip	OTHER	tid | tid = str(target_id or "").strip()
ming_sim/declaration_dispatch.py	944	assign_strip	OTHER	grant_action | grant_action = str(grant.get("grant_action") or grant.get("action") or "").strip()
ming_sim/declaration_dispatch.py	982	assign_strip	OTHER	target_kind | target_kind = str(grant.get("target_kind") or "").strip()
ming_sim/declaration_dispatch.py	983	assign_strip	OTHER	target_id | target_id = str(grant.get("target_id") or "").strip()
ming_sim/declaration_dispatch.py	1032	assign_strip	OTHER	lead | lead = str(
ming_sim/declaration_dispatch.py	1753	assign_strip	OTHER	action_type | action_type = str(
ming_sim/declaration_dispatch.py	1818	assign_strip	OTHER	recommender | recommender = str(
ming_sim/declaration_dispatch.py	1830	assign_strip	OTHER	target | target = str(payload.get("name") or "").strip()
ming_sim/declaration_dispatch.py	1831	assign_strip	OTHER	office | office = str(payload.get("office") or "").strip()
ming_sim/declaration_dispatch.py	2716	assign_strip	OTHER	name | name = str(raw.get("person_name") or "").strip()
ming_sim/declaration_dispatch.py	470	assign_strip	OTHER	event_id | event_id = str(item.get("event_id") or "").strip()
ming_sim/declaration_dispatch.py	1612	assign_strip	OTHER	actor | actor = str(minister_name or payload.get("actor") or "").strip()
ming_sim/declaration_dispatch.py	1667	assign_strip	OTHER	form | form = str(item.get("form") or "").strip()
ming_sim/declaration_dispatch.py	1668	assign_strip	OTHER	endorser_id | endorser_id = str(item.get("endorser_id") or "").strip()
ming_sim/declaration_dispatch.py	1877	assign_strip	OTHER	attendant | attendant = str(item.get("attendant") or item.get("person_name") or "").strip()
ming_sim/declaration_dispatch.py	1927	assign_strip	OTHER	target_kind | target_kind = str(item.get("target_kind") or "").strip()
ming_sim/declaration_dispatch.py	2030	assign_strip	OTHER	person | person = str(item.get("person_name") or item.get("name") or "").strip()
ming_sim/declaration_dispatch.py	2093	assign_strip	OTHER	decision | decision = str(item.get("decision") or "").strip()
ming_sim/declaration_dispatch.py	2308	assign_strip	OTHER	subject_kind | subject_kind = str(item.get("subject_kind") or "").strip()
ming_sim/declaration_dispatch.py	2309	assign_strip	OTHER	subject_id | subject_id = str(item.get("subject_id") or "").strip()
ming_sim/declaration_dispatch.py	2522	assign_strip	OTHER	name | name = str(item.get("person_name") or "").strip()
ming_sim/declaration_dispatch.py	2660	assign_strip	OTHER	source_name | source_name = str(item.get("source") or "").strip()
ming_sim/declaration_dispatch.py	2661	assign_strip	OTHER	target_name | target_name = str(item.get("target") or "").strip()
ming_sim/declaration_dispatch.py	2759	assign_strip	OTHER	name | name = str(item.get("name") or "").strip()
ming_sim/declaration_dispatch.py	2760	assign_strip	OTHER	office | office = str(item.get("office") or "").strip()
ming_sim/declaration_dispatch.py	2761	assign_strip	OTHER	office_type | office_type = str(item.get("office_type") or "").strip()
ming_sim/declaration_dispatch.py	2777	assign_strip	OTHER	seat | seat = str(
ming_sim/declaration_dispatch.py	1120	assign_strip	OTHER	actor | actor = str(minister_name or "").strip()
ming_sim/declaration_dispatch.py	1417	assign_strip	OTHER	target | target = str(pacification.get("target_id") or "").strip()
ming_sim/declaration_dispatch.py	1524	assign_strip	OTHER	payload['region_id'] | payload["region_id"] = str(grant_raw["target_id"]).strip()
ming_sim/declaration_dispatch.py	2456	assign_strip	OTHER	name | name = str(result.get("name") or "").strip()
ming_sim/decree.py	106	assign_strip	OTHER	person_name | person_name = str(item.get("person_name") or "").strip()
ming_sim/decree.py	115	assign_strip	OTHER	name | name = str(arrival.get("name") or "").strip()
ming_sim/decree.py	118	assign_strip	OTHER	location | location = str(arrival.get("location") or "").strip()
ming_sim/decree.py	120	assign_strip	OTHER	wait_loc | wait_loc = str(waiting.get("location") or "").strip()
ming_sim/decree_vocabulary.py	243	assign_strip	OTHER	key | key = str(outcome or "").strip()
ming_sim/decree_vocabulary.py	262	assign_strip	OTHER	key | key = str(value or "").strip()
ming_sim/decree_vocabulary.py	267	assign_strip	OTHER	key | key = str(value or "").strip()
ming_sim/decree_vocabulary.py	272	assign_strip	OTHER	key | key = str(value or "").strip()
ming_sim/decree_vocabulary.py	282	assign_strip	OTHER	verdict | verdict = str(row.get("settlement_verdict") or "").strip()
ming_sim/decree_vocabulary.py	285	assign_strip	OTHER	decision | decision = str(row.get("promulgation_decision") or "").strip()
ming_sim/decree_vocabulary.py	319	assign_strip	OTHER	mode | mode = str(row.get("mode") or "").strip()
ming_sim/decree_vocabulary.py	171	assign_strip	OTHER	grant_action | grant_action = str(payload.get("grant_action") or "").strip()
ming_sim/decree_vocabulary.py	172	assign_strip	OTHER	cadence | cadence = str(payload.get("cadence") or "").strip()
ming_sim/decree_vocabulary.py	310	assign_strip	OTHER	base | base = str(row.get("promulgation_decision") or "").strip()
ming_sim/decree_vocabulary.py	295	assign_strip	OTHER	source | source = str(item.get("source_action") or "").strip()
ming_sim/decree_vocabulary.py	327	assign_strip	OTHER	source | source = str(item.get("source_action") or "").strip()
ming_sim/displaced_population.py	190	assign_strip	OTHER	grant_action | grant_action = str(payload.get("grant_action") or "").strip()
ming_sim/displaced_population.py	193	assign_strip	OTHER	target_kind | target_kind = str(row["target_kind"] or payload.get("target_kind") or "").strip()
ming_sim/displaced_population.py	194	assign_strip	OTHER	region_id | region_id = str(row["target_id"] or payload.get("target_id") or "").strip()
ming_sim/displaced_population.py	199	assign_strip	OTHER	outcome | outcome = str(row["execution_outcome"] or "").strip()
ming_sim/displaced_population.py	202	assign_strip	OTHER	cadence | cadence = str(payload.get("cadence") or "").strip()
ming_sim/due_review.py	49	assign_strip	FREEISH	text | text = str(entry_kind or ENTRY_KIND_STAGED).strip()
ming_sim/due_review.py	77	assign_strip	FREEISH	text | text = str(origin_ref or "").strip()
ming_sim/due_review.py	150	return_strip	OTHER	return str(meta_origin or "").strip()
ming_sim/due_review.py	141	assign_strip	OTHER	raw | raw = str(payload.get("origin_ref") or "").strip()
ming_sim/entities/affair/store.py	483	assign_strip	OTHER	attach | attach = str(raw.get("attach") or "").strip()
ming_sim/entities/affair/store.py	536	assign_strip	FREEISH	text | text = str(origin_ref or "").strip()
ming_sim/entities/affair/store.py	104	assign_strip	OTHER	key | key = str(birth_key or "").strip()
ming_sim/entities/affair/store.py	173	assign_strip	OTHER	key | key = str(parsed.get("birth_key") or "").strip()
ming_sim/entities/affair/store.py	202	assign_strip	OTHER	key | key = str(parsed.get("birth_key") or "").strip()
ming_sim/entities/affair/store.py	405	assign_strip	OTHER	origin_ref | origin_ref = str(item.get("origin_ref") or item.get("来源引用") or "").strip()
ming_sim/entities/affair/store.py	497	assign_strip	OTHER	key | key = str(raw.get("birth_key") or "").strip()
ming_sim/entities/affair/store.py	498	assign_strip	OTHER	identity | identity = str(raw.get("identity") or "").strip()
ming_sim/entities/affair/store.py	444	assign_strip	OTHER	origin | origin = str(row["origin_ref"] or "").strip()
ming_sim/entities/staged_declaration/store.py	91	assign_strip	OTHER	ref | ref = str(decree_ref or "").strip()
ming_sim/entities/staged_declaration/store.py	132	assign_strip	OTHER	ref | ref = str(decree_ref or "").strip()
ming_sim/entities/staged_declaration/store.py	161	assign_strip	OTHER	ref | ref = str(decree_ref or "").strip()
ming_sim/entities/staged_declaration/store.py	180	assign_strip	OTHER	ref | ref = str(decree_ref or "").strip()
ming_sim/entities/staged_declaration/store.py	189	assign_strip	OTHER	ref | ref = str(decree_ref or "").strip()
ming_sim/entities/staged_declaration/store.py	209	assign_strip	OTHER	ref | ref = str(decree_ref or "").strip()
ming_sim/entities/staged_declaration/store.py	228	assign_strip	OTHER	ref | ref = str(decree_ref or "").strip()
ming_sim/entities/staged_declaration/store.py	242	assign_strip	OTHER	ref | ref = str(decree_ref or "").strip()
ming_sim/entities/textual_fact/store.py	127	assign_strip	OTHER	kind | kind = str(subject_kind or "").strip()
ming_sim/entities/textual_fact/store.py	132	assign_strip	OTHER	target | target = str(subject_id or "").strip()
ming_sim/error_pack.py	72	return_strip	FREEISH	return Path(bundled_path("VERSION")).read_text(encoding="utf-8").strip()
ming_sim/execution_pressure.py	52	assign_strip	FREEISH	text | text = str(raw).strip()
ming_sim/execution_pressure.py	71	assign_strip	OTHER	tid | tid = str(target_id or "").strip()
ming_sim/execution_pressure.py	159	assign_strip	OTHER	kind | kind = str(target_kind or "").strip()
ming_sim/execution_pressure.py	252	assign_strip	OTHER	target_kind | target_kind = str(payload.get("target_kind") or "").strip()
ming_sim/execution_pressure.py	253	assign_strip	OTHER	target_id | target_id = str(payload.get("target_id") or "").strip()
ming_sim/executor_routing.py	30	assign_strip	OTHER	action | action = str(action_type or "").strip()
ming_sim/executor_routing.py	114	assign_strip	OTHER	assignee | assignee = str(canonical_payload.get("assignee_id") or "").strip()
ming_sim/executor_routing.py	38	assign_strip	OTHER	punish_action | punish_action = str((payload or {}).get("punish_action") or "").strip()
ming_sim/executor_routing.py	70	assign_strip	OTHER	token | token = str(entry.get("category") or "").strip()
ming_sim/executor_routing.py	98	assign_strip	OTHER	who | who = str(target_id or "").strip()
ming_sim/executor_routing.py	128	assign_strip	OTHER	name | name = str(entry.get("character_id") or "").strip()
ming_sim/flows.py	792	assign_strip	OTHER	move_origin_ref | move_origin_ref = str(move.get("origin_ref") or "").strip()
ming_sim/flows.py	793	assign_strip	OTHER	effective_origin_ref | effective_origin_ref = str(origin_ref or move_origin_ref).strip()
ming_sim/flows.py	807	assign_strip	FREEISH	raw_purpose | raw_purpose = str(move.get("purpose") or "").strip()
ming_sim/flows.py	808	assign_strip	OTHER	raw_target_kind | raw_target_kind = str(move.get("target_kind") or "").strip()
ming_sim/flows.py	809	assign_strip	OTHER	raw_target_id | raw_target_id = str(move.get("target_id") or "").strip()
ming_sim/flows.py	1548	assign_strip	OTHER	source | source = str(item.get("source") or "").strip()
ming_sim/flows.py	1549	assign_strip	OTHER	target | target = str(item.get("target") or "").strip()
ming_sim/flows.py	1573	assign_strip	FREEISH	reason | reason = str(item.get("reason") or "").strip()
ming_sim/flows.py	1599	assign_strip	OTHER	origin_ref | origin_ref = str(item.get("origin_ref") or "").strip()
ming_sim/highlight_judge.py	26	assign_strip	FREEISH	text | text = str(raw or "").strip()
ming_sim/issues.py	114	assign_strip	OTHER	op | op = str(item.get("动作") or item.get("op") or "").strip()
ming_sim/issues.py	232	assign_strip	FREEISH	text | text = str(origin_ref or "").strip()
ming_sim/issues.py	255	return_strip	OTHER	return str(
ming_sim/issues.py	321	assign_strip	OTHER	person | person = str(item.get("name") or item.get("人物") or "").strip()
ming_sim/issues.py	322	assign_strip	OTHER	target | target = str(payload.get("_minister_name") or payload.get("minister_name") or dossier.get("target_id") or "").strip()
ming_sim/issues.py	323	assign_strip	OTHER	payload_action | payload_action = str(payload.get("_office_action") or "").strip()
ming_sim/issues.py	324	assign_strip	OTHER	item_action | item_action = str(item.get("动作") or item.get("action") or "").strip()
ming_sim/issues.py	366	return_strip	OTHER	return str(raw).strip()
ming_sim/issues.py	421	assign_strip	OTHER	stored_ref | stored_ref = str(row["origin_ref"] or "").strip()
ming_sim/issues.py	506	assign_strip	FREEISH	text | text = str(resolve_condition or "").strip()
ming_sim/issues.py	516	assign_strip	FREEISH	text | text = str(resolve_condition or "").strip()
ming_sim/issues.py	805	assign_strip	OTHER	account | account = str(create.get("account") or "").strip()
ming_sim/issues.py	842	assign_strip	OTHER	account | account = str(create.get("account") or "").strip()
ming_sim/issues.py	1217	assign_strip	OTHER	eid | eid = str(event_id or "").strip()
ming_sim/issues.py	1227	assign_strip	OTHER	raw | raw = str(raw_label or "").strip()
ming_sim/issues.py	2695	assign_strip	OTHER	transit_to | transit_to = str(item.get("transit_to") or "").strip()
ming_sim/issues.py	3133	assign_strip	OTHER	dur_key | dur_key = str(legacy.get("duration") or "2年").strip()
ming_sim/issues.py	3525	return_strip	OTHER	return str(
ming_sim/issues.py	3614	return_strip	OTHER	return str(raw or "").strip()
ming_sim/issues.py	3635	assign_strip	OTHER	eid | eid = str(event_id or "").strip()
ming_sim/issues.py	4200	assign_strip	OTHER	eid | eid = str(event_id or "").strip()
ming_sim/issues.py	4306	assign_strip	OTHER	action | action = str(item.get("动作") or item.get("action") or "").strip()
ming_sim/issues.py	5530	assign_strip	OTHER	new_seat | new_seat = str(region_id or "").strip()
ming_sim/issues.py	5892	assign_strip	OTHER	name | name = str(name or "").strip()
ming_sim/issues.py	5893	assign_strip	OTHER	new_office | new_office = str(new_office or "").strip()
ming_sim/issues.py	6871	assign_strip	OTHER	action | action = str(source.get("动作") or source.get("action") or result.get("动作") or "").strip()
ming_sim/issues.py	7089	assign_strip	OTHER	pid | pid = str(power_id or "").strip()
ming_sim/issues.py	7533	assign_strip	OTHER	origin_ref | origin_ref = str(raw_changes.get("origin_ref") or "").strip()
ming_sim/issues.py	9191	assign_strip	OTHER	token | token = fate.strip()
ming_sim/issues.py	119	assign_strip	OTHER	holder_id | holder_id = str(item.get("holder_id") or "").strip()
ming_sim/issues.py	120	assign_strip	OTHER	privilege | privilege = str(item.get("privilege") or item.get("权项") or "").strip()
ming_sim/issues.py	121	assign_strip	OTHER	scope | scope = str(item.get("scope") or item.get("事域") or "").strip()
ming_sim/issues.py	363	return_strip	OTHER	return raw.strip()
ming_sim/issues.py	382	assign_strip	OTHER	key | key = key.strip()
ming_sim/issues.py	387	assign_strip	FREEISH	cond_text | cond_text = cond.strip()
ming_sim/issues.py	544	assign_strip	FREEISH	cond_text | cond_text = str(cond or "").strip()
ming_sim/issues.py	765	assign_strip	OTHER	raw | raw = str(value or "").strip()
ming_sim/issues.py	929	assign_strip	OTHER	name | name = str(item.get("name") or item.get("人物") or "").strip()
ming_sim/issues.py	930	assign_strip	OTHER	action | action = str(item.get("动作") or item.get("action") or "").strip()
ming_sim/issues.py	1681	assign_strip	OTHER	cond | cond = str(raw_cond).strip()
ming_sim/issues.py	2049	assign_strip	OTHER	cond | cond = str(cond).strip()  # 非字符串条件值(JSON 漏引号写成 60/True)先 str 强转，不 .strip() 崩（PR#107 gemini）
ming_sim/issues.py	2770	assign_strip	FREEISH	value_text | value_text = str(value or "").strip()
ming_sim/issues.py	2779	assign_strip	OTHER	pid | pid = str(power_id or "").strip()
ming_sim/issues.py	2834	assign_strip	OTHER	current_office | current_office = row_value(row, "office").strip()
ming_sim/issues.py	2835	assign_strip	OTHER	current_office_type | current_office_type = row_value(row, "office_type").strip()
ming_sim/issues.py	2845	assign_strip	FREEISH	title | title = str(item.get("new_title") or item.get("title") or "").strip()
ming_sim/issues.py	2848	assign_strip	OTHER	way | way = str(item.get("方式") or item.get("way") or "").strip()
ming_sim/issues.py	2854	assign_strip	OTHER	name | name = str(item.get("name") or "").strip()
ming_sim/issues.py	2855	assign_strip	OTHER	action | action = str(item.get("动作") or "").strip()
ming_sim/issues.py	3491	assign_strip	OTHER	event_id | event_id = str(item.get("id") or item.get("origin_ref") or "").strip()
ming_sim/issues.py	3637	assign_strip	OTHER	key_s | key_s = str(key).strip()
ming_sim/issues.py	4895	assign_strip	OTHER	origin_ref | origin_ref = str(ni.get("origin_ref") or "").strip()
ming_sim/issues.py	5449	assign_strip	OTHER	origin_ref | origin_ref = str(row["origin_ref"] or "").strip()
ming_sim/issues.py	5585	assign_strip	OTHER	archived_seat | archived_seat = str(db.character_office_region(row["name"]) or "").strip()
ming_sim/issues.py	6131	assign_strip	OTHER	name | name = str(result.get("name") or "").strip()
ming_sim/issues.py	6132	assign_strip	OTHER	action | action = str(result.get("动作") or result.get("action") or "").strip()
ming_sim/issues.py	6160	assign_strip	FREEISH	title | title = str(item.get("new_title") or item.get("title") or "").strip()
ming_sim/issues.py	6163	assign_strip	OTHER	way | way = str(item.get("方式") or item.get("way") or "").strip()
ming_sim/issues.py	6210	assign_strip	OTHER	name | name = str(item.get("name") or "").strip()
ming_sim/issues.py	6211	assign_strip	OTHER	action | action = str(item.get("动作") or "").strip()
ming_sim/issues.py	7012	assign_strip	OTHER	region_id | region_id = str(item.get("region_id") or "").strip()
ming_sim/issues.py	7050	assign_strip	OTHER	origin_ref | origin_ref = str(item.get("origin_ref") or "").strip()
ming_sim/issues.py	7146	assign_strip	OTHER	region_id | region_id = str(item.get("region_id") or "").strip()
ming_sim/issues.py	7147	assign_strip	OTHER	power_id | power_id = str(item.get("power_id") or "").strip()
ming_sim/issues.py	7148	assign_strip	OTHER	origin_ref | origin_ref = str(item.get("origin_ref") or "").strip()
ming_sim/issues.py	7663	assign_strip	OTHER	identity | identity = str(parsed.get("identity") or "").strip()
ming_sim/issues.py	8385	assign_strip	OTHER	origin_ref | origin_ref = str(raw_changes.get("origin_ref") or "").strip()
ming_sim/issues.py	8520	assign_strip	OTHER	event_id | event_id = str(new_issue.get("id") or "").strip()
ming_sim/issues.py	8544	assign_strip	OTHER	event_id | event_id = str(new_issue.get("id") or "").strip()
ming_sim/issues.py	8644	assign_strip	OTHER	key | key = str(remove.get("key") or "").strip()
ming_sim/issues.py	8684	assign_strip	OTHER	origin_ref | origin_ref = str(remove.get("origin_ref") or "").strip()
ming_sim/issues.py	8725	assign_strip	OTHER	direction_raw | direction_raw = str(create.get("direction") or "").strip()
ming_sim/issues.py	8727	assign_strip	OTHER	key | key = str(create.get("key") or "").strip()
ming_sim/issues.py	8728	assign_strip	OTHER	account | account = str(create.get("account") or "").strip()
ming_sim/issues.py	8758	assign_strip	OTHER	origin_ref | origin_ref = str(create.get("origin_ref") or "").strip()
ming_sim/issues.py	8830	assign_strip	OTHER	key | key = str(change.get("key") or "").strip()
ming_sim/issues.py	8876	assign_strip	OTHER	origin_ref | origin_ref = str(change.get("origin_ref") or "").strip()
ming_sim/issues.py	705	assign_strip	OTHER	army_id | army_id = army_id.strip()
ming_sim/issues.py	879	assign_strip	OTHER	name | name = str(item.get("name") or item.get("人物") or "").strip()
ming_sim/issues.py	902	assign_strip	OTHER	name | name = str(item.get("name") or item.get("人物") or "").strip()
ming_sim/issues.py	903	assign_strip	OTHER	action | action = str(item.get("动作") or item.get("action") or "").strip()
ming_sim/issues.py	914	assign_strip	OTHER	name | name = str(item.get("name") or item.get("人物") or "").strip()
ming_sim/issues.py	3289	assign_strip	OTHER	power_id | power_id = str(item.get("power_id") or "").strip()
ming_sim/issues.py	3290	assign_strip	OTHER	new_name | new_name = str(item.get("new_name") or "").strip()
ming_sim/issues.py	3988	assign_strip	OTHER	action | action = str(item.get("动作") or item.get("action") or "").strip()
ming_sim/issues.py	4642	assign_strip	OTHER	candidate_id | candidate_id = str(ni.get("candidate_id") or "").strip()
ming_sim/issues.py	4714	assign_strip	OTHER	event_id | event_id = str(ni.get("id") or ni.get("origin_ref") or "").strip()
ming_sim/issues.py	5415	assign_strip	OTHER	origin_ref_c | origin_ref_c = str(row["origin_ref"] or "").strip()
ming_sim/issues.py	6173	assign_strip	OTHER	name_part | name_part = str(part).split(":", 1)[0].strip()
ming_sim/issues.py	6397	assign_strip	OTHER	current_office | current_office = str(row["office"] or "").strip()
ming_sim/issues.py	6398	assign_strip	OTHER	current_office_type | current_office_type = str(row["office_type"] or "").strip()
ming_sim/issues.py	6468	assign_strip	OTHER	row_power_id | row_power_id = str(row["power_id"] or "").strip()
ming_sim/issues.py	6589	assign_strip	OTHER	way | way = str(item.get("方式") or item.get("way") or "").strip()
ming_sim/issues.py	6623	assign_strip	OTHER	old_power | old_power = str(row["power_id"] or "").strip()
ming_sim/issues.py	6773	assign_strip	OTHER	prior_transit | prior_transit = str(row["transit_to"] or "").strip()
ming_sim/issues.py	6774	assign_strip	OTHER	prior_location | prior_location = str(row["location"] or "").strip()
ming_sim/issues.py	6911	assign_strip	OTHER	character_id | character_id = str(item.get("character_id") or "").strip()
ming_sim/issues.py	6912	assign_strip	OTHER	delegator_id | delegator_id = str(item.get("delegator_id") or "").strip()
ming_sim/issues.py	6913	assign_strip	OTHER	tier | tier = str(item.get("tier") or "").strip()
ming_sim/issues.py	7779	assign_strip	OTHER	outcome | outcome = str(item.get("outcome") or "").strip()
ming_sim/issues.py	7970	assign_strip	OTHER	name | name = str(item.get("name") or "").strip()
ming_sim/issues.py	7980	assign_strip	OTHER	old_power | old_power = str(row["power_id"] or "").strip()
ming_sim/issues.py	7997	assign_strip	FREEISH	explicit_title | explicit_title = str(item.get("new_title") or item.get("title") or "").strip()
ming_sim/issues.py	8154	assign_strip	OTHER	origin_ref | origin_ref = str(army_item.get("origin_ref") or "").strip()
ming_sim/issues.py	8164	assign_strip	OTHER	origin_ref | origin_ref = str(raw_changes.get("origin_ref") or "").strip()
ming_sim/issues.py	8288	assign_strip	OTHER	origin_ref | origin_ref = str(army_item.get("origin_ref") or "").strip()
ming_sim/issues.py	8299	assign_strip	OTHER	origin_ref | origin_ref = str(raw_changes.get("origin_ref") or "").strip()
ming_sim/issues.py	8515	assign_strip	OTHER	event_id | event_id = str(new_issue.get("id") or "").strip()
ming_sim/issues.py	8570	assign_strip	OTHER	origin_ref | origin_ref = str(item.get("origin_ref") or "").strip()
ming_sim/issues.py	8577	assign_strip	OTHER	origin_ref | origin_ref = str(raw_changes.get("origin_ref") or "").strip()
ming_sim/issues.py	8606	assign_strip	OTHER	origin_ref | origin_ref = str(raw_changes.get("origin_ref") or "").strip()
ming_sim/issues.py	2873	assign_strip	OTHER	status | status = str(item.get("status") or "").strip()
ming_sim/issues.py	3821	assign_strip	OTHER	new_controller | new_controller = str(value).strip()
ming_sim/issues.py	6471	assign_strip	FREEISH	content_power_id | content_power_id = str(getattr(content.characters[name], "power_id", "") or "").strip()
ming_sim/issues.py	6479	assign_strip	OTHER	result['new_office'] | result["new_office"] = new_office.strip()
ming_sim/issues.py	2899	assign_strip	OTHER	way | way = str(item.get("方式") or item.get("way") or "").strip()
ming_sim/issues.py	2910	assign_strip	OTHER	new_power | new_power = str(item.get("new_power") or "").strip()
ming_sim/issues.py	5082	assign_strip	OTHER	tier | tier = str(participant.get("tier") or participant.get("档") or "知情").strip()
ming_sim/issues.py	6662	assign_strip	OTHER	action_type | action_type = str(dossier.get("action_type") or "").strip()
ming_sim/issues.py	2937	assign_strip	OTHER	new_office | new_office = str(item.get("office") or item.get("new_office") or "").strip()
ming_sim/issues.py	6685	assign_strip	OTHER	bound_target | bound_target = str(
ming_sim/knowledge.py	38	assign_strip	OTHER	origin_ref | origin_ref = str(issue["origin_ref"] or "").strip()
ming_sim/knowledge.py	76	assign_strip	OTHER	stripped | stripped = name.strip()
ming_sim/llm_config.py	56	assign_strip	OTHER	key | key = str(value or "").strip()
ming_sim/llm_config.py	63	assign_strip	OTHER	key | key = str(value or "").strip()
ming_sim/llm_config.py	299	return_strip	OTHER	return (level or "").strip()
ming_sim/llm_config.py	342	assign_strip	OTHER	api_key | api_key = (api_key or os.environ.get("OPENAI_API_KEY", "")).strip()
ming_sim/llm_config.py	361	assign_strip	OTHER	adv_base | adv_base = (advanced_base_url or "").strip()
ming_sim/llm_config.py	325	return_strip	OTHER	return (os.environ.get("MING_SIM_CODEX_MODEL") or CODEX_DEFAULT_MODEL).strip()
ming_sim/llm_config.py	327	return_strip	OTHER	return (os.environ.get("MING_SIM_CLAUDE_MODEL") or CLAUDE_DEFAULT_MODEL).strip()
ming_sim/llm_config.py	355	assign_strip	OTHER	api_key | api_key = getpass.getpass("请输入 API key（不会保存，回车取消）：").strip()
ming_sim/llm_model.py	214	assign_strip	OTHER	cli_model | cli_model = (getattr(llm_config, "cli_model", "") or "").strip()
ming_sim/llm_model.py	242	assign_strip	OTHER	line | line = raw.split("#", 1)[0].strip()
ming_sim/matching.py	32	assign_strip	OTHER	raw | raw = str(token or "").strip()
ming_sim/matching.py	53	assign_strip	OTHER	raw | raw = str(location or "").strip()
ming_sim/matching.py	102	assign_strip	FREEISH	text | text = str(raw).strip()
ming_sim/matching.py	202	assign_strip	FREEISH	text | text = str(raw).strip()
ming_sim/materials.py	97	assign_strip	FREEISH	clean | clean = _UNSAFE.sub("_", text).strip()
ming_sim/materials.py	130	assign_strip	OTHER	raw | raw = str(rel or "").strip()
ming_sim/materials.py	75	assign_strip	OTHER	name | name = str(raw or "").strip()
ming_sim/materials.py	299	assign_strip	FREEISH	text | text = str(value or "").strip()
ming_sim/materials.py	2262	assign_strip	FREEISH	status_text | status_text = str(status or "").strip()
ming_sim/models.py	77	assign_strip	OTHER	account | account = str(item.get("account") or "").strip()
ming_sim/models.py	182	assign_strip	OTHER	name | name = str(item.get("name") or item.get("人物") or "").strip()
ming_sim/models.py	183	assign_strip	OTHER	action | action = str(item.get("动作") or item.get("action") or "").strip()
ming_sim/models.py	145	assign_strip	OTHER	category | category = str(op.get("category") or "").strip()
ming_sim/month_chain.py	1082	assign_strip	OTHER	who | who = str(name or "").strip()
ming_sim/month_chain.py	1779	assign_strip	OTHER	decision | decision = str(
ming_sim/month_chain.py	1620	assign_strip	OTHER	event_id | event_id = str(ev.id or "").strip()
ming_sim/month_chain.py	1627	assign_strip	OTHER	echoed | echoed = str(question.get("event_id") or "").strip()
ming_sim/month_chain.py	1628	assign_strip	OTHER	origin_ref | origin_ref = str(question.get("origin_ref") or "").strip()
ming_sim/month_chain.py	1188	assign_strip	OTHER	who | who = str((order.get(side) or {}).get("name") or "").strip()
ming_sim/month_translate.py	112	assign_strip	OTHER	grounding | grounding = str(request.target_grounding or "").strip()
ming_sim/office_rank.py	31	assign_strip	FREEISH	text | text = str(office or "").strip()
ming_sim/office_rank.py	34	assign_strip	FREEISH	text | text = re.sub(r"^(?:前|原任|原)", "", text).strip()
ming_sim/office_rank.py	69	assign_strip	FREEISH	text | text = str(title or "").strip()
ming_sim/office_rank.py	107	assign_strip	OTHER	declared | declared = str(office_type or "").strip()
ming_sim/office_rank.py	108	assign_strip	FREEISH	raw_title | raw_title = str(office or "").strip()
ming_sim/office_rank.py	174	assign_strip	OTHER	person | person = str(name or "").strip()
ming_sim/office_rank.py	175	assign_strip	OTHER	target | target = str(new_office or "").strip()
ming_sim/office_rank.py	176	assign_strip	OTHER	target_type | target_type = str(new_office_type or "").strip()
ming_sim/office_rank.py	39	assign_strip	OTHER	part | part = segment.strip()
ming_sim/office_rank.py	187	assign_strip	FREEISH	current_title | current_title = str(row["office"] or "").strip()
ming_sim/office_rank.py	188	assign_strip	OTHER	current_type | current_type = str(row["office_type"] or "").strip()
ming_sim/office_rank.py	47	assign_strip	OTHER	clean | clean = part[:pollution_at].strip()
ming_sim/office_rank.py	83	assign_strip	OTHER	token | token = str(stem or "").strip()
ming_sim/office_rank.py	138	assign_strip	OTHER	token | token = str(stem or "").strip()
ming_sim/office_rank.py	206	assign_strip	OTHER	current_type | current_type = str(archived["office_type"] or "").strip()
ming_sim/participant_roster.py	52	assign_strip	OTHER	n | n = str(name or "").strip()
ming_sim/participant_roster.py	84	assign_strip	OTHER	executor_id | executor_id = str(dossier.get("executor_id") or "").strip()
ming_sim/participant_roster.py	85	assign_strip	OTHER	executor_kind | executor_kind = str(dossier.get("executor_kind") or "").strip()
ming_sim/participant_roster.py	124	assign_strip	OTHER	lead | lead = str(item.get("character_id") or "").strip()
ming_sim/participant_roster.py	134	assign_strip	OTHER	delegator | delegator = str(item.get("delegator_id") or "").strip()
ming_sim/participant_roster.py	81	assign_strip	OTHER	name | name = str(entry.get("character_id") or "").strip()
ming_sim/paths.py	44	assign_strip	OTHER	override | override = os.environ.get("MING_SIM_USER_DATA_DIR", "").strip()
ming_sim/pay_order.py	174	assign_strip	OTHER	rid | rid = str(region_id or "").strip()
ming_sim/pay_order.py	310	assign_strip	OTHER	origin | origin = str(origin_ref or "").strip()
ming_sim/person_archive_contract.py	92	assign_strip	OTHER	raw | raw = str(value or "").strip()
ming_sim/person_archive_contract.py	103	assign_strip	OTHER	raw | raw = str(value or "").strip()
ming_sim/person_archive_contract.py	125	assign_strip	OTHER	status_key | status_key = str(status or "").strip()
ming_sim/person_archive_contract.py	126	assign_strip	OTHER	action_key | action_key = str(action or "").strip()
ming_sim/public_sayings.py	178	assign_strip	OTHER	name | name = str(involved_character).strip()
ming_sim/recommendations.py	152	assign_strip	OTHER	name | name = str(snapshot.get("name") or "").strip()
ming_sim/recommendations.py	204	assign_strip	OTHER	source | source = str(recommender or "").strip()
ming_sim/recommendations.py	205	assign_strip	OTHER	target | target = str(candidate or "").strip()
ming_sim/registry.py	52	assign_strip	FREEISH	scene_prompt | scene_prompt = str(getattr(content, "scene_agent_prompt", "") or "").strip()
ming_sim/relation_read.py	71	assign_strip	OTHER	name | name = str(viewer).strip()
ming_sim/relations.py	132	assign_strip	OTHER	kind | kind = str(event_kind or "").strip()
ming_sim/relations.py	162	assign_strip	OTHER	person | person = str(
ming_sim/relations.py	222	assign_strip	OTHER	source | source = raw_source.strip()
ming_sim/relations.py	240	assign_strip	OTHER	name | name = candidate.strip()
ming_sim/rescript_actions.py	58	assign_strip	OTHER	raw | raw = str(key or "").strip()
ming_sim/rescript_actions.py	81	assign_strip	OTHER	decision_key | decision_key = str(raw.get("decision_key") or "").strip()
ming_sim/rescript_actions.py	85	assign_strip	OTHER	action | action = str(raw.get("action") or raw.get("dossier_decision") or "").strip()
ming_sim/rescript_actions.py	89	assign_strip	OTHER	cap | cap = str(raw.get("draft_capability") or "").strip()
ming_sim/rescript_actions.py	655	assign_strip	OTHER	action_type | action_type = str(src.get("action_type") or "").strip()
ming_sim/rescript_actions.py	660	assign_strip	OTHER	target_kind | target_kind = str(src.get("target_kind") or "").strip()
ming_sim/rescript_actions.py	661	assign_strip	OTHER	target_id | target_id = str(src.get("target_id") or "").strip()
ming_sim/rescript_actions.py	672	assign_strip	OTHER	assignee_name | assignee_name = str(src.get("assignee_name") or src.get("assignee") or "").strip()
ming_sim/rescript_actions.py	673	assign_strip	OTHER	region_id | region_id = str(src.get("region_id") or "").strip()
ming_sim/rescript_actions.py	686	assign_strip	OTHER	decision_key | decision_key = str(src.get("decision_key") or "").strip()
ming_sim/rescript_actions.py	1004	assign_strip	OTHER	assignee | assignee = str(normalized.get("assignee_id") or "").strip()
ming_sim/rescript_actions.py	1030	assign_strip	OTHER	actor | actor = str(item.row.get("actor_name") or "").strip()
ming_sim/rescript_actions.py	1199	assign_strip	OTHER	dkey | dkey = str(directive_identity or "").strip()
ming_sim/rescript_actions.py	194	assign_strip	OTHER	cap | cap = str(opt.get("draft_capability") or "").strip()
ming_sim/rescript_actions.py	277	assign_strip	OTHER	key | key = str(raw.get("decision_key") or "").strip()
ming_sim/rescript_actions.py	705	assign_strip	OTHER	cat | cat = str(src.get("transaction_category") or "").strip()
ming_sim/rescript_actions.py	1091	assign_strip	OTHER	name | name = raw.strip()
ming_sim/rescript_actions.py	438	assign_strip	OTHER	label | label = str(req.get("label") or "").strip()
ming_sim/rescript_actions.py	486	assign_strip	OTHER	cap | cap = str(req.get("draft_capability") or "").strip()
ming_sim/rescript_actions.py	511	assign_strip	OTHER	at | at = str(req.get("action_type") or "").strip()
ming_sim/rescript_actions.py	561	assign_strip	OTHER	target | target = str(req.get("summon_target") or "").strip()
ming_sim/rescript_actions.py	762	assign_strip	OTHER	office | office = str(src.get("office") or "").strip()
ming_sim/rescript_actions.py	765	assign_strip	OTHER	cat | cat = str(src.get("transaction_category") or "").strip()
ming_sim/rescript_actions.py	1331	assign_strip	OTHER	action | action = str(item.choice.get("action") or "").strip()
ming_sim/rescript_actions.py	1366	assign_strip	OTHER	event_id | event_id = str(item.row.get("event_id") or "").strip()
ming_sim/rescript_actions.py	1397	assign_strip	OTHER	cap | cap = str(item.choice.get("draft_capability") or "").strip()
ming_sim/rescript_actions.py	1455	assign_strip	OTHER	target | target = str(item.choice.get("summon_target") or "").strip()
ming_sim/rescript_actions.py	571	assign_strip	FREEISH	req['summon_target'] | req["summon_target"] = str(detail).strip()
ming_sim/rescript_actions.py	834	assign_strip	OTHER	appoint_action | appoint_action = str(src.get("appoint_action") or "").strip()
ming_sim/rescript_actions.py	837	assign_strip	OTHER	office | office = str(src.get("office") or "").strip()
ming_sim/rescript_actions.py	838	assign_strip	OTHER	name | name = str(src.get("name") or "").strip()
ming_sim/rescript_actions.py	862	assign_strip	OTHER	tenure | tenure = str(src.get("appointment_tenure") or "").strip()
ming_sim/rescript_actions.py	828	assign_strip	OTHER	surface | surface = str(src.get("execution_surface") or "in_transit").strip()
ming_sim/rescript_actions.py	871	assign_strip	OTHER	pa | pa = str(src.get("punish_action") or "").strip()
ming_sim/rescript_actions.py	874	assign_strip	OTHER	name | name = str(src.get("name") or "").strip()
ming_sim/rescript_actions.py	918	assign_strip	OTHER	priv | priv = str(src.get("privilege") or "").strip()
ming_sim/rescript_actions.py	907	assign_strip	OTHER	holder | holder = str(src.get(k) or "").strip()
ming_sim/rescript_actions.py	933	assign_strip	OTHER	name | name = str(src.get("name") or "").strip()
ming_sim/rescript_draft.py	1106	assign_strip	OTHER	kind | kind = str(raw_option.get("target_kind") or "").strip()
ming_sim/rescript_draft.py	1107	assign_strip	OTHER	tid | tid = str(raw_option.get("target_id") or "").strip()
ming_sim/rescript_draft.py	452	return_strip	OTHER	return str(val).strip()
ming_sim/rescript_draft.py	495	assign_strip	OTHER	got | got = str(out.get("target_kind") or "").strip()
ming_sim/rescript_draft.py	755	assign_strip	OTHER	action_type | action_type = str(out["action_type"]).strip()
ming_sim/rescript_draft.py	776	assign_strip	OTHER	target_kind | target_kind = str(out["target_kind"]).strip()
ming_sim/rescript_draft.py	964	assign_strip	OTHER	resolved_ga | resolved_ga = str(out.get("grant_action") or "").strip()
ming_sim/rescript_draft.py	1068	assign_strip	FREEISH	text | text = match.group(1).strip()
ming_sim/rescript_draft.py	1070	assign_strip	FREEISH	text | text = raw.strip()
ming_sim/rescript_draft.py	478	assign_strip	FREEISH	text | text = str(val).strip()
ming_sim/rescript_draft.py	919	assign_strip	OTHER	grant_kind | grant_kind = str(raw["grant_kind"]).strip()
ming_sim/rescript_draft.py	922	assign_strip	OTHER	raw_ga | raw_ga = str(raw["grant_action"]).strip()
ming_sim/rescript_draft.py	983	assign_strip	OTHER	field | field = str(getattr(exc, "field", "") or "").strip()
ming_sim/session.py	89	assign_strip	OTHER	campaign_id | campaign_id = (campaign_id or "").strip()
ming_sim/session.py	281	assign_strip	OTHER	name | name = str(name or "").strip()
ming_sim/session.py	282	assign_strip	OTHER	office | office = str(office or "").strip()
ming_sim/session.py	283	assign_strip	OTHER	office_type | office_type = str(office_type or "").strip()
ming_sim/session.py	292	assign_strip	OTHER	faction_value | faction_value = str(faction or "中立").strip()
ming_sim/session.py	295	assign_strip	OTHER	seat | seat = str(region_id or "").strip()
ming_sim/session.py	361	assign_strip	OTHER	n | n = str(name or "").strip()
ming_sim/session.py	377	assign_strip	OTHER	clean_name | clean_name = str(name or "").strip()
ming_sim/session.py	404	assign_strip	OTHER	normalized_faction | normalized_faction = str(faction or "中立").strip()
ming_sim/session.py	430	assign_strip	OTHER	name | name = str(data.get("name") or "").strip()
ming_sim/session.py	431	assign_strip	OTHER	office | office = str(data.get("office") or "").strip()
ming_sim/session.py	457	assign_strip	OTHER	replaces | replaces = str(data.get("replaces") or "").strip()
ming_sim/session.py	840	assign_strip	FREEISH	clean_name | clean_name = str(name_or_text or "").strip()
ming_sim/session.py	1159	assign_strip	OTHER	fragment | fragment = str(xuan_fragment).strip()
ming_sim/session.py	2012	assign_strip	OTHER	raw | raw = str(name or "").strip()
ming_sim/session.py	2164	assign_strip	OTHER	target | target = str(item.choice.get("summon_target") or "").strip()
ming_sim/session.py	2308	assign_strip	OTHER	dk | dk = str(recovered.get("decision_key") or "").strip()
ming_sim/session.py	2432	assign_strip	OTHER	campaign_id | campaign_id = (self.db.kv_get("campaign_id") or "").strip()
ming_sim/settlement_payload.py	37	assign_strip	OTHER	label | label = str(option.get("label") or "").strip()
ming_sim/settlement_payload.py	98	assign_strip	OTHER	explicit_event_id | explicit_event_id = str(obj.get("event_id") or "").strip()
ming_sim/settlement_payload.py	99	assign_strip	OTHER	origin_ref | origin_ref = str(obj.get("origin_ref") or "").strip()
ming_sim/settlement_payload.py	191	assign_strip	OTHER	event_id | event_id = str(item.get("id") or "").strip()
ming_sim/settlement_payload.py	192	assign_strip	FREEISH	title | title = str(item.get("title") or "").strip()
ming_sim/settlement_payload.py	202	assign_strip	OTHER	explicit | explicit = str(out.get("event_id") or "").strip()
ming_sim/settlement_payload.py	213	assign_strip	FREEISH	title | title = str(out.get("title") or "").strip()
ming_sim/situation_drift.py	366	assign_strip	OTHER	commitment_kind | commitment_kind = str(row["commitment_kind"] if "commitment_kind" in row.keys() else "").strip()
ming_sim/staged_commitment.py	41	assign_strip	FREEISH	text | text = raw.strip()
ming_sim/staged_commitment.py	99	assign_strip	FREEISH	text | text = stages.strip()
ming_sim/structured_decree.py	212	assign_strip	OTHER	action_type | action_type = _as_str(payload.get("action_type") or "").strip()
ming_sim/structured_decree.py	213	assign_strip	OTHER	dossier_action_type | dossier_action_type = _as_str(payload.get("dossier_action_type") or "").strip()
ming_sim/structured_decree.py	228	assign_strip	OTHER	target_kind | target_kind = _as_str(payload.get("target_kind") or "").strip()
ming_sim/structured_decree.py	229	assign_strip	OTHER	target_id | target_id = _as_str(payload.get("target_id") or "").strip()
ming_sim/structured_decree.py	261	assign_strip	OTHER	region_id | region_id = _as_str(payload.get("region_id") or "").strip()
ming_sim/structured_decree.py	279	assign_strip	OTHER	cat | cat = _as_str(payload.get("transaction_category") or "").strip()
ming_sim/structured_decree.py	345	assign_strip	OTHER	action | action = _as_str(src.get("action_type") or "").strip()
ming_sim/structured_decree.py	346	assign_strip	OTHER	target_kind | target_kind = _as_str(src.get("target_kind") or "").strip()
ming_sim/structured_decree.py	347	assign_strip	OTHER	target_id | target_id = _as_str(src.get("target_id") or "").strip()
ming_sim/structured_decree.py	348	assign_strip	OTHER	region_id | region_id = _as_str(src.get("region_id") or "").strip()
ming_sim/structured_decree.py	382	assign_strip	OTHER	cat | cat = _as_str(src.get("transaction_category") or "").strip()
ming_sim/structured_decree.py	388	assign_strip	OTHER	assignee | assignee = _as_str(src.get("assignee_name") or "").strip()
ming_sim/structured_decree.py	89	assign_strip	OTHER	key | key = str(raw or "").strip()
ming_sim/structured_decree.py	289	assign_strip	OTHER	assignee | assignee = _as_str(
ming_sim/supervision.py	100	assign_strip	OTHER	a | a = str(auditor_faction or "").strip()
ming_sim/supervision.py	101	assign_strip	OTHER	b | b = str(subject_faction or "").strip()
ming_sim/supervision.py	121	assign_strip	OTHER	outcome | outcome = str(execution_outcome or "").strip()
ming_sim/supervision.py	185	assign_strip	FREEISH	text | text = str(raw or "").strip()
ming_sim/supervision.py	208	assign_strip	OTHER	root | root = str(base or "").strip()
ming_sim/supervision.py	216	assign_strip	OTHER	raw | raw = str(origin or "").strip()
ming_sim/urge_lever.py	365	assign_strip	OTHER	kind | kind = str(todo.get("entry_kind") or "").strip()
ming_sim/urge_lever.py	168	assign_strip	OTHER	name | name = str(item.get("character_id") or "").strip()
ming_sim/urge_lever.py	183	assign_strip	OTHER	cand | cand = str(item.get("character_id") or "").strip()
ming_sim/urge_lever.py	193	assign_strip	OTHER	name | name = str(parts[0]).strip()
ming_sim/value_matrix.py	9	assign_strip	FREEISH	text | text = str(raw or "").strip()
