file	line	class	kind	obj	attr	default	in_api	snippet
ming_sim/action_materialize.py	98	NOT_GAMEDB_RECEIVER	getattr	session	content	None	1	"getattr(session, ""content"", None), str(person_name or """").strip(), session.db,"
ming_sim/agents.py	78	NOT_GAMEDB_API_or_scratch	getattr	obj	__dict__	None	0	"raw = getattr(obj, ""__dict__"", None)"
ming_sim/agents.py	216	NOT_GAMEDB_API_or_scratch	hasattr	agent	_cached_session		0	"if hasattr(agent, ""_cached_session""):"
ming_sim/agents.py	218	NOT_GAMEDB_API_or_scratch	hasattr	agent	_cached_session_db		0	"if hasattr(agent, ""_cached_session_db""):"
ming_sim/agents.py	445	NOT_GAMEDB_RECEIVER	getattr	event	content	None	1	"delta = getattr(event, ""content"", None)"
ming_sim/agents.py	111	NOT_GAMEDB_RECEIVER	getattr	m	content		1	"""content"": """" if getattr(m, ""content"", None) is None else getattr(m, ""content""),"
ming_sim/agents.py	196	KEEP_unhanded_db_or_optional_holder	getattr	agent	db	None	0	"and getattr(agent, ""db"", None) is not None"
ming_sim/agents.py	111	NOT_GAMEDB_RECEIVER	getattr	m	content	None	1	"""content"": """" if getattr(m, ""content"", None) is None else getattr(m, ""content""),"
ming_sim/applier.py	178	NOT_GAMEDB_API_or_scratch	getattr	conn	_atomic_depth	0	0	"depth = getattr(conn, ""_atomic_depth"", 0) + 1"
ming_sim/applier.py	424	NOT_GAMEDB_API_or_scratch	getattr	db.conn	_runtime_commit_callbacks	None	0	"commit_callbacks = getattr(db.conn, ""_runtime_commit_callbacks"", None)"
ming_sim/applier.py	430	NOT_GAMEDB_API_or_scratch	getattr	db.conn	_runtime_rollback_callbacks	None	0	"rollback_callbacks = getattr(db.conn, ""_runtime_rollback_callbacks"", None)"
ming_sim/applier.py	70	NOT_GAMEDB_API_or_scratch	getattr	self	_runtime_commit_callbacks	[]	0	"callbacks = list(getattr(self, ""_runtime_commit_callbacks"", []))"
ming_sim/applier.py	87	NOT_GAMEDB_API_or_scratch	getattr	self	_runtime_rollback_callbacks	[]	0	"callbacks = list(getattr(self, ""_runtime_rollback_callbacks"", []))"
ming_sim/applier.py	208	NOT_GAMEDB_API_or_scratch	getattr	conn	_atomic_rollback_only	False	0	"if getattr(conn, ""_atomic_rollback_only"", False):"
ming_sim/applier.py	143	NOT_GAMEDB_API_or_scratch	getattr	conn	_commit_suspended	False	0	"bool(getattr(conn, ""_commit_suspended"", False))"
ming_sim/applier.py	144	NOT_GAMEDB_API_or_scratch	getattr	conn	_atomic_depth	0	0	"or int(getattr(conn, ""_atomic_depth"", 0) or 0) > 0"
ming_sim/cli/terminal.py	330	NOT_GAMEDB_RECEIVER	getattr	session	content	None	1	"content=getattr(session, ""content"", None),"
ming_sim/cli/terminal.py	332	NOT_GAMEDB_RECEIVER	getattr	session	llm_config	None	1	"llm_config=getattr(session, ""llm_config"", None),"
ming_sim/cli/terminal.py	501	NOT_GAMEDB_RECEIVER	getattr	session	content	None	1	"if getattr(session, ""content"", None) is not None else {}),"
ming_sim/cli/terminal.py	532	NOT_GAMEDB_RECEIVER	getattr	session	content	None	1	"if getattr(session, ""content"", None) is not None else {}),"
ming_sim/cli_backend.py	1215	NOT_GAMEDB_RECEIVER	getattr	m	content	""""""	1	"content = getattr(m, ""content"", """")"
ming_sim/db.py	14015	NOT_GAMEDB_API_or_scratch	getattr	self	_batch_frozen_open_affair_ids	None	0	"frozen = getattr(self, ""_batch_frozen_open_affair_ids"", None)"
ming_sim/db.py	14029	NOT_GAMEDB_API_or_scratch	getattr	self	_batch_authorized_open_affair_ids	None	0	"working = getattr(self, ""_batch_authorized_open_affair_ids"", None)"
ming_sim/db.py	14917	ATTRERROR_COMPAT_REVIEW	attributeerror_compat	except			0	except (AttributeError, ValueError):
ming_sim/db.py	17137	NOT_GAMEDB_API_or_scratch	getattr	self.conn	_deferred_office_summon_nights	None	0	"previous_summon_nights = getattr(self.conn, ""_deferred_office_summon_nights"", None)"
ming_sim/db.py	17138	NOT_GAMEDB_API_or_scratch	getattr	self.conn	_recommendation_snapshots_prevalidated	False	0	previous_reco_prevalidated = getattr(
ming_sim/db.py	2732	NOT_GAMEDB_API_or_scratch	getattr	self	_leverage_offsets_calibrated	False	0	"and getattr(self, ""_leverage_offsets_calibrated"", False)"
ming_sim/db.py	4038	NOT_GAMEDB_API_or_scratch	getattr	self	_leverage_offset_col_added	False	0	"is_fresh_factions_seed, getattr(self, ""_leverage_offset_col_added"", False)"
ming_sim/db.py	5182	NOT_GAMEDB_API_or_scratch	getattr	self	_current_month_central_pay_shortfalls	{}	0	"central_shortfalls = getattr(self, ""_current_month_central_pay_shortfalls"", {})"
ming_sim/db.py	5183	NOT_GAMEDB_API_or_scratch	getattr	self	_current_month_pay_opening_arrears	{}	0	"opening_arrears = getattr(self, ""_current_month_pay_opening_arrears"", {})"
ming_sim/db.py	5203	NOT_GAMEDB_API_or_scratch	getattr	self	_current_month_central_pay_dues	{}	0	"central_dues = getattr(self, ""_current_month_central_pay_dues"", {})"
ming_sim/db.py	5549	ATTRERROR_COMPAT_REVIEW	attributeerror_compat	except			0	except (ValueError, AttributeError):
ming_sim/db.py	14042	NOT_GAMEDB_API_or_scratch	getattr	self	_batch_frozen_open_affair_ids	None	0	"getattr(self, ""_batch_frozen_open_affair_ids"", None)"
ming_sim/db.py	14044	NOT_GAMEDB_API_or_scratch	getattr	self	_batch_authorized_open_affair_ids	None	0	"else getattr(self, ""_batch_authorized_open_affair_ids"", None)"
ming_sim/db.py	3718	NOT_GAMEDB_API_or_scratch	getattr	self.conn	_materializing_dossier_id	0	0	"getattr(self.conn, ""_materializing_dossier_id"", 0) or 0"
ming_sim/db.py	15550	NOT_GAMEDB_API_or_scratch	getattr	self.conn	_materializing_dossier_id	0	0	previous_materializing = getattr(
ming_sim/db.py	17179	NOT_GAMEDB_API_or_scratch	hasattr	self.conn	_deferred_office_summon_nights		0	"if hasattr(self.conn, ""_deferred_office_summon_nights""):"
ming_sim/db.py	17198	NOT_GAMEDB_API_or_scratch	getattr	self.conn	_materializing_dossier_id	0	0	"materializing = int(getattr(self.conn, ""_materializing_dossier_id"", 0) or 0)"
ming_sim/db.py	18704	NOT_GAMEDB_API_or_scratch	getattr	self.conn	_recommendation_snapshots_prevalidated	False	0	"if not getattr(self.conn, ""_recommendation_snapshots_prevalidated"", False):"
ming_sim/db.py	3713	NOT_GAMEDB_API_or_scratch	getattr	self.conn	_appointment_tenure	"""真除"""	0	"str(getattr(self.conn, ""_appointment_tenure"", ""真除"") or ""真除""),"
ming_sim/db.py	6963	NOT_GAMEDB_API_or_scratch	getattr	self	_batch_authorized_open_affair_ids	None	0	"authorized = getattr(self, ""_batch_authorized_open_affair_ids"", None)"
ming_sim/db.py	15571	NOT_GAMEDB_API_or_scratch	getattr	self.conn	_deferred_office_summon_nights	None	0	"nights = getattr(self.conn, ""_deferred_office_summon_nights"", None)"
ming_sim/db.py	17163	NOT_GAMEDB_API_or_scratch	getattr	self.conn	_deferred_office_summon_nights	set()	0	"summon_nights = set(getattr(self.conn, ""_deferred_office_summon_nights"", set()) or set())"
ming_sim/db.py	3712	NOT_GAMEDB_API_or_scratch	getattr	self.conn	_materializing_dossier_id	0	0	"int(getattr(self.conn, ""_materializing_dossier_id"", 0) or 0) or None,"
ming_sim/db.py	3730	NOT_GAMEDB_API_or_scratch	getattr	self.conn	_appointment_tenure	"""真除"""	0	"str(getattr(self.conn, ""_appointment_tenure"", ""真除"") or ""真除""),"
ming_sim/db.py	15669	NOT_GAMEDB_API_or_scratch	getattr	self.conn	_materializing_dossier_id	0	0	"previous_materializing = getattr(self.conn, ""_materializing_dossier_id"", 0)"
ming_sim/declaration_dispatch.py	824	NOT_GAMEDB_API_or_scratch	getattr	db.conn	_runtime_rollback_callbacks	None	0	"rollback_callbacks = getattr(db.conn, ""_runtime_rollback_callbacks"", None)"
ming_sim/decree_forecast.py	46	KEEP_unhanded_db_or_optional_holder	getattr	owner	db	None	0	"db = getattr(owner, ""db"", None)"
ming_sim/decree_forecast.py	462	NOT_GAMEDB_RECEIVER	getattr	session	llm_config	None	1	"cfg = getattr(session, ""llm_config"", None)"
ming_sim/decree_forecast.py	508	KEEP_unhanded_db_or_optional_holder	hasattr	owner_or_db	db		0	"session = owner_or_db if hasattr(owner_or_db, ""db"") else _owner_for(owner_or_db)"
ming_sim/decree_forecast.py	190	NOT_GAMEDB_RECEIVER	getattr	session	content	None	1	"state, pending, content=getattr(session, ""content"", None),"
ming_sim/error_pack.py	211	KEEP_error_pack_diag	getattr	db	path	None	1	"""db_path"": getattr(db, ""path"", None),"
ming_sim/flows.py	1361	KEEP_runtime_scratch	hasattr	db			0	if hasattr(db, attr):
ming_sim/highlight_judge.py	82	NOT_GAMEDB_RECEIVER	hasattr	output	content		1	"if not raw and hasattr(output, ""content""):"
ming_sim/highlight_judge.py	83	NOT_GAMEDB_RECEIVER	getattr	output	content		1	"raw = str(getattr(output, ""content"") or """")"
ming_sim/issues.py	2597	NOT_GAMEDB_API_or_scratch	getattr	conn	_runtime_rollback_callbacks	None	0	"callbacks = getattr(conn, ""_runtime_rollback_callbacks"", None)"
ming_sim/issues.py	4168	NOT_GAMEDB_API_or_scratch	getattr	db	_batch_authorized_open_affair_ids	None	0	"previous_authorized = getattr(db, ""_batch_authorized_open_affair_ids"", None)"
ming_sim/issues.py	4169	NOT_GAMEDB_API_or_scratch	getattr	db	_batch_frozen_open_affair_ids	None	0	"previous_frozen = getattr(db, ""_batch_frozen_open_affair_ids"", None)"
ming_sim/issues.py	5829	NOT_GAMEDB_API_or_scratch	getattr	db.conn	_appointment_tenure	"""真除"""	0	"previous_tenure = getattr(db.conn, ""_appointment_tenure"", ""真除"")"
ming_sim/issues.py	7484	NOT_GAMEDB_API_or_scratch	getattr	db	_batch_authorized_open_affair_ids	None	0	"_prev_batch_authorized = getattr(db, ""_batch_authorized_open_affair_ids"", None)"
ming_sim/issues.py	7485	NOT_GAMEDB_API_or_scratch	getattr	db	_batch_frozen_open_affair_ids	None	0	"_prev_batch_frozen = getattr(db, ""_batch_frozen_open_affair_ids"", None)"
ming_sim/llm_model.py	340	ATTRERROR_COMPAT_REVIEW	attributeerror_compat	except			0	except (AttributeError, TypeError):
ming_sim/llm_model.py	295	NOT_GAMEDB_RECEIVER	getattr	run_output	content	missing	1	"content = getattr(run_output, ""content"", missing)"
ming_sim/llm_model.py	390	NOT_GAMEDB_RECEIVER	getattr	run_output	content	None	1	"content = getattr(run_output, ""content"", None)"
ming_sim/llm_transport.py	479	NOT_GAMEDB_RECEIVER	getattr	event	content	None	1	"if getattr(event, ""event"", """") == ""RunContent"" and getattr(event, ""content"", None):"
ming_sim/llm_transport.py	462	NOT_GAMEDB_RECEIVER	getattr	event	content	None	1	"getattr(event, ""content"", None), status_code=status,"
ming_sim/llm_transport.py	672	NOT_GAMEDB_RECEIVER	getattr	stream	close	None	1	"close = getattr(stream, ""close"", None)"
ming_sim/mechanical_tail.py	160	NOT_GAMEDB_RECEIVER	getattr	session	llm_config	None	1	"llm_config = getattr(session, ""llm_config"", None)"
ming_sim/mechanical_tail.py	248	NOT_GAMEDB_RECEIVER	getattr	session	llm_config	None	1	"llm_config=getattr(session, ""llm_config"", None),"
ming_sim/month_chain.py	30	KEEP_unhanded_db_or_optional_holder	getattr	owner	db	None	0	"if owner is None or getattr(owner, ""db"", None) is not db:"
ming_sim/month_chain.py	863	NOT_GAMEDB_API_or_scratch	getattr	db.conn	_recommendation_snapshots_prevalidated	False	0	"previous = getattr(db.conn, ""_recommendation_snapshots_prevalidated"", False)"
ming_sim/paths.py	31	NOT_GAMEDB_API_or_scratch	getattr	sys	_MEIPASS	os.path.dirname(sys.executable)	0	"return Path(getattr(sys, ""_MEIPASS"", os.path.dirname(sys.executable)))"
ming_sim/session.py	1251	NOT_GAMEDB_RECEIVER	getattr	self	llm_config	None	1	"llm_config = getattr(self, ""llm_config"", None)"
ming_sim/session.py	1301	NOT_GAMEDB_RECEIVER	getattr	self	llm_config	None	1	"llm_config = getattr(self, ""llm_config"", None)"
ming_sim/session.py	1333	NOT_GAMEDB_RECEIVER	getattr	self	llm_config	None	1	"llm_cfg = getattr(self, ""llm_config"", None)"
ming_sim/session.py	1615	NOT_GAMEDB_RECEIVER	getattr	self	llm_config	None	1	"llm_config = getattr(self, ""llm_config"", None)"
ming_sim/session.py	1616	NOT_GAMEDB_RECEIVER	getattr	self	content	None	1	"content = getattr(self, ""content"", None)"
ming_sim/session.py	1071	NOT_GAMEDB_API_or_scratch	getattr	self	_write_gate	None	0	"gate = write_gate if write_gate is not None else getattr(self, ""_write_gate"", None)"
ming_sim/session.py	2518	NOT_GAMEDB_RECEIVER	getattr	agno	close	None	1	"close_fn = getattr(agno, ""close"", None)"
ming_sim/session.py	714	KEEP_unhanded_db_or_optional_holder	getattr	self	db	None	0	"db = getattr(self, ""db"", None)"
ming_sim/session.py	1026	NOT_GAMEDB_API_or_scratch	getattr	self	_write_gate	None	0	"gate = write_gate if write_gate is not None else getattr(self, ""_write_gate"", None)"
ming_sim/session.py	1306	NOT_GAMEDB_RECEIVER	getattr	self	content	None	1	"content=getattr(self, ""content"", None),"
ming_sim/session.py	1442	NOT_GAMEDB_RECEIVER	getattr	self	llm_config	None	1	"llm_config=getattr(self, ""llm_config"", None),"
ming_sim/session.py	1443	NOT_GAMEDB_API_or_scratch	getattr	self	_write_gate	None	0	"write_gate=getattr(self, ""_write_gate"", None),"
ming_sim/session.py	1445	NOT_GAMEDB_API_or_scratch	getattr	result	_admitted_write_ticket	None	0	"admitted_ticket=getattr(result, ""_admitted_write_ticket"", None),"
ming_sim/session.py	1903	NOT_GAMEDB_RECEIVER	getattr	self	content	None	1	"self.state, content=getattr(self, ""content"", None),"
ming_sim/session.py	704	NOT_GAMEDB_RECEIVER	getattr	agno	close	None	1	"close_fn = getattr(agno, ""close"", None)"
ming_sim/session.py	1208	NOT_GAMEDB_RECEIVER	getattr	self	content	None	1	"chars = getattr(getattr(self, ""content"", None), ""characters"", None) or {}"
ming_sim/session.py	1769	NOT_GAMEDB_RECEIVER	getattr	self	llm_config	None	1	"llm_config=getattr(self, ""llm_config"", None),"
ming_sim/session.py	1791	NOT_GAMEDB_RECEIVER	getattr	self	content	None	1	"content=getattr(self, ""content"", None),"
ming_sim/session.py	1792	NOT_GAMEDB_RECEIVER	getattr	self	llm_config	None	1	"llm_config=getattr(self, ""llm_config"", None),"
ming_sim/session.py	1945	NOT_GAMEDB_API_or_scratch	getattr	self	_decree_draft_fingerprint	()	0	"and current_fingerprint != getattr(self, ""_decree_draft_fingerprint"", ())):"
ming_sim/session.py	2531	NOT_GAMEDB_API_or_scratch	getattr	self	_close_epoch	0	0	"self._close_epoch = int(getattr(self, ""_close_epoch"", 0) or 0) + 1"
ming_sim/session.py	1039	NOT_GAMEDB_RECEIVER	getattr	self	content	None	1	"content=getattr(self, ""content"", None),"
ming_sim/session.py	1040	NOT_GAMEDB_RECEIVER	getattr	self	llm_config	None	1	"llm_config=getattr(self, ""llm_config"", None),"
ming_sim/session.py	1196	NOT_GAMEDB_RECEIVER	getattr	self	content	None	1	"content=getattr(self, ""content"", None),"
ming_sim/session.py	1197	NOT_GAMEDB_RECEIVER	getattr	self	llm_config	None	1	"llm_config=getattr(self, ""llm_config"", None),"
ming_sim/session.py	1198	NOT_GAMEDB_API_or_scratch	getattr	self	_write_gate	None	0	"write_gate=getattr(self, ""_write_gate"", None),"
ming_sim/session.py	1342	NOT_GAMEDB_RECEIVER	getattr	event	content	""""""	1	"piece = str(getattr(event, ""content"", """") or """")"
ming_sim/session.py	1865	NOT_GAMEDB_RECEIVER	getattr	self	content	None	1	"content=getattr(self, ""content"", None),"
ming_sim/session.py	1866	NOT_GAMEDB_RECEIVER	getattr	self	llm_config	None	1	"llm_config=getattr(self, ""llm_config"", None),"
ming_sim/session.py	2525	NOT_GAMEDB_API_or_scratch	getattr	self	_close_epoch	0	0	"self._close_epoch = int(getattr(self, ""_close_epoch"", 0) or 0) + 1"
ming_sim/session_write_queue.py	551	NOT_GAMEDB_API_or_scratch	getattr	owner	_write_queue	None	0	"q = getattr(owner, ""_write_queue"", None)"
ming_sim/session_write_queue.py	556	NOT_GAMEDB_API_or_scratch	getattr	session	_write_queue	None	0	"q = getattr(session, ""_write_queue"", None)"
ming_sim/session_write_queue.py	564	NOT_GAMEDB_API_or_scratch	getattr	owner	_write_queue	None	0	"q = getattr(owner, ""_write_queue"", None)"
ming_sim/session_write_queue.py	602	NOT_GAMEDB_RECEIVER	hasattr	owner	close		1	"if session is None and hasattr(owner, ""close"") and hasattr(owner, ""db""):"
ming_sim/session_write_queue.py	602	KEEP_unhanded_db_or_optional_holder	hasattr	owner	db		0	"if session is None and hasattr(owner, ""close"") and hasattr(owner, ""db""):"
ming_sim/session_write_queue.py	609	NOT_GAMEDB_API_or_scratch	getattr	session	_close_resources	None	0	"close_resources = getattr(session, ""_close_resources"", None)"
ming_sim/session_write_queue.py	569	NOT_GAMEDB_API_or_scratch	getattr	session	_write_queue	None	0	"q = getattr(session, ""_write_queue"", None)"
ming_sim/session_write_queue.py	620	NOT_GAMEDB_API_or_scratch	getattr	session	_close_resources	None	0	"close_resources = getattr(session, ""_close_resources"", None)"
ming_sim/token_stats.py	128	NOT_GAMEDB_API_or_scratch	getattr	self_client_holder	_client	None	0	"client = getattr(self_client_holder, ""_client"", None)"
scripts/play_as_emperor.py	243	NOT_GAMEDB_RECEIVER	hasattr	response	content		1	"raw = response.content if hasattr(response, ""content"") else str(response)"
tests/conftest.py	68	NOT_GAMEDB_API_or_scratch	getattr	db	_test_session_owners	None	0	"owners = getattr(db, ""_test_session_owners"", None)"
tests/conftest.py	72	NOT_GAMEDB_API_or_scratch	getattr	owner	_write_queue	None	0	"queue = getattr(owner, ""_write_queue"", None)"
tests/conftest.py	115	NOT_GAMEDB_API_or_scratch	getattr	db	_test_session_owners	()	0	"owners = list(getattr(db, ""_test_session_owners"", ()) or ())"
tests/conftest.py	542	OUT_OF_PROD_ENUM_ONLY	getattr	db	conn	None	1	"if getattr(db, ""conn"", None) is None:"
tests/conftest.py	76	NOT_GAMEDB_API_or_scratch	getattr	existing	_write_queue	None	0	"if queue is not None and getattr(existing, ""_write_queue"", None) is queue:"
tests/conftest.py	465	NOT_GAMEDB_API_or_scratch	hasattr	out	__iter__		0	"if hasattr(out, ""__iter__"") and not hasattr(out, ""content""):"
tests/conftest.py	465	NOT_GAMEDB_RECEIVER	hasattr	out	content		1	"if hasattr(out, ""__iter__"") and not hasattr(out, ""content""):"
tests/conftest.py	469	NOT_GAMEDB_RECEIVER	getattr	out	content	""""""	1	"text = str(getattr(out, ""content"", """") or """")"
tests/directive_seed_helpers.py	29	NOT_GAMEDB_RECEIVER	getattr	session	content	None	1	"if getattr(session, ""content"", None) is not None else {}),"
tests/test_audience_background.py	155	NOT_GAMEDB_API_or_scratch	getattr	web_game	_write_queue	None	0	"q = getattr(web_game, ""_write_queue"", None)"
tests/test_audience_background.py	159	NOT_GAMEDB_API_or_scratch	getattr	web_game	_pending_writes_count	0	0	"wait_until(lambda: int(getattr(web_game, ""_pending_writes_count"", 0) or 0) == 0)"
tests/test_audience_draft_grant_once_1777.py	85	NOT_GAMEDB_RECEIVER	getattr	game.session	llm_config	None	1	"if getattr(game.session, ""llm_config"", None) is not None:"
tests/test_audience_restore_505.py	398	NOT_GAMEDB_API_or_scratch	getattr	db			0	restored = getattr(db, rollback_method)(chat_turn_id)
tests/test_audience_translation_1838.py	183	NOT_GAMEDB_RECEIVER	getattr	out	content	""""""	1	"lambda out: str(getattr(out, ""content"", """") or """"),"
tests/test_chat_stream_failpaths_393.py	162	NOT_GAMEDB_API_or_scratch	hasattr	run	__iter__		0	"if hasattr(run, ""__iter__"") and not isinstance(run, (str, bytes)):"
tests/test_chat_stream_failpaths_393.py	168	NOT_GAMEDB_RECEIVER	getattr	run	content	""""""	1	"return ChatTurnResult(answer=str(getattr(run, ""content"", """") or """"))"
tests/test_chat_stream_failpaths_393.py	166	NOT_GAMEDB_RECEIVER	getattr	ev	content	""""""	1	"parts.append(str(getattr(ev, ""content"", """") or """"))"
tests/test_cli_play_turn.py	450	NOT_GAMEDB_API_or_scratch	getattr	session	_write_gate	None	0	"assert getattr(session, ""_write_gate"", None) is gate"
tests/test_decree_dossiers_571.py	1143	NOT_GAMEDB_RECEIVER	getattr	r	path	None	1	"paths = {getattr(r, ""path"", None) for r in web_app.app.routes}"
tests/test_decree_dossiers_571.py	1145	NOT_GAMEDB_RECEIVER	getattr	r	path	None	1	"getattr(r, ""path"", None) == ""/api/decree"""
tests/test_draft_admission_resubmit_1769.py	115	NOT_GAMEDB_RECEIVER	getattr	game.session	llm_config	None	1	"if getattr(game.session, ""llm_config"", None) is not None:"
tests/test_event_trigger_gate.py	1479	NOT_GAMEDB_API_or_scratch	hasattr	character	_test_runtime_ghost_attr		0	"if hasattr(character, ""_test_runtime_ghost_attr""):"
tests/test_event_trigger_gate.py	1488	NOT_GAMEDB_API_or_scratch	hasattr	character	_test_runtime_ghost_attr		0	"assert not hasattr(character, ""_test_runtime_ghost_attr"")"
tests/test_fiscal_substrate_bridge.py	4641	OUT_OF_PROD_ENUM_ONLY	getattr	db	content	None	1	"content = getattr(db, ""content"", None)"
tests/test_hitl_quota_delete_1467.py	18	NOT_GAMEDB_RECEIVER	getattr	route	path	None	1	"paths = {getattr(route, ""path"", None) for route in web_app.app.routes}"
tests/test_menu_lifecycle_drain_396.py	467	NOT_GAMEDB_RECEIVER	getattr	event	content	None	1	"content = getattr(event, ""content"", None)"
tests/test_month_call_recovery_1846.py	545	NOT_GAMEDB_API_or_scratch	getattr	db.conn	_commit_suspended	False	0	"if not failed[""done""] and not getattr(db.conn, ""_commit_suspended"", False):"
tests/test_pihong_dossier_1490.py	759	KEEP_unhanded_db_or_optional_holder	getattr	game_or_path	db	None	0	db = getattr(game_or_path, 'db', None)
tests/test_pihong_dossier_1490.py	760	OUT_OF_PROD_ENUM_ONLY	getattr	db	path	None	1	return str(getattr(db, 'path', None) or getattr(db, 'db_path', None) or '')
tests/test_pihong_dossier_1490.py	760	NOT_GAMEDB_API_or_scratch	getattr	db	db_path	None	0	return str(getattr(db, 'path', None) or getattr(db, 'db_path', None) or '')
tests/test_pihong_dossier_1490.py	2170	NOT_GAMEDB_API_or_scratch	getattr	game	_settlement_entry_inflight	0	0	if int(getattr(game, '_settlement_entry_inflight', 0) or 0) >= 2:
tests/test_qa_d1_decree_normalize_1274.py	142	NOT_GAMEDB_RECEIVER	getattr	r	path	None	1	"if getattr(r, ""path"", None) == ""/api/decree"""
tests/test_qa_d1_decree_normalize_1274.py	149	NOT_GAMEDB_RECEIVER	getattr	r	path	None	1	"if getattr(r, ""path"", None) == ""/api/directives"""
tests/test_qa_d1_decree_normalize_1274.py	157	NOT_GAMEDB_RECEIVER	getattr	r	path	None	1	"if getattr(r, ""path"", None) == ""/api/directives/{directive_id}"""
tests/test_rescript_option_field_heal_1746.py	135	NOT_GAMEDB_RECEIVER	getattr	m	content	None	1	"m.get(""content"") if isinstance(m, dict) else getattr(m, ""content"", None)"
tests/test_secret_order_isolation_883.py	1475	NOT_GAMEDB_API_or_scratch	getattr	db			0	getattr(db, rollback_entry)(chat_turn_id)
tests/test_web_audience_night_498.py	506	NOT_GAMEDB_API_or_scratch	getattr	game	_pending_writes_count	0	0	"await _wait_for(lambda: getattr(game, ""_pending_writes_count"", 0) > 0)"
tests/test_web_chat_serialization_393.py	78	NOT_GAMEDB_RECEIVER	getattr	event	content	None	1	"content = getattr(event, ""content"", None)"
web_app.py	3091	KEEP_unhanded_db_or_optional_holder	getattr	game	db	None	0	"db = getattr(game, ""db"", None)"
web_app.py	3101	NOT_GAMEDB_API_or_scratch	getattr	game	_settlement_entry_lock	None	0	"lock = getattr(game, ""_settlement_entry_lock"", None)"
web_app.py	3143	KEEP_unhanded_db_or_optional_holder	getattr	game	db	None	0	"db = getattr(game, ""db"", None)"
web_app.py	3178	KEEP_unhanded_db_or_optional_holder	getattr	game	db	None	0	"db = getattr(game, ""db"", None)"
web_app.py	3194	NOT_GAMEDB_API_or_scratch	hasattr	game	_runtime_write_gate		0	"if hasattr(game, ""_runtime_write_gate""):"
web_app.py	3994	KEEP_unhanded_db_or_optional_holder	getattr	session	db	None	0	"db = getattr(session, ""db"", None)"
web_app.py	421	ATTRERROR_COMPAT_REVIEW	attributeerror_compat	except			0	except (AttributeError, TypeError):
web_app.py	891	NOT_GAMEDB_API_or_scratch	getattr	self	_rebuild_residual_runtime	None	0	"residual = getattr(self, ""_rebuild_residual_runtime"", None)"
web_app.py	5218	NOT_GAMEDB_RECEIVER	getattr	game	content	None	1	"characters = getattr(getattr(game, ""content"", None), ""characters"", {})"
web_app.py	914	NOT_GAMEDB_RECEIVER	getattr	session	close	None	1	"close_fn = getattr(session, ""close"", None)"
web_app.py	1023	NOT_GAMEDB_API_or_scratch	getattr	self	_write_queue	None	0	"q = getattr(self, ""_write_queue"", None)"
web_app.py	3187	NOT_GAMEDB_RECEIVER	getattr	game	content	None	1	"content=getattr(game, ""content"", None),"
web_app.py	3403	KEEP_unhanded_db_or_optional_holder	getattr	game	db	None	0	"db = getattr(game, ""db"", None)"
web_app.py	2684	NOT_GAMEDB_RECEIVER	getattr	self.session	llm_config	None	1	"llm_config=getattr(self.session, ""llm_config"", None),"
web_app.py	3112	NOT_GAMEDB_API_or_scratch	getattr	game	_settlement_entry_inflight	0	0	"n = int(getattr(game, ""_settlement_entry_inflight"", 0) or 0)"
web_app.py	3120	NOT_GAMEDB_API_or_scratch	getattr	game	_settlement_entry_inflight	0	0	"n = int(getattr(game, ""_settlement_entry_inflight"", 0) or 0)"
web_app.py	3128	NOT_GAMEDB_API_or_scratch	getattr	game	_settlement_entry_inflight	0	0	"return int(getattr(game, ""_settlement_entry_inflight"", 0) or 0)"
web_app.py	3188	NOT_GAMEDB_RECEIVER	getattr	session	llm_config	None	1	"llm_config=getattr(session, ""llm_config"", None) if session is not None else None,"
web_app.py	3992	NOT_GAMEDB_API_or_scratch	getattr	session	_close_epoch	0	0	"if int(getattr(session, ""_close_epoch"", 0) or 0) > 0:"
web_app.py	2608	NOT_GAMEDB_RECEIVER	getattr	self.session	llm_config	None	1	"llm_config=getattr(self.session, ""llm_config"", None),"
web_app.py	1738	NOT_GAMEDB_API_or_scratch	getattr	self	_settlement_entry_inflight	0	0	"int(getattr(self, ""_settlement_entry_inflight"", 0) or 0) > 0"
web_app.py	3304	NOT_GAMEDB_API_or_scratch	getattr	game	_settlement_entry_inflight	0	0	"entry_busy = int(getattr(game, ""_settlement_entry_inflight"", 0) or 0) > 0"
web_app.py	2533	NOT_GAMEDB_RECEIVER	getattr	self.session	llm_config	None	1	"llm_config=getattr(self.session, ""llm_config"", None),"
web_app.py	3156	NOT_GAMEDB_API_or_scratch	getattr	game	_settlement_entry_inflight	0	0	"if not blocking and int(getattr(game, ""_settlement_entry_inflight"", 0) or 0) > 1:"
web_app.py	5412	NOT_GAMEDB_RECEIVER	getattr	game	content	None	1	"if getattr(game, ""content"", None) is not None else {}),"
web_app.py	1050	NOT_GAMEDB_API_or_scratch	getattr	residual	_write_queue	None	0	"_write_queue=getattr(residual, ""_write_queue"", None),"
web_app.py	1051	NOT_GAMEDB_API_or_scratch	getattr	residual	_write_gate	None	0	"_write_gate=getattr(residual, ""_write_gate"", None),"
