file	line	label	disposition	kind	name	snippet
tests/cli_process_doubles.py	35	db_stub_class	KEEP_non_persist_collaborator_or_agent_double	class	_FakeStdin	class _FakeStdin:
tests/cli_process_doubles.py	132	db_stub_class	KEEP_non_persist_collaborator_or_agent_double	class	FakeCliProcess	class FakeCliProcess:
tests/cli_process_doubles.py	178	db_stub_class	KEEP_non_persist_collaborator_or_agent_double	class	FakeCliRunnerScript	class FakeCliRunnerScript:
tests/conftest.py	526	lightweight_or_noop_atomic	KEEP_fixture_for_queue_concurrency_collaborators	def	_atomic_connless_test_shell_compat	def _atomic_connless_test_shell_compat():
tests/test_audience_background.py	44	db_stub_class	KEEP_non_persist_collaborator_or_agent_double	class	_FakeAgent	class _FakeAgent:
tests/test_audience_background.py	66	db_stub_class	KEEP_non_persist_collaborator_or_agent_double	class	_FakeSession	class _FakeSession(HallAdmissionSessionMixin):
tests/test_audience_translate_1837.py	148	db_stub_class	KEEP_non_persist_collaborator_or_agent_double	class	FakeAgent	class FakeAgent:
tests/test_audience_translate_1837.py	187	db_stub_class	KEEP_non_persist_collaborator_or_agent_double	class	FakeAgent	class FakeAgent:
tests/test_audience_translate_1837.py	415	db_stub_class	KEEP_non_persist_collaborator_or_agent_double	class	FakeAgent	class FakeAgent:
tests/test_audience_translate_1837.py	557	db_stub_class	KEEP_non_persist_collaborator_or_agent_double	class	FakeAgent	class FakeAgent:
tests/test_audience_translate_1837.py	628	db_stub_class	KEEP_non_persist_collaborator_or_agent_double	class	FakeAgent	class FakeAgent:
tests/test_audience_translate_1837.py	719	db_stub_class	KEEP_non_persist_collaborator_or_agent_double	class	FakeAgent	class FakeAgent:
tests/test_audience_translate_1837.py	751	db_stub_class	KEEP_non_persist_collaborator_or_agent_double	class	FakeAgent	class FakeAgent:
tests/test_audience_translate_1837.py	809	db_stub_class	KEEP_non_persist_collaborator_or_agent_double	class	FakeAgent	class FakeAgent:
tests/test_audience_translate_1837.py	1028	db_stub_class	KEEP_non_persist_collaborator_or_agent_double	class	FakeAgent	class FakeAgent:
tests/test_audience_translation_1838.py	173	db_stub_class	KEEP_non_persist_collaborator_or_agent_double	class	FakeAgent	class FakeAgent:
tests/test_chat_stream_failpaths_393.py	71	db_stub_class	KEEP_negative_gate_contract	class	_FailingPrologueDB{append_chat_message,capture_chat_rollback_snapshot,create_chat_turn,fail_chat_turn}	class _FailingPrologueDB:
tests/test_chat_stream_failpaths_393.py	79	reimpl_create_chat_turn	KEEP_negative_gate_contract	def	_FailingPrologueDB.create_chat_turn	def create_chat_turn(self, *a, **k):
tests/test_chat_stream_failpaths_393.py	82	reimpl_capture_chat_rollback_snapshot	KEEP_negative_gate_contract	def	_FailingPrologueDB.capture_chat_rollback_snapshot	def capture_chat_rollback_snapshot(self):
tests/test_chat_stream_failpaths_393.py	88	reimpl_append_chat_message	KEEP_negative_gate_contract	def	_FailingPrologueDB.append_chat_message	def append_chat_message(self, *a, **k):
tests/test_chat_stream_failpaths_393.py	94	reimpl_fail_chat_turn	KEEP_negative_gate_contract	def	_FailingPrologueDB.fail_chat_turn	def fail_chat_turn(self, chat_turn_id):
tests/test_chat_stream_failpaths_393.py	244	db_stub_class	KEEP_negative_gate_contract	class	_DoubleFailDB{append_chat_message,capture_chat_rollback_snapshot,create_chat_turn,fail_chat_turn}	class _DoubleFailDB:
tests/test_chat_stream_failpaths_393.py	254	reimpl_create_chat_turn	KEEP_negative_gate_contract	def	_DoubleFailDB.create_chat_turn	def create_chat_turn(self, *a, **k):
tests/test_chat_stream_failpaths_393.py	257	reimpl_capture_chat_rollback_snapshot	KEEP_negative_gate_contract	def	_DoubleFailDB.capture_chat_rollback_snapshot	def capture_chat_rollback_snapshot(self):
tests/test_chat_stream_failpaths_393.py	263	reimpl_append_chat_message	KEEP_negative_gate_contract	def	_DoubleFailDB.append_chat_message	def append_chat_message(self, *a, **k):
tests/test_chat_stream_failpaths_393.py	269	reimpl_fail_chat_turn	KEEP_negative_gate_contract	def	_DoubleFailDB.fail_chat_turn	def fail_chat_turn(self, chat_turn_id):
tests/test_chat_stream_failpaths_393.py	303	db_stub_class	KEEP_negative_gate_contract	class	_WorkerPathDB{append_chat_message,capture_chat_rollback_snapshot,create_chat_turn,fail_chat_turn}	class _WorkerPathDB:
tests/test_chat_stream_failpaths_393.py	313	reimpl_create_chat_turn	KEEP_negative_gate_contract	def	_WorkerPathDB.create_chat_turn	def create_chat_turn(self, *a, **k):
tests/test_chat_stream_failpaths_393.py	316	reimpl_capture_chat_rollback_snapshot	KEEP_negative_gate_contract	def	_WorkerPathDB.capture_chat_rollback_snapshot	def capture_chat_rollback_snapshot(self):
tests/test_chat_stream_failpaths_393.py	322	reimpl_append_chat_message	KEEP_negative_gate_contract	def	_WorkerPathDB.append_chat_message	def append_chat_message(self, *a, **k):
tests/test_chat_stream_failpaths_393.py	328	reimpl_fail_chat_turn	KEEP_negative_gate_contract	def	_WorkerPathDB.fail_chat_turn	def fail_chat_turn(self, chat_turn_id):
tests/test_cli_backend.py	410	db_stub_class	KEEP_non_persist_collaborator_or_agent_double	class	_FakeStreamAgent	class _FakeStreamAgent:
tests/test_cli_backend.py	443	db_stub_class	KEEP_non_persist_collaborator_or_agent_double	class	_FakeLunaAgent	class _FakeLunaAgent:
tests/test_cli_play_turn.py	151	db_stub_class	KEEP_non_persist_collaborator_or_agent_double	class	Db	class Db:
tests/test_commitment_display_348.py	26	db_stub_class	KEEP_non_persist_collaborator_or_agent_double	class	TestCommitmentTimedBarValue	class TestCommitmentTimedBarValue:
tests/test_commitment_display_348.py	51	db_stub_class	KEEP_non_persist_collaborator_or_agent_double	class	TestTimedBarIntegration	class TestTimedBarIntegration:
tests/test_court_layout_1290.py	21	db_stub_class	KEEP_non_persist_collaborator_or_agent_double	class	_KvDB	class _KvDB:
tests/test_error_pack.py	115	db_stub_class	KEEP_non_persist_collaborator_or_agent_double	class	_StubSession	class _StubSession:
tests/test_error_pack.py	127	db_stub_class	KEEP_non_persist_collaborator_or_agent_double	class	_StubGame	class _StubGame:
tests/test_j8r2_gamedb_capability_no_attrerror_shim_1853.py	16	db_stub_class	KEEP_non_persist_collaborator_or_agent_double	class	_DbMissingConn	class _DbMissingConn:
tests/test_llm_channel_config.py	454	db_stub_class	KEEP_non_persist_collaborator_or_agent_double	class	FakeAgent	class FakeAgent:
tests/test_llm_channel_config.py	575	db_stub_class	KEEP_non_persist_collaborator_or_agent_double	class	FakeAgent	class FakeAgent:
tests/test_llm_channel_config.py	597	db_stub_class	KEEP_non_persist_collaborator_or_agent_double	class	FakeAgent	class FakeAgent:
tests/test_llm_channel_config.py	620	db_stub_class	KEEP_non_persist_collaborator_or_agent_double	class	FakeAgent	class FakeAgent:
tests/test_llm_channel_config.py	645	db_stub_class	KEEP_non_persist_collaborator_or_agent_double	class	FakeAgent	class FakeAgent:
tests/test_llm_channel_config.py	666	db_stub_class	KEEP_non_persist_collaborator_or_agent_double	class	FakeAgent	class FakeAgent:
tests/test_llm_channel_config.py	863	db_stub_class	KEEP_non_persist_collaborator_or_agent_double	class	FakeRun	class FakeRun:
tests/test_llm_channel_config.py	866	db_stub_class	KEEP_non_persist_collaborator_or_agent_double	class	FakeAgent	class FakeAgent:
tests/test_menu_continue_stream_1195.py	40	db_stub_class	KEEP_non_persist_collaborator_or_agent_double	class	FakeWebGame	class FakeWebGame:
tests/test_menu_lifecycle_drain_396.py	481	db_stub_class	KEEP_queue_concurrency_contract	class	_GapBDB{append_chat_message,capture_chat_rollback_snapshot,create_chat_turn,fail_chat_turn,persist_minister_reply}	class _GapBDB:
tests/test_menu_lifecycle_drain_396.py	486	lightweight_or_noop_atomic	KEEP_queue_concurrency_contract	comment_or_text		# conn=None：配合 _atomic_connless_test_shell_compat；夜查询由测试补丁现役接口。
tests/test_menu_lifecycle_drain_396.py	492	reimpl_capture_chat_rollback_snapshot	KEEP_queue_concurrency_contract	def	_GapBDB.capture_chat_rollback_snapshot	def capture_chat_rollback_snapshot(self):
tests/test_menu_lifecycle_drain_396.py	495	reimpl_create_chat_turn	KEEP_queue_concurrency_contract	def	_GapBDB.create_chat_turn	def create_chat_turn(self, *_a, **_k):
tests/test_menu_lifecycle_drain_396.py	501	reimpl_append_chat_message	KEEP_queue_concurrency_contract	def	_GapBDB.append_chat_message	def append_chat_message(self, minister_name, turn, role, content):
tests/test_menu_lifecycle_drain_396.py	511	reimpl_persist_minister_reply	KEEP_queue_concurrency_contract	def	_GapBDB.persist_minister_reply	def persist_minister_reply(self, minister_name, turn, content, chat_turn_id, **_kw):
tests/test_menu_lifecycle_drain_396.py	526	reimpl_fail_chat_turn	KEEP_queue_concurrency_contract	def	_GapBDB.fail_chat_turn	def fail_chat_turn(self, *_a, **_k):
tests/test_menu_lifecycle_drain_396.py	570	lightweight_or_noop_atomic	KEEP_queue_concurrency_contract	fixture_use	test_drain_waits_for_queued_chat_stream_not_just_gate_holder	def test_drain_waits_for_queued_chat_stream_not_just_gate_holder(monkeypatch):
tests/test_player_payload_1022.py	17	db_stub_class	KEEP_non_persist_collaborator_or_agent_double	class	_HistoryDB	class _HistoryDB:
tests/test_qa_b3_409_ux.py	24	db_stub_class	KEEP_non_persist_collaborator_or_agent_double	class	_ClosingNightDB	class _ClosingNightDB:
tests/test_relation_seed_638.py	271	db_stub_class	KEEP_non_persist_collaborator_or_agent_double	class	FakeDB	class FakeDB:
tests/test_release_bundle_assets.py	14	db_stub_class	KEEP_non_persist_collaborator_or_agent_double	class	MinimalGameDB	class MinimalGameDB(GameDB):
tests/test_scene_llm_1836.py	61	db_stub_class	KEEP_non_persist_collaborator_or_agent_double	class	FakeAgent	class FakeAgent:
tests/test_scene_llm_1836.py	91	db_stub_class	KEEP_non_persist_collaborator_or_agent_double	class	FakeAgent	class FakeAgent:
tests/test_scene_llm_1836.py	127	db_stub_class	KEEP_non_persist_collaborator_or_agent_double	class	FakeAgent	class FakeAgent:
tests/test_scene_llm_1836.py	173	db_stub_class	KEEP_non_persist_collaborator_or_agent_double	class	FakeAgent	class FakeAgent:
tests/test_scene_llm_1836.py	203	db_stub_class	KEEP_non_persist_collaborator_or_agent_double	class	FakeAgent	class FakeAgent:
tests/test_settlement_write_guard_393.py	24	db_stub_class	KEEP_non_persist_collaborator_or_agent_double	class	_RecordingDB	class _RecordingDB:
tests/test_settlement_write_guard_393.py	69	db_stub_class	KEEP_non_persist_collaborator_or_agent_double	class	_FakeGame	class _FakeGame:
tests/test_transaction_boundary.py	490	db_stub_class	KEEP_non_persist_collaborator_or_agent_double	class	PlainDB	class PlainDB:
tests/test_verify_llm_clocks_884.py	128	db_stub_class	KEEP_non_persist_collaborator_or_agent_double	class	FakeAgent	class FakeAgent:
tests/test_web_audience_night_498.py	59	db_stub_class	KEEP_non_persist_collaborator_or_agent_double	class	_FakeAgent	class _FakeAgent:
tests/test_web_chat_serialization_393.py	29	db_stub_class	KEEP_non_persist_collaborator_or_agent_double	class	_FakeAgent	class _FakeAgent:
tests/test_web_chat_serialization_393.py	52	db_stub_class	KEEP_non_persist_collaborator_or_agent_double	class	_FakeSession	class _FakeSession(HallAdmissionSessionMixin):
tests/test_web_chat_serialization_393.py	98	db_stub_class	KEEP_concurrency_collaborator	class	_RecordingDB{append_chat_message,capture_chat_rollback_snapshot,create_chat_turn,fail_chat_turn,persist_minister_reply}	class _RecordingDB:
tests/test_web_chat_serialization_393.py	104	lightweight_or_noop_atomic	KEEP_queue_concurrency_contract	comment_or_text		# conn=None：配合 _atomic_connless_test_shell_compat；夜查询由测试补丁现役接口。
tests/test_web_chat_serialization_393.py	110	reimpl_capture_chat_rollback_snapshot	KEEP_concurrency_collaborator	def	_RecordingDB.capture_chat_rollback_snapshot	def capture_chat_rollback_snapshot(self):
tests/test_web_chat_serialization_393.py	113	reimpl_create_chat_turn	KEEP_concurrency_collaborator	def	_RecordingDB.create_chat_turn	def create_chat_turn(self, state, minister_name, agno_session_id, agno_runs_before, **_kw):
tests/test_web_chat_serialization_393.py	116	reimpl_append_chat_message	KEEP_concurrency_collaborator	def	_RecordingDB.append_chat_message	def append_chat_message(self, minister_name: str, turn: int, role: str, content: str) -> int:
tests/test_web_chat_serialization_393.py	127	reimpl_persist_minister_reply	KEEP_concurrency_collaborator	def	_RecordingDB.persist_minister_reply	def persist_minister_reply(
tests/test_web_chat_serialization_393.py	133	reimpl_fail_chat_turn	KEEP_concurrency_collaborator	def	_RecordingDB.fail_chat_turn	def fail_chat_turn(self, *_a, **_k):
tests/test_web_chat_serialization_393.py	230	lightweight_or_noop_atomic	KEEP_queue_concurrency_contract	fixture_use	test_background_stream_completion_waits_for_settlement_gate_and_keeps_acceptance_turn	def test_background_stream_completion_waits_for_settlement_gate_and_keeps_acceptance_turn(monkeypatch):
