kind	loc	test_or_raw	disposition	basis
DUPLICATE_ASSERT	tests/test_advance_paths_atomic.py:241,251	test_submit_decisions_does_not_overwrite_already_decided_rows	KEEP	same-expr-reassert; phase/mutation checkpoint, not weak⊂strong
DUPLICATE_ASSERT	tests/test_affairs_1831.py:126,133	test_same_name_affairs_are_not_merged_and_birth_close_is_rejected	KEEP	same-expr-reassert; phase/mutation checkpoint, not weak⊂strong
DUPLICATE_ASSERT	tests/test_applier_contract.py:369,374	test_ddl_in_open_transaction_rolls_back	KEEP	same-expr-reassert; phase/mutation checkpoint, not weak⊂strong
DUPLICATE_ASSERT	tests/test_audience_night_498.py:465,471	test_closing_cursor0_reopen_refuses_new_and_explicit_resume_commits	KEEP	same-expr-reassert; phase/mutation checkpoint, not weak⊂strong
DUPLICATE_ASSERT	tests/test_audience_night_498.py:663,665	test_close_night_committed_without_dossier_does_not_publish_mingfa	KEEP	same-expr-reassert; phase/mutation checkpoint, not weak⊂strong
DUPLICATE_ASSERT	tests/test_audience_presence_500.py:234,237	test_reenter_after_exit_reappears_in_roster	KEEP	same-expr-reassert; phase/mutation checkpoint, not weak⊂strong
DUPLICATE_ASSERT	tests/test_audience_restore_505.py:440,454	test_failed_retry_rolls_back_side_effects_and_keeps_question	KEEP	same-expr-reassert; phase/mutation checkpoint, not weak⊂strong
EQ_THEN_IN_REVERSE	tests/test_audience_translate_1837.py:656,658	test_scene_chat_cli_and_api_same_translation_shape	KEEP	exact == then negative membership / counterexample; not weak duplicate
DUPLICATE_ASSERT	tests/test_audience_translate_1837.py:871,891	test_translation_pending_create_approve_reject_undo_via_real_chat_turn	KEEP	same-expr-reassert; phase/mutation checkpoint, not weak⊂strong
DUPLICATE_ASSERT	tests/test_audience_translation_1838.py:267,282	test_protagonist_undo_reprojects_night_current	KEEP	same-expr-reassert; phase/mutation checkpoint, not weak⊂strong
DUPLICATE_ASSERT	tests/test_audience_travel_gating_670.py:222,230	test_in_transit_summon_origin_is_idempotent_and_restorable	KEEP	same-expr-reassert; phase/mutation checkpoint, not weak⊂strong
DUPLICATE_ASSERT	tests/test_audience_travel_gating_670.py:301,354	test_multi_origin_same_person_dedupes_consumer_projections_not_ledger	KEEP	same-expr-reassert; phase/mutation checkpoint, not weak⊂strong
DUPLICATE_ASSERT	tests/test_audience_travel_gating_670.py:329,370	test_multi_origin_same_person_dedupes_consumer_projections_not_ledger	KEEP	same-expr-reassert; phase/mutation checkpoint, not weak⊂strong
DUPLICATE_ASSERT	tests/test_audience_travel_gating_670.py:331,371	test_multi_origin_same_person_dedupes_consumer_projections_not_ledger	KEEP	same-expr-reassert; phase/mutation checkpoint, not weak⊂strong
DUPLICATE_ASSERT	tests/test_audience_travel_gating_670.py:481,519	test_arrived_summon_continuation_survives_failed_apply_across_months	KEEP	same-expr-reassert; phase/mutation checkpoint, not weak⊂strong
DUPLICATE_ASSERT	tests/test_audience_travel_gating_670.py:482,520	test_arrived_summon_continuation_survives_failed_apply_across_months	KEEP	same-expr-reassert; phase/mutation checkpoint, not weak⊂strong
DUPLICATE_ASSERT	tests/test_audience_travel_gating_670.py:518,527	test_arrived_summon_continuation_survives_failed_apply_across_months	KEEP	same-expr-reassert; phase/mutation checkpoint, not weak⊂strong
DUPLICATE_ASSERT	tests/test_audience_travel_gating_670.py:481,528	test_arrived_summon_continuation_survives_failed_apply_across_months	KEEP	same-expr-reassert; phase/mutation checkpoint, not weak⊂strong
DUPLICATE_ASSERT	tests/test_audience_travel_gating_670.py:482,529	test_arrived_summon_continuation_survives_failed_apply_across_months	KEEP	same-expr-reassert; phase/mutation checkpoint, not weak⊂strong
DUPLICATE_ASSERT	tests/test_audience_travel_gating_670.py:893,909	test_continuation_arrival_settles_origin_without_waiting	KEEP	same-expr-reassert; phase/mutation checkpoint, not weak⊂strong
DUPLICATE_ASSERT	tests/test_audience_undo_506.py:452,472	test_undo_dismiss_round_removes_exit_ledger_and_restores_presence	KEEP	same-expr-reassert; phase/mutation checkpoint, not weak⊂strong
DUPLICATE_ASSERT	tests/test_audience_undo_506.py:509,526	test_attach_origin_bind_atomic_no_orphan_enter_on_midway_crash	KEEP	same-expr-reassert; phase/mutation checkpoint, not weak⊂strong
EQ_THEN_IN_REVERSE	tests/test_authority_ledger_611.py:283,286	test_projection_typed_domain_only_and_ignores_payload_authorization	KEEP	exact == then negative membership / counterexample; not weak duplicate
    -> "payload-auth" not in (			KEEP	unclassified-kind:    -> "payload-auth" not in (; left for hand review
        context["dossiers"][0]["criteria_snapshot_source			KEEP	unclassified-kind:        context["dossiers"][0]["criteria_snapshot_source; left for hand review
EQ_THEN_IN_REVERSE	tests/test_authority_ledger_611.py:283,289	test_projection_typed_domain_only_and_ignores_payload_authorization	KEEP	exact == then negative membership / counterexample; not weak duplicate
    -> "payload-list" not in (			KEEP	unclassified-kind:    -> "payload-list" not in (; left for hand review
        context["dossiers"][0]["criteria_snapshot_source			KEEP	unclassified-kind:        context["dossiers"][0]["criteria_snapshot_source; left for hand review
DUPLICATE_ASSERT	tests/test_breach_plea_623.py:874,879	test_silence_keeps_pending_across_settle	KEEP	same-expr-reassert; phase/mutation checkpoint, not weak⊂strong
DUPLICATE_ASSERT	tests/test_candidate_supply_1893.py:216,229	test_selected_event_lands_once_via_existing_new_issues_write	KEEP	same-expr-reassert; phase/mutation checkpoint, not weak⊂strong
DUPLICATE_ASSERT	tests/test_character_knowledge_489.py:1240,1251	test_structured_person_scope_replaces_role_wide_world_reports	KEEP	same-expr-reassert; phase/mutation checkpoint, not weak⊂strong
LEN_THEN_EQ_CAND	tests/test_character_knowledge_489.py:1201,1210	test_structured_person_scope_replaces_role_wide_world_reports	KEEP	len(A) compare co-occurs with unrelated subject ==; heuristic false positive
LEN_THEN_EQ_CAND	tests/test_character_knowledge_489.py:1201,1211	test_structured_person_scope_replaces_role_wide_world_reports	KEEP	len(A) compare co-occurs with unrelated subject ==; heuristic false positive
LEN_THEN_EQ_CAND	tests/test_character_knowledge_489.py:1201,1212	test_structured_person_scope_replaces_role_wide_world_reports	KEEP	len(A) compare co-occurs with unrelated subject ==; heuristic false positive
LEN_THEN_EQ_CAND	tests/test_character_knowledge_489.py:1201,1214	test_structured_person_scope_replaces_role_wide_world_reports	KEEP	len(A) compare co-occurs with unrelated subject ==; heuristic false positive
LEN_THEN_EQ_CAND	tests/test_character_knowledge_489.py:1201,1215	test_structured_person_scope_replaces_role_wide_world_reports	KEEP	len(A) compare co-occurs with unrelated subject ==; heuristic false positive
LEN_THEN_EQ_CAND	tests/test_character_knowledge_489.py:1201,1231	test_structured_person_scope_replaces_role_wide_world_reports	KEEP	len(A) compare co-occurs with unrelated subject ==; heuristic false positive
LEN_THEN_EQ_CAND	tests/test_character_knowledge_489.py:1201,1233	test_structured_person_scope_replaces_role_wide_world_reports	KEEP	len(A) compare co-occurs with unrelated subject ==; heuristic false positive
LEN_THEN_EQ_CAND	tests/test_character_knowledge_489.py:1201,1234	test_structured_person_scope_replaces_role_wide_world_reports	KEEP	len(A) compare co-occurs with unrelated subject ==; heuristic false positive
LEN_THEN_EQ_CAND	tests/test_character_knowledge_489.py:1201,1239	test_structured_person_scope_replaces_role_wide_world_reports	KEEP	len(A) compare co-occurs with unrelated subject ==; heuristic false positive
LEN_THEN_EQ_CAND	tests/test_character_knowledge_489.py:1201,1240	test_structured_person_scope_replaces_role_wide_world_reports	KEEP	len(A) compare co-occurs with unrelated subject ==; heuristic false positive
LEN_THEN_EQ_CAND	tests/test_character_knowledge_489.py:1201,1244	test_structured_person_scope_replaces_role_wide_world_reports	KEEP	len(A) compare co-occurs with unrelated subject ==; heuristic false positive
LEN_THEN_EQ_CAND	tests/test_character_knowledge_489.py:1201,1246	test_structured_person_scope_replaces_role_wide_world_reports	KEEP	len(A) compare co-occurs with unrelated subject ==; heuristic false positive
LEN_THEN_EQ_CAND	tests/test_character_knowledge_489.py:1201,1250	test_structured_person_scope_replaces_role_wide_world_reports	KEEP	len(A) compare co-occurs with unrelated subject ==; heuristic false positive
LEN_THEN_EQ_CAND	tests/test_character_knowledge_489.py:1201,1251	test_structured_person_scope_replaces_role_wide_world_reports	KEEP	len(A) compare co-occurs with unrelated subject ==; heuristic false positive
LEN_THEN_EQ_CAND	tests/test_character_knowledge_489.py:1201,1262	test_structured_person_scope_replaces_role_wide_world_reports	KEEP	len(A) compare co-occurs with unrelated subject ==; heuristic false positive
LEN_THEN_EQ_CAND	tests/test_character_knowledge_489.py:1201,1263	test_structured_person_scope_replaces_role_wide_world_reports	KEEP	len(A) compare co-occurs with unrelated subject ==; heuristic false positive
LEN_THEN_EQ_CAND	tests/test_character_knowledge_489.py:1201,1264	test_structured_person_scope_replaces_role_wide_world_reports	KEEP	len(A) compare co-occurs with unrelated subject ==; heuristic false positive
LEN_THEN_EQ_CAND	tests/test_character_knowledge_489.py:1201,1272	test_structured_person_scope_replaces_role_wide_world_reports	KEEP	len(A) compare co-occurs with unrelated subject ==; heuristic false positive
        keke_lead["office"], keke_lead["office_type"],			KEEP	unclassified-kind:        keke_lead["office"], keke_lead["office_type"],; left for hand review
LEN_THEN_EQ_CAND	tests/test_character_knowledge_489.py:1201,1131	test_structured_person_scope_replaces_role_wide_world_reports	KEEP	len(A) compare co-occurs with unrelated subject ==; heuristic false positive
LEN_THEN_EQ_CAND	tests/test_character_knowledge_489.py:1201,1132	test_structured_person_scope_replaces_role_wide_world_reports	KEEP	len(A) compare co-occurs with unrelated subject ==; heuristic false positive
LEN_THEN_EQ_CAND	tests/test_character_knowledge_489.py:1201,1134	test_structured_person_scope_replaces_role_wide_world_reports	KEEP	len(A) compare co-occurs with unrelated subject ==; heuristic false positive
LEN_THEN_EQ_CAND	tests/test_character_knowledge_489.py:1201,1139	test_structured_person_scope_replaces_role_wide_world_reports	KEEP	len(A) compare co-occurs with unrelated subject ==; heuristic false positive
LEN_THEN_EQ_CAND	tests/test_character_knowledge_489.py:1201,1140	test_structured_person_scope_replaces_role_wide_world_reports	KEEP	len(A) compare co-occurs with unrelated subject ==; heuristic false positive
LEN_THEN_EQ_CAND	tests/test_character_knowledge_489.py:1201,1295	test_structured_person_scope_replaces_role_wide_world_reports	KEEP	len(A) compare co-occurs with unrelated subject ==; heuristic false positive
LEN_THEN_EQ_CAND	tests/test_character_knowledge_489.py:1201,1305	test_structured_person_scope_replaces_role_wide_world_reports	KEEP	len(A) compare co-occurs with unrelated subject ==; heuristic false positive
DUPLICATE_ASSERT	tests/test_character_knowledge_489.py:1398,1410	test_household_secret_ledger_keeps_amount_but_hides_case_semantics	KEEP	same-expr-reassert; phase/mutation checkpoint, not weak⊂strong
DUPLICATE_ASSERT	tests/test_character_knowledge_489.py:1442,1467	test_household_secret_ledger_hides_case_by_excluded_office	KEEP	same-expr-reassert; phase/mutation checkpoint, not weak⊂strong
DUPLICATE_ASSERT	tests/test_character_knowledge_489.py:1443,1468	test_household_secret_ledger_hides_case_by_excluded_office	KEEP	same-expr-reassert; phase/mutation checkpoint, not weak⊂strong
LEN_THEN_EQ_CAND	tests/test_cli_backend.py:72,82	test_extract_secret_order_preserves_long_title_without_formal_cap	KEEP	len(A) compare co-occurs with unrelated subject ==; heuristic false positive
LEN_THEN_EQ_CAND	tests/test_cli_backend.py:72,83	test_extract_secret_order_preserves_long_title_without_formal_cap	KEEP	len(A) compare co-occurs with unrelated subject ==; heuristic false positive
DUPLICATE_ASSERT	tests/test_cli_backend.py:612,613	test_resolve_cli_bin_caches	KEEP	same-expr-reassert; phase/mutation checkpoint, not weak⊂strong
DUPLICATE_ASSERT	tests/test_cli_transport_1465.py:203,214	test_cli_chat_stream_three_transient_exhausted_system_fail_night_open_then_resend	KEEP	same-expr-reassert; phase/mutation checkpoint, not weak⊂strong
DUPLICATE_ASSERT	tests/test_commitment_backlash_626.py:551,571	test_ac3_regret_then_expire_dropped_no_hammer	KEEP	same-expr-reassert; phase/mutation checkpoint, not weak⊂strong
DUPLICATE_ASSERT	tests/test_commitment_backlash_626.py:601,626	test_ac3_plea_due_expire_then_commitment_expire_no_hammer	KEEP	same-expr-reassert; phase/mutation checkpoint, not weak⊂strong
DUPLICATE_ASSERT	tests/test_commitment_backlash_626.py:767,773	test_ac5_hook_idempotent_no_gate_table_expansion	KEEP	same-expr-reassert; phase/mutation checkpoint, not weak⊂strong
DUPLICATE_ASSERT	tests/test_commitment_display_348.py:67,72	test_bar_tracks_elapsed_via_wall_clock	KEEP	same-expr-reassert; phase/mutation checkpoint, not weak⊂strong
DUPLICATE_ASSERT	tests/test_covert_levy_651.py:300,302	test_prohibition_reminder_is_consumed_after_later_payoff	KEEP	same-expr-reassert; phase/mutation checkpoint, not weak⊂strong
DUPLICATE_ASSERT	tests/test_covert_levy_651.py:402,422	test_prohibition_neutralizes_once_with_zero_receipt_and_partial_clamp	KEEP	same-expr-reassert; phase/mutation checkpoint, not weak⊂strong
LEN_THEN_EQ_CAND	tests/test_credit_events_628.py:459,499	test_disposition_scapegoat_cover_prosecute_on_transformed	KEEP	len(A) compare co-occurs with unrelated subject ==; heuristic false positive
LEN_THEN_EQ_CAND	tests/test_credit_events_628.py:459,500	test_disposition_scapegoat_cover_prosecute_on_transformed	KEEP	len(A) compare co-occurs with unrelated subject ==; heuristic false positive
LEN_THEN_EQ_CAND	tests/test_credit_events_628.py:459,405	test_disposition_scapegoat_cover_prosecute_on_transformed	KEEP	len(A) compare co-occurs with unrelated subject ==; heuristic false positive
LEN_THEN_EQ_CAND	tests/test_credit_events_628.py:459,452	test_disposition_scapegoat_cover_prosecute_on_transformed	KEEP	len(A) compare co-occurs with unrelated subject ==; heuristic false positive
LEN_THEN_EQ_CAND	tests/test_credit_events_628.py:459,562	test_disposition_scapegoat_cover_prosecute_on_transformed	KEEP	len(A) compare co-occurs with unrelated subject ==; heuristic false positive
DUPLICATE_ASSERT	tests/test_decree_commitment_settlement_229.py:498,517	test_until_stop_arrears_commitment_settlement_oracle_resolves_with_restore	KEEP	same-expr-reassert; phase/mutation checkpoint, not weak⊂strong
DUPLICATE_ASSERT	tests/test_decree_commitment_settlement_229.py:863,867	test_limited_duration_commitment_ticks_until_end_turn_then_expires	KEEP	same-expr-reassert; phase/mutation checkpoint, not weak⊂strong
DUPLICATE_ASSERT	tests/test_decree_commitment_settlement_229.py:868,874	test_limited_duration_commitment_ticks_until_end_turn_then_expires	KEEP	same-expr-reassert; phase/mutation checkpoint, not weak⊂strong
DUPLICATE_ASSERT	tests/test_decree_commitment_settlement_229.py:1340,1343	test_semantically_empty_one_shot_commitment_acks_once	KEEP	same-expr-reassert; phase/mutation checkpoint, not weak⊂strong
DUPLICATE_ASSERT	tests/test_decree_dossiers_571.py:308,311	test_pending_directive_only_enters_settlement_after_final_approval	KEEP	same-expr-reassert; phase/mutation checkpoint, not weak⊂strong
DUPLICATE_ASSERT	tests/test_decree_dossiers_571.py:309,312	test_pending_directive_only_enters_settlement_after_final_approval	KEEP	same-expr-reassert; phase/mutation checkpoint, not weak⊂strong
DUPLICATE_ASSERT	tests/test_decree_dossiers_571.py:1966,1975	test_inner_treasury_admission_uses_actual_once_and_preserves_surface	KEEP	same-expr-reassert; phase/mutation checkpoint, not weak⊂strong
DUPLICATE_ASSERT	tests/test_decree_forecast_1861.py:398,396	test_repeat_scene_approval_does_not_rerun_exhausted_forecast	KEEP	same-expr-reassert; phase/mutation checkpoint, not weak⊂strong
DUPLICATE_ASSERT	tests/test_decree_forecast_1861.py:513,521	test_held_rejudgments_overlap_instead_of_waiting_in_one_worker	KEEP	same-expr-reassert; phase/mutation checkpoint, not weak⊂strong
DUPLICATE_ASSERT	tests/test_decree_forecast_1861.py:514,522	test_held_rejudgments_overlap_instead_of_waiting_in_one_worker	KEEP	same-expr-reassert; phase/mutation checkpoint, not weak⊂strong
DUPLICATE_ASSERT	tests/test_deformation_dual_rail_622.py:127,141	test_ac1_ac2_transformed_vs_degraded_dual_rail_tracer	KEEP	same-expr-reassert; phase/mutation checkpoint, not weak⊂strong
LEN_THEN_EQ_CAND	tests/test_deformation_dual_rail_622.py:423,427	test_commitment_pooled_pay_arrears_inherits_beyond_intent	KEEP	len(A) compare co-occurs with unrelated subject ==; heuristic false positive
DUPLICATE_ASSERT	tests/test_draft_admission_resubmit_1769.py:685,696	test_advance_without_edict_vacuum_no_decree_issued	KEEP	same-expr-reassert; phase/mutation checkpoint, not weak⊂strong
DUPLICATE_ASSERT	tests/test_effect_origin_558.py:330,337	test_zero_manpower_origin_gate_matches_actual_arrears_writeoff	KEEP	same-expr-reassert; phase/mutation checkpoint, not weak⊂strong
LEN_THEN_EQ_CAND	tests/test_enter_settlement_period_1235.py:281,277	test_true_failure_pending_translation_exits_display	KEEP	len(A) compare co-occurs with unrelated subject ==; heuristic false positive
DUPLICATE_ASSERT	tests/test_enter_settlement_period_1235.py:487,510	test_concurrent_advance_noncreator_must_not_clear_owner_snapshot	KEEP	same-expr-reassert; phase/mutation checkpoint, not weak⊂strong
DUPLICATE_ASSERT	tests/test_enter_settlement_period_1235.py:487,500	test_concurrent_advance_noncreator_must_not_clear_owner_snapshot	KEEP	same-expr-reassert; phase/mutation checkpoint, not weak⊂strong
DUPLICATE_ASSERT	tests/test_enter_settlement_period_1235.py:609,643	test_session_reaccept_orphan_exits_after_owner_release	KEEP	same-expr-reassert; phase/mutation checkpoint, not weak⊂strong
DUPLICATE_ASSERT	tests/test_enter_settlement_period_1235.py:648,662	test_session_reaccept_orphan_exits_after_owner_release	KEEP	same-expr-reassert; phase/mutation checkpoint, not weak⊂strong
DUPLICATE_ASSERT	tests/test_enter_settlement_period_1235.py:718,747	test_noncreator_exit_must_not_clear_owner_during_gatefree	KEEP	same-expr-reassert; phase/mutation checkpoint, not weak⊂strong
DUPLICATE_ASSERT	tests/test_enter_settlement_period_1235.py:719,748	test_noncreator_exit_must_not_clear_owner_during_gatefree	KEEP	same-expr-reassert; phase/mutation checkpoint, not weak⊂strong
DUPLICATE_ASSERT	tests/test_enter_settlement_period_1235.py:720,749	test_noncreator_exit_must_not_clear_owner_during_gatefree	KEEP	same-expr-reassert; phase/mutation checkpoint, not weak⊂strong
DUPLICATE_ASSERT	tests/test_event_trigger_gate.py:898,913	test_mao_wenlong_event_remains_candidate_while_player_departure_is_in_transit	KEEP	same-expr-reassert; phase/mutation checkpoint, not weak⊂strong
DUPLICATE_ASSERT	tests/test_event_trigger_gate.py:2191,2197	test_historical_situation_auto_trigger_backfills_core_effect_for_existing_soft_issue	KEEP	same-expr-reassert; phase/mutation checkpoint, not weak⊂strong
DUPLICATE_ASSERT	tests/test_event_trigger_gate.py:2267,2279	test_huangtaiji_chengdi_lands_only_when_model_picks_it	KEEP	same-expr-reassert; phase/mutation checkpoint, not weak⊂strong
EQ_THEN_IN_REVERSE	tests/test_execution_joint_liability_565.py:272,273	test_assistant_row_delegator_gets_secondary_assistant_zero_mechanical	KEEP	exact == then negative membership / counterexample; not weak duplicate
EQ_THEN_IN_REVERSE	tests/test_execution_joint_liability_565.py:272,274	test_assistant_row_delegator_gets_secondary_assistant_zero_mechanical	KEEP	exact == then negative membership / counterexample; not weak duplicate
EQ_THEN_IN_REVERSE	tests/test_execution_joint_liability_565.py:295,296	test_assistant_row_delegator_gets_secondary_assistant_zero_mechanical	KEEP	exact == then negative membership / counterexample; not weak duplicate
DUPLICATE_ASSERT	tests/test_execution_pressure_654.py:552,560	test_path2_pending_bad_roster_stays_draft_on_ensure_batch	KEEP	same-expr-reassert; phase/mutation checkpoint, not weak⊂strong
DUPLICATE_ASSERT	tests/test_execution_pressure_654.py:553,561	test_path2_pending_bad_roster_stays_draft_on_ensure_batch	KEEP	same-expr-reassert; phase/mutation checkpoint, not weak⊂strong
DUPLICATE_ASSERT	tests/test_execution_pressure_654.py:918,949	test_location_canonical_seed_and_write_seam	KEEP	same-expr-reassert; phase/mutation checkpoint, not weak⊂strong
DUPLICATE_ASSERT	tests/test_execution_pressure_654.py:919,950	test_location_canonical_seed_and_write_seam	KEEP	same-expr-reassert; phase/mutation checkpoint, not weak⊂strong
DUPLICATE_ASSERT	tests/test_execution_pressure_654.py:920,951	test_location_canonical_seed_and_write_seam	KEEP	same-expr-reassert; phase/mutation checkpoint, not weak⊂strong
DUPLICATE_ASSERT	tests/test_execution_pressure_654.py:921,952	test_location_canonical_seed_and_write_seam	KEEP	same-expr-reassert; phase/mutation checkpoint, not weak⊂strong
DUPLICATE_ASSERT	tests/test_execution_pressure_654.py:922,953	test_location_canonical_seed_and_write_seam	KEEP	same-expr-reassert; phase/mutation checkpoint, not weak⊂strong
DUPLICATE_ASSERT	tests/test_executor_routing_721.py:70,78	test_create_dossier_nails_roster_lead_in_canonical_insert_and_restore	KEEP	same-expr-reassert; phase/mutation checkpoint, not weak⊂strong
EQ_THEN_IN_REVERSE	tests/test_executor_routing_721.py:246,247	test_real_assignment_stage_lead_comes_from_extract_not_summoned_minister	KEEP	exact == then negative membership / counterexample; not weak duplicate
DUPLICATE_ASSERT	tests/test_executor_routing_721.py:319,334	test_pending_routing_rejection_lands_on_ensure_batch_seam	KEEP	same-expr-reassert; phase/mutation checkpoint, not weak⊂strong
DUPLICATE_ASSERT	tests/test_executor_routing_721.py:322,337	test_pending_routing_rejection_lands_on_ensure_batch_seam	KEEP	same-expr-reassert; phase/mutation checkpoint, not weak⊂strong
DUPLICATE_ASSERT	tests/test_executor_routing_721.py:325,340	test_pending_routing_rejection_lands_on_ensure_batch_seam	KEEP	same-expr-reassert; phase/mutation checkpoint, not weak⊂strong
DUPLICATE_ASSERT	tests/test_faction_brew_637.py:347,365	test_zero_writes_to_factions_numeric_columns_across_all_seams	KEEP	same-expr-reassert; phase/mutation checkpoint, not weak⊂strong
DUPLICATE_ASSERT	tests/test_faction_brew_637.py:347,371	test_zero_writes_to_factions_numeric_columns_across_all_seams	KEEP	same-expr-reassert; phase/mutation checkpoint, not weak⊂strong
LEN_THEN_EQ_CAND	tests/test_faction_brew_637.py:624,632	test_faction_brew_prompt_retry_month_does_not_label_old_events_as_current_month	KEEP	len(A) compare co-occurs with unrelated subject ==; heuristic false positive
LEN_THEN_EQ_CAND	tests/test_faction_brew_637.py:624,633	test_faction_brew_prompt_retry_month_does_not_label_old_events_as_current_month	KEEP	len(A) compare co-occurs with unrelated subject ==; heuristic false positive
DUPLICATE_ASSERT	tests/test_faction_denunciation_627.py:304,311	test_ac4_dedup_upgrade_closed_and_restore	KEEP	same-expr-reassert; phase/mutation checkpoint, not weak⊂strong
DUPLICATE_ASSERT	tests/test_family_tail_615.py:199,232	test_break_rank_appointment_rescript_td4_tracer	KEEP	same-expr-reassert; phase/mutation checkpoint, not weak⊂strong
DUPLICATE_ASSERT	tests/test_family_tail_615.py:220,236	test_break_rank_appointment_rescript_td4_tracer	KEEP	same-expr-reassert; phase/mutation checkpoint, not weak⊂strong
DUPLICATE_ASSERT	tests/test_family_tail_615.py:220,241	test_break_rank_appointment_rescript_td4_tracer	KEEP	same-expr-reassert; phase/mutation checkpoint, not weak⊂strong
LEN_THEN_EQ_CAND	tests/test_fiscal_levy_effect.py:845,866	test_liao_levy_targets_all_seeded_settles_without_compounding_or_clobbering_p	KEEP	len(A) compare co-occurs with unrelated subject ==; heuristic false positive
LEN_THEN_EQ_CAND	tests/test_fiscal_levy_effect.py:845,862	test_liao_levy_targets_all_seeded_settles_without_compounding_or_clobbering_p	KEEP	len(A) compare co-occurs with unrelated subject ==; heuristic false positive
LEN_THEN_EQ_CAND	tests/test_fiscal_levy_effect.py:1071,1076	test_lian_levy_targets_all_seeded_settles_without_compounding_or_clobbering_p	KEEP	len(A) compare co-occurs with unrelated subject ==; heuristic false positive
        "SELECT terminal_state, terminal_reason FROM event			KEEP	unclassified-kind:        "SELECT terminal_state, terminal_reason FROM event; left for hand review
LEN_THEN_EQ_CAND	tests/test_fiscal_levy_effect.py:1071,1099	test_lian_levy_targets_all_seeded_settles_without_compounding_or_clobbering_p	KEEP	len(A) compare co-occurs with unrelated subject ==; heuristic false positive
LEN_THEN_EQ_CAND	tests/test_fiscal_levy_effect.py:1071,1095	test_lian_levy_targets_all_seeded_settles_without_compounding_or_clobbering_p	KEEP	len(A) compare co-occurs with unrelated subject ==; heuristic false positive
DUPLICATE_ASSERT	tests/test_fiscal_levy_effect.py:1211,1228	test_lian_levy_gate_waits_until_1639_and_needs_no_stop_event	KEEP	same-expr-reassert; phase/mutation checkpoint, not weak⊂strong
LEN_THEN_EQ_CAND	tests/test_fiscal_substrate_bridge.py:818,819	test_substrate_hub_cutover_runs_multi_tick_treasury_trajectory	KEEP	len(A) compare co-occurs with unrelated subject ==; heuristic false positive
LEN_THEN_EQ_CAND	tests/test_fiscal_substrate_bridge.py:818,820	test_substrate_hub_cutover_runs_multi_tick_treasury_trajectory	KEEP	len(A) compare co-occurs with unrelated subject ==; heuristic false positive
DUPLICATE_ASSERT	tests/test_fiscal_substrate_bridge.py:1179,1190	test_fixed_flows_substrate_hub_central_pay_carries_transport_loss_without_jingyun	KEEP	same-expr-reassert; phase/mutation checkpoint, not weak⊂strong
DUPLICATE_ASSERT	tests/test_fiscal_substrate_bridge.py:1207,1211	test_fixed_flows_substrate_hub_central_pay_carries_transport_loss_without_jingyun	KEEP	same-expr-reassert; phase/mutation checkpoint, not weak⊂strong
DUPLICATE_ASSERT	tests/test_gazette_author_1862.py:487,495	test_gazette_failure_retries_report_only	KEEP	same-expr-reassert; phase/mutation checkpoint, not weak⊂strong
DUPLICATE_ASSERT	tests/test_grant_reconciliation_567.py:227,248	test_close_merges_recon_note_without_second_treasury_debit	KEEP	same-expr-reassert; phase/mutation checkpoint, not weak⊂strong
DUPLICATE_ASSERT	tests/test_grant_reconciliation_567.py:228,249	test_close_merges_recon_note_without_second_treasury_debit	KEEP	same-expr-reassert; phase/mutation checkpoint, not weak⊂strong
EQ_THEN_IN_REVERSE	tests/test_impeachment_surge_655.py:107,108	test_delegator_only_responsible_is_eligible_target	KEEP	exact == then negative membership / counterexample; not weak duplicate
DUPLICATE_ASSERT	tests/test_impeachment_surge_655.py:307,310	test_transformed_candidate_fails_closed_outside_window_or_without_liability	KEEP	same-expr-reassert; phase/mutation checkpoint, not weak⊂strong
DUPLICATE_ASSERT	tests/test_issue_decree_token_1277.py:96,107	test_double_issue_same_token_second_is_409_turn_plus_one	KEEP	same-expr-reassert; phase/mutation checkpoint, not weak⊂strong
DUPLICATE_ASSERT	tests/test_issue_decree_token_1277.py:97,108	test_double_issue_same_token_second_is_409_turn_plus_one	KEEP	same-expr-reassert; phase/mutation checkpoint, not weak⊂strong
DUPLICATE_ASSERT	tests/test_llm_channel_config.py:316,321	test_scene_and_rescript_entries_pass_default_headers_at_transport	KEEP	same-expr-reassert; phase/mutation checkpoint, not weak⊂strong
DUPLICATE_ASSERT	tests/test_llm_channel_config.py:882,861	test_agent_factories_omit_max_tokens_on_param_surface	KEEP	same-expr-reassert; phase/mutation checkpoint, not weak⊂strong
DUPLICATE_ASSERT	tests/test_mechanical_tail_1845.py:128,146	test_reopen_resumes_incomplete_mechanical_tail	KEEP	same-expr-reassert; phase/mutation checkpoint, not weak⊂strong
DUPLICATE_ASSERT	tests/test_mechanical_tail_1845.py:312,347	test_non_exhausted_tail_failure_stays_pending_and_retries	KEEP	same-expr-reassert; phase/mutation checkpoint, not weak⊂strong
DUPLICATE_ASSERT	tests/test_mechanical_tail_1845.py:541,564	test_mechanical_tail_missing_llm_config_surfaces_retry	KEEP	same-expr-reassert; phase/mutation checkpoint, not weak⊂strong
DUPLICATE_ASSERT	tests/test_memorial_inbox_1726.py:112,126	test_mark_read_binds_to_row_not_dossier_and_persists	KEEP	same-expr-reassert; phase/mutation checkpoint, not weak⊂strong
DUPLICATE_ASSERT	tests/test_memorial_inbox_1726.py:128,138	test_mark_read_binds_to_row_not_dossier_and_persists	KEEP	same-expr-reassert; phase/mutation checkpoint, not weak⊂strong
DUPLICATE_ASSERT	tests/test_memorial_inbox_1726.py:129,139	test_mark_read_binds_to_row_not_dossier_and_persists	KEEP	same-expr-reassert; phase/mutation checkpoint, not weak⊂strong
DUPLICATE_ASSERT	tests/test_menu_continue_stream_1195.py:147,155	test_stale_continue_worker_does_not_publish_after_exit	KEEP	same-expr-reassert; phase/mutation checkpoint, not weak⊂strong
DUPLICATE_ASSERT	tests/test_month_call_recovery_1846.py:197,207	test_forecast_exhaustion_does_not_overwrite_prior_ending	KEEP	same-expr-reassert; phase/mutation checkpoint, not weak⊂strong
DUPLICATE_ASSERT	tests/test_month_call_recovery_1846.py:302,318	test_world_translate_exhaustion_keeps_text_resume_retries_translate_only	KEEP	same-expr-reassert; phase/mutation checkpoint, not weak⊂strong
DUPLICATE_ASSERT	tests/test_month_call_recovery_1846.py:372,382	test_escape_hatch_discards_world_segment_only_on_second_player_retry	KEEP	same-expr-reassert; phase/mutation checkpoint, not weak⊂strong
DUPLICATE_ASSERT	tests/test_month_call_recovery_1846.py:374,385	test_escape_hatch_discards_world_segment_only_on_second_player_retry	KEEP	same-expr-reassert; phase/mutation checkpoint, not weak⊂strong
DUPLICATE_ASSERT	tests/test_month_call_recovery_1846.py:374,394	test_escape_hatch_discards_world_segment_only_on_second_player_retry	KEEP	same-expr-reassert; phase/mutation checkpoint, not weak⊂strong
DUPLICATE_ASSERT	tests/test_month_call_recovery_1846.py:568,585	test_world_commit_failure_after_alongside_retries_uncommitted_segment	KEEP	same-expr-reassert; phase/mutation checkpoint, not weak⊂strong
DUPLICATE_ASSERT	tests/test_month_call_recovery_1846.py:569,586	test_world_commit_failure_after_alongside_retries_uncommitted_segment	KEEP	same-expr-reassert; phase/mutation checkpoint, not weak⊂strong
DUPLICATE_ASSERT	tests/test_month_call_recovery_1846.py:581,591	test_world_commit_failure_after_alongside_retries_uncommitted_segment	KEEP	same-expr-reassert; phase/mutation checkpoint, not weak⊂strong
DUPLICATE_ASSERT	tests/test_month_chain_1843.py:134,145	test_player_month_entry_settles_prepushed_edicts_then_world_once	KEEP	same-expr-reassert; phase/mutation checkpoint, not weak⊂strong
DUPLICATE_ASSERT	tests/test_month_chain_1843.py:135,146	test_player_month_entry_settles_prepushed_edicts_then_world_once	KEEP	same-expr-reassert; phase/mutation checkpoint, not weak⊂strong
DUPLICATE_ASSERT	tests/test_month_chain_1843.py:251,268	test_questions_hold_rescript_and_gazette_is_required_before_advance	KEEP	same-expr-reassert; phase/mutation checkpoint, not weak⊂strong
DUPLICATE_ASSERT	tests/test_month_chain_1843.py:251,285	test_questions_hold_rescript_and_gazette_is_required_before_advance	KEEP	same-expr-reassert; phase/mutation checkpoint, not weak⊂strong
DUPLICATE_ASSERT	tests/test_month_chain_1843.py:252,286	test_questions_hold_rescript_and_gazette_is_required_before_advance	KEEP	same-expr-reassert; phase/mutation checkpoint, not weak⊂strong
DUPLICATE_ASSERT	tests/test_month_chain_1843.py:573,578	test_held_dossier_settlement_failure_retry_and_reentry_isolation	KEEP	same-expr-reassert; phase/mutation checkpoint, not weak⊂strong
DUPLICATE_ASSERT	tests/test_month_chain_1843.py:577,583	test_held_dossier_settlement_failure_retry_and_reentry_isolation	KEEP	same-expr-reassert; phase/mutation checkpoint, not weak⊂strong
DUPLICATE_ASSERT	tests/test_month_chain_1843.py:573,584	test_held_dossier_settlement_failure_retry_and_reentry_isolation	KEEP	same-expr-reassert; phase/mutation checkpoint, not weak⊂strong
DUPLICATE_ASSERT	tests/test_month_chain_1843.py:639,643	test_missing_world_model_stops_before_world_commit	KEEP	same-expr-reassert; phase/mutation checkpoint, not weak⊂strong
DUPLICATE_ASSERT	tests/test_month_chain_1843.py:683,690	test_month_drift_settles_due_secret_and_records_inertia_rejection	KEEP	same-expr-reassert; phase/mutation checkpoint, not weak⊂strong
DUPLICATE_ASSERT	tests/test_month_chain_1847.py:345,352	test_decree_question_continuation_idempotent_on_same_turn_reentry	KEEP	same-expr-reassert; phase/mutation checkpoint, not weak⊂strong
DUPLICATE_ASSERT	tests/test_month_chain_1847.py:708,727	test_decree_continuation_keeps_forecast_and_lands_affair_effect	KEEP	same-expr-reassert; phase/mutation checkpoint, not weak⊂strong
DUPLICATE_ASSERT	tests/test_month_chain_1847.py:836,870	test_question_note_only_is_kept_and_other_decisions_still_require_label	KEEP	same-expr-reassert; phase/mutation checkpoint, not weak⊂strong
DUPLICATE_ASSERT	tests/test_month_chain_1847.py:1171,1184	test_drift_sees_effects_landed_after_answers	KEEP	same-expr-reassert; phase/mutation checkpoint, not weak⊂strong
EQ_THEN_IN_REVERSE	tests/test_month_chain_1847.py:1286,1297	test_step_4a_rescript_continuation_feeds_supply_run_input	KEEP	exact == then negative membership / counterexample; not weak duplicate
DUPLICATE_ASSERT	tests/test_month_chain_1847.py:1508,1518	test_step_4a_crash_recovery_resumes_without_re_running_supply	KEEP	same-expr-reassert; phase/mutation checkpoint, not weak⊂strong
DUPLICATE_ASSERT	tests/test_month_chain_1847.py:1510,1520	test_step_4a_crash_recovery_resumes_without_re_running_supply	KEEP	same-expr-reassert; phase/mutation checkpoint, not weak⊂strong
DUPLICATE_ASSERT	tests/test_month_chain_1847.py:1638,1662	test_step_4a_missing_covert_fidelity_records_inline_rejection	KEEP	same-expr-reassert; phase/mutation checkpoint, not weak⊂strong
DUPLICATE_ASSERT	tests/test_month_chain_1847.py:1639,1663	test_step_4a_missing_covert_fidelity_records_inline_rejection	KEEP	same-expr-reassert; phase/mutation checkpoint, not weak⊂strong
DUPLICATE_ASSERT	tests/test_month_chain_1847.py:1855,1859	test_step_4a_non_validation_failure_keeps_product_on_retry	KEEP	same-expr-reassert; phase/mutation checkpoint, not weak⊂strong
LEN_THEN_EQ_CAND	tests/test_month_loop_tracer_1468.py:447,455	test_issue_extraction_llm_dead_single_source_not_cta	KEEP	len(A) compare co-occurs with unrelated subject ==; heuristic false positive
LEN_THEN_EQ_CAND	tests/test_month_loop_tracer_1468.py:447,457	test_issue_extraction_llm_dead_single_source_not_cta	KEEP	len(A) compare co-occurs with unrelated subject ==; heuristic false positive
DUPLICATE_ASSERT	tests/test_month_translate_1840.py:156,166	test_pre_push_segment_translation_stages_declaration_without_world_writes	KEEP	same-expr-reassert; phase/mutation checkpoint, not weak⊂strong
DUPLICATE_ASSERT	tests/test_month_translate_1840.py:384,402	test_staged_month_declarations_settle_in_given_order_and_effects_are_idempotent	KEEP	same-expr-reassert; phase/mutation checkpoint, not weak⊂strong
DUPLICATE_ASSERT	tests/test_month_translate_1840.py:488,491	test_unparseable_month_segment_does_not_stage_or_commit	KEEP	same-expr-reassert; phase/mutation checkpoint, not weak⊂strong
DUPLICATE_ASSERT	tests/test_month_translate_1840.py:661,695	test_world_segment_repeated_strategic_results_apply_in_order	KEEP	same-expr-reassert; phase/mutation checkpoint, not weak⊂strong
EQ_THEN_IN_REVERSE	tests/test_mutiny_actual_residence_659.py:125,126	test_redeploy_moves_fact_region_keeps_pay_source	KEEP	exact == then negative membership / counterexample; not weak duplicate
EQ_THEN_IN_REVERSE	tests/test_mutiny_actual_residence_659.py:125,127	test_redeploy_moves_fact_region_keeps_pay_source	KEEP	exact == then negative membership / counterexample; not weak duplicate
DUPLICATE_ASSERT	tests/test_mutiny_noop_whitelist_319.py:166,171	test_latched_manpower_strict_negative_applies_zero_and_positive_noop	KEEP	same-expr-reassert; phase/mutation checkpoint, not weak⊂strong
DUPLICATE_ASSERT	tests/test_mutiny_noop_whitelist_319.py:166,176	test_latched_manpower_strict_negative_applies_zero_and_positive_noop	KEEP	same-expr-reassert; phase/mutation checkpoint, not weak⊂strong
DUPLICATE_ASSERT	tests/test_mutiny_noop_whitelist_319.py:188,193	test_latched_loyalty_positive_applies_negative_noop	KEEP	same-expr-reassert; phase/mutation checkpoint, not weak⊂strong
DUPLICATE_ASSERT	tests/test_new_game_write_path_1749.py:351,388	test_new_game_write_path_direct_and_via_exit	KEEP	same-expr-reassert; phase/mutation checkpoint, not weak⊂strong
DUPLICATE_ASSERT	tests/test_new_game_write_path_1749.py:535,538	test_load_save_close_fail_restores_writable_old_game	KEEP	same-expr-reassert; phase/mutation checkpoint, not weak⊂strong
DUPLICATE_ASSERT	tests/test_new_game_write_path_1749.py:581,590	test_exit_close_fail_blocks_archive_on_real_new_game	KEEP	same-expr-reassert; phase/mutation checkpoint, not weak⊂strong
DUPLICATE_ASSERT	tests/test_office_inference.py:298,310	test_appointment_seat_identity_reuses_local_and_strips_central	KEEP	same-expr-reassert; phase/mutation checkpoint, not weak⊂strong
DUPLICATE_ASSERT	tests/test_office_inference.py:299,313	test_appointment_seat_identity_reuses_local_and_strips_central	KEEP	same-expr-reassert; phase/mutation checkpoint, not weak⊂strong
DUPLICATE_ASSERT	tests/test_office_rank_562.py:356,376	test_rank_rule_offset_reanchor_preserves_existing_save_leverage_once	KEEP	same-expr-reassert; phase/mutation checkpoint, not weak⊂strong
EQ_THEN_IN_REVERSE	tests/test_office_rank_562.py:415,416	test_seed_archives_clean_historical_office_for_dismissed_ministers	KEEP	exact == then negative membership / counterexample; not weak duplicate
EQ_THEN_IN_REVERSE	tests/test_opening_gazette_delete_1356.py:115,116	test_old_save_exact_purge_keeps_real_with_phrase_counterexample	KEEP	exact == then negative membership / counterexample; not weak duplicate
DUPLICATE_ASSERT	tests/test_override_breach_costs_564.py:84,96	test_midzhi_rejection_no_party_fanout_then_force_only_authority	KEEP	same-expr-reassert; phase/mutation checkpoint, not weak⊂strong
DUPLICATE_ASSERT	tests/test_override_breach_costs_564.py:85,97	test_midzhi_rejection_no_party_fanout_then_force_only_authority	KEEP	same-expr-reassert; phase/mutation checkpoint, not weak⊂strong
DUPLICATE_ASSERT	tests/test_override_breach_costs_564.py:125,138	test_midzhi_rejudgment_never_applies_party_satisfaction	KEEP	same-expr-reassert; phase/mutation checkpoint, not weak⊂strong
DUPLICATE_ASSERT	tests/test_person_delta_adapter.py:3623,3649	test_apply_office_appointment_person_title_survives_stem_collision	KEEP	same-expr-reassert; phase/mutation checkpoint, not weak⊂strong
DUPLICATE_ASSERT	tests/test_person_delta_adapter.py:3627,3654	test_apply_office_appointment_person_title_survives_stem_collision	KEEP	same-expr-reassert; phase/mutation checkpoint, not weak⊂strong
DUPLICATE_ASSERT	tests/test_person_transit_write_667.py:114,120	test_departure_persists_matrix_distance_and_urgent_factor	KEEP	same-expr-reassert; phase/mutation checkpoint, not weak⊂strong
DUPLICATE_ASSERT	tests/test_person_transit_write_667.py:115,121	test_departure_persists_matrix_distance_and_urgent_factor	KEEP	same-expr-reassert; phase/mutation checkpoint, not weak⊂strong
DUPLICATE_ASSERT	tests/test_pihong_dossier_1490.py:448,455	test_mixed_legal_illegal_options_illegal_choice_stays_pending	KEEP	same-expr-reassert; phase/mutation checkpoint, not weak⊂strong
DUPLICATE_ASSERT	tests/test_pihong_dossier_1490.py:697,745	test_657_five_actions_domain_writes	KEEP	same-expr-reassert; phase/mutation checkpoint, not weak⊂strong
LEN_THEN_EQ_CAND	tests/test_pihong_dossier_1490.py:709,711	test_657_five_actions_domain_writes	KEEP	len(A) compare co-occurs with unrelated subject ==; heuristic false positive
LEN_THEN_EQ_CAND	tests/test_pihong_dossier_1490.py:709,722	test_657_five_actions_domain_writes	KEEP	len(A) compare co-occurs with unrelated subject ==; heuristic false positive
LEN_THEN_EQ_CAND	tests/test_pihong_dossier_1490.py:709,724	test_657_five_actions_domain_writes	KEEP	len(A) compare co-occurs with unrelated subject ==; heuristic false positive
LEN_THEN_EQ_CAND	tests/test_pihong_dossier_1490.py:709,725	test_657_five_actions_domain_writes	KEEP	len(A) compare co-occurs with unrelated subject ==; heuristic false positive
LEN_THEN_EQ_CAND	tests/test_pihong_dossier_1490.py:709,734	test_657_five_actions_domain_writes	KEEP	len(A) compare co-occurs with unrelated subject ==; heuristic false positive
LEN_THEN_EQ_CAND	tests/test_pihong_dossier_1490.py:709,745	test_657_five_actions_domain_writes	KEEP	len(A) compare co-occurs with unrelated subject ==; heuristic false positive
LEN_THEN_EQ_CAND	tests/test_pihong_dossier_1490.py:709,746	test_657_five_actions_domain_writes	KEEP	len(A) compare co-occurs with unrelated subject ==; heuristic false positive
LEN_THEN_EQ_CAND	tests/test_pihong_dossier_1490.py:709,748	test_657_five_actions_domain_writes	KEEP	len(A) compare co-occurs with unrelated subject ==; heuristic false positive
DUPLICATE_ASSERT	tests/test_pihong_dossier_1490.py:861,878	test_657_return_revise_round_prior_and_clear_anchor	KEEP	same-expr-reassert; phase/mutation checkpoint, not weak⊂strong
DUPLICATE_ASSERT	tests/test_pihong_dossier_1490.py:1067,1106	test_657_abi_mapper_matrix_a1_a12	KEEP	same-expr-reassert; phase/mutation checkpoint, not weak⊂strong
LEN_THEN_EQ_CAND	tests/test_pihong_dossier_1490.py:1126,1138	test_657_abi_mapper_matrix_a1_a12	KEEP	len(A) compare co-occurs with unrelated subject ==; heuristic false positive
LEN_THEN_EQ_CAND	tests/test_pihong_dossier_1490.py:1126,1162	test_657_abi_mapper_matrix_a1_a12	KEEP	len(A) compare co-occurs with unrelated subject ==; heuristic false positive
LEN_THEN_EQ_CAND	tests/test_pihong_dossier_1490.py:1126,998	test_657_abi_mapper_matrix_a1_a12	KEEP	len(A) compare co-occurs with unrelated subject ==; heuristic false positive
LEN_THEN_EQ_CAND	tests/test_pihong_dossier_1490.py:1126,1002	test_657_abi_mapper_matrix_a1_a12	KEEP	len(A) compare co-occurs with unrelated subject ==; heuristic false positive
LEN_THEN_EQ_CAND	tests/test_pihong_dossier_1490.py:1126,1004	test_657_abi_mapper_matrix_a1_a12	KEEP	len(A) compare co-occurs with unrelated subject ==; heuristic false positive
LEN_THEN_EQ_CAND	tests/test_pihong_dossier_1490.py:1126,1055	test_657_abi_mapper_matrix_a1_a12	KEEP	len(A) compare co-occurs with unrelated subject ==; heuristic false positive
LEN_THEN_EQ_CAND	tests/test_pihong_dossier_1490.py:1126,1061	test_657_abi_mapper_matrix_a1_a12	KEEP	len(A) compare co-occurs with unrelated subject ==; heuristic false positive
LEN_THEN_EQ_CAND	tests/test_pihong_dossier_1490.py:1126,1062	test_657_abi_mapper_matrix_a1_a12	KEEP	len(A) compare co-occurs with unrelated subject ==; heuristic false positive
LEN_THEN_EQ_CAND	tests/test_pihong_dossier_1490.py:966,998	test_657_abi_mapper_matrix_a1_a12	KEEP	len(A) compare co-occurs with unrelated subject ==; heuristic false positive
LEN_THEN_EQ_CAND	tests/test_pihong_dossier_1490.py:966,1002	test_657_abi_mapper_matrix_a1_a12	KEEP	len(A) compare co-occurs with unrelated subject ==; heuristic false positive
LEN_THEN_EQ_CAND	tests/test_pihong_dossier_1490.py:966,1004	test_657_abi_mapper_matrix_a1_a12	KEEP	len(A) compare co-occurs with unrelated subject ==; heuristic false positive
LEN_THEN_EQ_CAND	tests/test_pihong_dossier_1490.py:966,1055	test_657_abi_mapper_matrix_a1_a12	KEEP	len(A) compare co-occurs with unrelated subject ==; heuristic false positive
LEN_THEN_EQ_CAND	tests/test_pihong_dossier_1490.py:966,1061	test_657_abi_mapper_matrix_a1_a12	KEEP	len(A) compare co-occurs with unrelated subject ==; heuristic false positive
LEN_THEN_EQ_CAND	tests/test_pihong_dossier_1490.py:966,1062	test_657_abi_mapper_matrix_a1_a12	KEEP	len(A) compare co-occurs with unrelated subject ==; heuristic false positive
DUPLICATE_ASSERT	tests/test_pihong_dossier_1490.py:1350,1359	test_657_s10_http_five_actions_and_1490_no_regress	KEEP	same-expr-reassert; phase/mutation checkpoint, not weak⊂strong
DUPLICATE_ASSERT	tests/test_pihong_dossier_1490.py:1350,1375	test_657_s10_http_five_actions_and_1490_no_regress	KEEP	same-expr-reassert; phase/mutation checkpoint, not weak⊂strong
DUPLICATE_ASSERT	tests/test_pihong_dossier_1490.py:1662,1681	test_657_web_http_hitl_lock_boundary_same_gate	KEEP	same-expr-reassert; phase/mutation checkpoint, not weak⊂strong
EQ_THEN_IN_REVERSE	tests/test_pihong_dossier_1490.py:1850,1851	test_657_follow_draft_ignores_client_field_overlay	KEEP	exact == then negative membership / counterexample; not weak duplicate
EQ_THEN_IN_REVERSE	tests/test_pihong_dossier_1490.py:1871,1872	test_657_midzhi_persists_decision_key_and_llm_label	KEEP	exact == then negative membership / counterexample; not weak duplicate
LEN_THEN_EQ_CAND	tests/test_pihong_dossier_1490.py:2031,2047	test_657_punishment_name_target_id_conflict_zero_writes	KEEP	len(A) compare co-occurs with unrelated subject ==; heuristic false positive
LEN_THEN_EQ_CAND	tests/test_pihong_dossier_1490.py:2031,2048	test_657_punishment_name_target_id_conflict_zero_writes	KEEP	len(A) compare co-occurs with unrelated subject ==; heuristic false positive
LEN_THEN_EQ_CAND	tests/test_pihong_dossier_1490.py:2031,2050	test_657_punishment_name_target_id_conflict_zero_writes	KEEP	len(A) compare co-occurs with unrelated subject ==; heuristic false positive
LEN_THEN_EQ_CAND	tests/test_pihong_dossier_1490.py:2031,2053	test_657_punishment_name_target_id_conflict_zero_writes	KEEP	len(A) compare co-occurs with unrelated subject ==; heuristic false positive
DUPLICATE_ASSERT	tests/test_pihong_dossier_1490.py:2090,2109	test_657_revise_deliberate_strict_contracts_zero_write_on_bad_shape	KEEP	same-expr-reassert; phase/mutation checkpoint, not weak⊂strong
DUPLICATE_ASSERT	tests/test_pihong_dossier_1490.py:2091,2110	test_657_revise_deliberate_strict_contracts_zero_write_on_bad_shape	KEEP	same-expr-reassert; phase/mutation checkpoint, not weak⊂strong
DUPLICATE_ASSERT	tests/test_pihong_dossier_1490.py:2090,2117	test_657_revise_deliberate_strict_contracts_zero_write_on_bad_shape	KEEP	same-expr-reassert; phase/mutation checkpoint, not weak⊂strong
DUPLICATE_ASSERT	tests/test_pihong_dossier_1490.py:2091,2118	test_657_revise_deliberate_strict_contracts_zero_write_on_bad_shape	KEEP	same-expr-reassert; phase/mutation checkpoint, not weak⊂strong
DUPLICATE_ASSERT	tests/test_pihong_dossier_1490.py:2702,2706	test_658_typed_target_and_backing_reject_bad_shapes	KEEP	same-expr-reassert; phase/mutation checkpoint, not weak⊂strong
DUPLICATE_ASSERT	tests/test_pihong_dossier_1490.py:2746,2769	test_658_routing_rejected_draft_retries_across_real_turn_boundaries	KEEP	same-expr-reassert; phase/mutation checkpoint, not weak⊂strong
DUPLICATE_ASSERT	tests/test_pihong_dossier_1490.py:2745,2772	test_658_routing_rejected_draft_retries_across_real_turn_boundaries	KEEP	same-expr-reassert; phase/mutation checkpoint, not weak⊂strong
DUPLICATE_ASSERT	tests/test_pihong_dossier_1490.py:2749,2777	test_658_routing_rejected_draft_retries_across_real_turn_boundaries	KEEP	same-expr-reassert; phase/mutation checkpoint, not weak⊂strong
DUPLICATE_ASSERT	tests/test_player_army_projection_321.py:356,379	test_restore_five_columns_and_player_tier_survives_reopen	KEEP	same-expr-reassert; phase/mutation checkpoint, not weak⊂strong
DUPLICATE_ASSERT	tests/test_pre_settle_transaction.py:213,216	test_enter_review_does_not_clobber_settling	KEEP	same-expr-reassert; phase/mutation checkpoint, not weak⊂strong
DUPLICATE_ASSERT	tests/test_pre_settle_transaction.py:306,308	test_sticky_phases_cover_awaiting_decision	KEEP	same-expr-reassert; phase/mutation checkpoint, not weak⊂strong
EQ_THEN_IN_REVERSE	tests/test_promulgation_judge_561.py:442,445	test_gate_evidence_reloads_dossier_after_reconsideration_mutation	KEEP	exact == then negative membership / counterexample; not weak duplicate
        fresh_context["dossiers"][0]["criteria_sn			KEEP	unclassified-kind:        fresh_context["dossiers"][0]["criteria_sn; left for hand review
DUPLICATE_ASSERT	tests/test_qa_c2_settlement_display_lifecycle_1343.py:83,114	test_success_clear_holds_write_gate_not_peer_txn	KEEP	same-expr-reassert; phase/mutation checkpoint, not weak⊂strong
DUPLICATE_ASSERT	tests/test_qa_e1_numeric_presentation.py:40,42	test_substrate_budget_splits_proposals_without_treasury_cap	KEEP	same-expr-reassert; phase/mutation checkpoint, not weak⊂strong
EQ_THEN_IN_REVERSE	tests/test_qa_h1_seed_data.py:73,74	test_dongjiang_commander_is_active_mao_wenlong	KEEP	exact == then negative membership / counterexample; not weak duplicate
LEN_THEN_EQ_CAND	tests/test_qa_h1_seed_data.py:156,132	test_fresh_seed_army_equipment_and_commanders_wire_through	KEEP	len(A) compare co-occurs with unrelated subject ==; heuristic false positive
LEN_THEN_EQ_CAND	tests/test_qa_h1_seed_data.py:156,133	test_fresh_seed_army_equipment_and_commanders_wire_through	KEEP	len(A) compare co-occurs with unrelated subject ==; heuristic false positive
LEN_THEN_EQ_CAND	tests/test_qa_h1_seed_data.py:156,134	test_fresh_seed_army_equipment_and_commanders_wire_through	KEEP	len(A) compare co-occurs with unrelated subject ==; heuristic false positive
LEN_THEN_EQ_CAND	tests/test_qa_h1_seed_data.py:156,135	test_fresh_seed_army_equipment_and_commanders_wire_through	KEEP	len(A) compare co-occurs with unrelated subject ==; heuristic false positive
EQ_THEN_IN_REVERSE	tests/test_qa_t1_extraction_dual_source_1353.py:187,188	test_partial_heal_single_source_pending_only_fresh	KEEP	exact == then negative membership / counterexample; not weak duplicate
DUPLICATE_ASSERT	tests/test_qa_t1_extraction_dual_source_1353.py:251,260	test_close_after_chat_passes_write_gate_like_auto_close	KEEP	same-expr-reassert; phase/mutation checkpoint, not weak⊂strong
DUPLICATE_ASSERT	tests/test_qa_t1_extraction_dual_source_1353.py:305,309	test_empty_startup_catchup_claims_zero_tickets	KEEP	same-expr-reassert; phase/mutation checkpoint, not weak⊂strong
DUPLICATE_ASSERT	tests/test_qa_t1_extraction_dual_source_1353.py:316,362	test_barrier_waits_trail_ticket_then_auto_close	KEEP	same-expr-reassert; phase/mutation checkpoint, not weak⊂strong
NOTIN_THEN_EQ_FULL	tests/test_qa_t1_extraction_dual_source_1353.py:352,361	test_barrier_waits_trail_ticket_then_auto_close	KEEP	notin then full == on same haystack is sequencing/setup, not dead weak assert
NOTIN_THEN_EQ_FULL	tests/test_qa_t1_extraction_dual_source_1353.py:353,361	test_barrier_waits_trail_ticket_then_auto_close	KEEP	notin then full == on same haystack is sequencing/setup, not dead weak assert
DUPLICATE_ASSERT	tests/test_refugee_loop_652.py:446,461	test_recovery_shared_pool_advances_once_after_empty_effect_month	KEEP	same-expr-reassert; phase/mutation checkpoint, not weak⊂strong
DUPLICATE_ASSERT	tests/test_relation_read_640.py:195,197	test_td7_dto_field_set_equals_frozen_whitelist	KEEP	same-expr-reassert; phase/mutation checkpoint, not weak⊂strong
DUPLICATE_ASSERT	tests/test_relation_store_632.py:213,223	test_record_relation_edge_event_respects_caller_owned_transaction	KEEP	same-expr-reassert; phase/mutation checkpoint, not weak⊂strong
LEN_THEN_EQ_CAND	tests/test_rescript_draft_656.py:416,418	test_generate_combined_target_and_roster_failures_reported_together_then_land	KEEP	len(A) compare co-occurs with unrelated subject ==; heuristic false positive
LEN_THEN_EQ_CAND	tests/test_rescript_draft_656.py:479,489	test_generate_combined_target_roster_partial_heal_reports_remaining	KEEP	len(A) compare co-occurs with unrelated subject ==; heuristic false positive
EQ_THEN_IN_REVERSE	tests/test_rescript_heal_isolation_1801.py:231,232	test_1801_eight_items_all_pass_no_heal_no_trim	KEEP	exact == then negative membership / counterexample; not weak duplicate
DUPLICATE_ASSERT	tests/test_rescript_option_field_heal_1746.py:792,816	test_heal_response_contract_failure_consumes_attempt_keeps_siblings	KEEP	same-expr-reassert; phase/mutation checkpoint, not weak⊂strong
DUPLICATE_ASSERT	tests/test_rescript_option_field_heal_1746.py:797,823	test_heal_response_contract_failure_consumes_attempt_keeps_siblings	KEEP	same-expr-reassert; phase/mutation checkpoint, not weak⊂strong
DUPLICATE_ASSERT	tests/test_rescript_option_field_heal_1746.py:803,827	test_heal_response_contract_failure_consumes_attempt_keeps_siblings	KEEP	same-expr-reassert; phase/mutation checkpoint, not weak⊂strong
DUPLICATE_ASSERT	tests/test_run_agent_text_transport_1465.py:112,139	test_run_agent_text_history_backed_drops_empty_completed_before_retry	KEEP	same-expr-reassert; phase/mutation checkpoint, not weak⊂strong
DUPLICATE_ASSERT	tests/test_run_agent_text_transport_1465.py:157,134	test_run_agent_text_history_backed_drops_empty_completed_before_retry	KEEP	same-expr-reassert; phase/mutation checkpoint, not weak⊂strong
DUPLICATE_ASSERT	tests/test_secret_order_isolation_883.py:513,530	test_976_withhold_does_not_yank_old_released_public_user	KEEP	same-expr-reassert; phase/mutation checkpoint, not weak⊂strong
DUPLICATE_ASSERT	tests/test_secret_order_isolation_883.py:516,533	test_976_withhold_does_not_yank_old_released_public_user	KEEP	same-expr-reassert; phase/mutation checkpoint, not weak⊂strong
DUPLICATE_ASSERT	tests/test_secret_order_isolation_883.py:1240,1261	test_976_rt01_two_secret_orders_different_assignees_no_cross_track	KEEP	same-expr-reassert; phase/mutation checkpoint, not weak⊂strong
DUPLICATE_ASSERT	tests/test_secret_order_isolation_883.py:1241,1262	test_976_rt01_two_secret_orders_different_assignees_no_cross_track	KEEP	same-expr-reassert; phase/mutation checkpoint, not weak⊂strong
DUPLICATE_ASSERT	tests/test_secret_order_isolation_883.py:1584,1587	test_976_message_level_origin_persisted_on_brief	KEEP	same-expr-reassert; phase/mutation checkpoint, not weak⊂strong
DUPLICATE_ASSERT	tests/test_secret_order_monthly_progress_566.py:218,226	test_current_secret_order_deadline_controls_monthly_eligibility	KEEP	same-expr-reassert; phase/mutation checkpoint, not weak⊂strong
DUPLICATE_ASSERT	tests/test_secret_order_monthly_progress_566.py:218,229	test_current_secret_order_deadline_controls_monthly_eligibility	KEEP	same-expr-reassert; phase/mutation checkpoint, not weak⊂strong
DUPLICATE_ASSERT	tests/test_secret_order_monthly_progress_566.py:369,324	test_real_no_edict_entries_roll_back_every_external_state_after_fiscal_write	KEEP	same-expr-reassert; phase/mutation checkpoint, not weak⊂strong
DUPLICATE_ASSERT	tests/test_secret_order_payoff_1504.py:849,841	test_non_finite_effort_is_invalid_not_full_investment	KEEP	same-expr-reassert; phase/mutation checkpoint, not weak⊂strong
DUPLICATE_ASSERT	tests/test_secret_order_payoff_1504.py:883,892	test_investigator_away_from_target_cannot_acquire_evidence	KEEP	same-expr-reassert; phase/mutation checkpoint, not weak⊂strong
DUPLICATE_ASSERT	tests/test_secret_order_payoff_1504.py:1071,1082	test_supply_call_writes_identity_materials_into_its_own_tree	KEEP	same-expr-reassert; phase/mutation checkpoint, not weak⊂strong
DUPLICATE_ASSERT	tests/test_secret_order_payoff_1504.py:1284,1304	test_spoliation_requires_real_knowledge_source	KEEP	same-expr-reassert; phase/mutation checkpoint, not weak⊂strong
DUPLICATE_ASSERT	tests/test_secret_order_payoff_1504.py:1286,1305	test_spoliation_requires_real_knowledge_source	KEEP	same-expr-reassert; phase/mutation checkpoint, not weak⊂strong
DUPLICATE_ASSERT	tests/test_secret_order_payoff_1504.py:1284,1313	test_spoliation_requires_real_knowledge_source	KEEP	same-expr-reassert; phase/mutation checkpoint, not weak⊂strong
DUPLICATE_ASSERT	tests/test_secret_order_payoff_1504.py:1286,1314	test_spoliation_requires_real_knowledge_source	KEEP	same-expr-reassert; phase/mutation checkpoint, not weak⊂strong
DUPLICATE_ASSERT	tests/test_secret_order_payoff_1504.py:1532,1569	test_4a_declaration_lands_actions_and_spoliation_through_month_chain	KEEP	same-expr-reassert; phase/mutation checkpoint, not weak⊂strong
DUPLICATE_ASSERT	tests/test_secret_order_payoff_1504.py:1678,1696	test_deep_dig_lands_through_month_chain_entry	KEEP	same-expr-reassert; phase/mutation checkpoint, not weak⊂strong
DUPLICATE_ASSERT	tests/test_secret_order_payoff_1504.py:1678,1786	test_deep_dig_lands_through_month_chain_entry	KEEP	same-expr-reassert; phase/mutation checkpoint, not weak⊂strong
DUPLICATE_ASSERT	tests/test_secret_order_payoff_1504.py:1809,1815	test_deep_dig_lands_through_month_chain_entry	KEEP	same-expr-reassert; phase/mutation checkpoint, not weak⊂strong
DUPLICATE_ASSERT	tests/test_secret_order_payoff_1504.py:1850,1855	test_deep_dig_lands_through_month_chain_entry	KEEP	same-expr-reassert; phase/mutation checkpoint, not weak⊂strong
DUPLICATE_ASSERT	tests/test_secret_order_payoff_1504.py:1807,1879	test_deep_dig_lands_through_month_chain_entry	KEEP	same-expr-reassert; phase/mutation checkpoint, not weak⊂strong
DUPLICATE_ASSERT	tests/test_secret_order_payoff_1504.py:1890,1904	test_deep_dig_lands_through_month_chain_entry	KEEP	same-expr-reassert; phase/mutation checkpoint, not weak⊂strong
DUPLICATE_ASSERT	tests/test_secret_order_payoff_1504.py:1878,1671	test_deep_dig_lands_through_month_chain_entry	KEEP	same-expr-reassert; phase/mutation checkpoint, not weak⊂strong
DUPLICATE_ASSERT	tests/test_secret_order_payoff_1504.py:1807,1672	test_deep_dig_lands_through_month_chain_entry	KEEP	same-expr-reassert; phase/mutation checkpoint, not weak⊂strong
DUPLICATE_ASSERT	tests/test_secret_order_payoff_1504.py:1878,1721	test_deep_dig_lands_through_month_chain_entry	KEEP	same-expr-reassert; phase/mutation checkpoint, not weak⊂strong
DUPLICATE_ASSERT	tests/test_secret_order_payoff_1504.py:1807,1722	test_deep_dig_lands_through_month_chain_entry	KEEP	same-expr-reassert; phase/mutation checkpoint, not weak⊂strong
DUPLICATE_ASSERT	tests/test_secret_order_payoff_1504.py:1878,1762	test_deep_dig_lands_through_month_chain_entry	KEEP	same-expr-reassert; phase/mutation checkpoint, not weak⊂strong
DUPLICATE_ASSERT	tests/test_secret_order_payoff_1504.py:1807,1763	test_deep_dig_lands_through_month_chain_entry	KEEP	same-expr-reassert; phase/mutation checkpoint, not weak⊂strong
DUPLICATE_ASSERT	tests/test_secret_order_payoff_1504.py:2086,2099	test_repeated_pointerless_orders_do_not_mint_clues	KEEP	same-expr-reassert; phase/mutation checkpoint, not weak⊂strong
DUPLICATE_ASSERT	tests/test_secret_order_payoff_1504.py:2103,2117	test_repeated_pointerless_orders_do_not_mint_clues	KEEP	same-expr-reassert; phase/mutation checkpoint, not weak⊂strong
DUPLICATE_ASSERT	tests/test_secret_order_payoff_1504.py:2192,2226	test_merged_clue_assists_the_fact_it_points_at	KEEP	same-expr-reassert; phase/mutation checkpoint, not weak⊂strong
DUPLICATE_ASSERT	tests/test_secret_order_update.py:85,99	test_update_by_id_persists_assignee_brief_after_restore	KEEP	same-expr-reassert; phase/mutation checkpoint, not weak⊂strong
NOTIN_THEN_EQ_FULL	tests/test_session_write_queue_1353.py:85,93	test_queue_order_early_claim_late_finish_before_barrier	KEEP	timing-barrier: absent-before then order== after barrier
NOTIN_THEN_EQ_FULL	tests/test_session_write_queue_1353.py:264,273	test_post_barrier_claim_cannot_cross_barrier_write	KEEP	timing-barrier: absent-before then order== after barrier
NOTIN_THEN_EQ_FULL	tests/test_session_write_queue_1353.py:372,378	test_run_exclusive_serializes_writes	KEEP	timing-barrier: absent-before then order== after barrier
NOTIN_THEN_EQ_FULL	tests/test_session_write_queue_1353.py:466,472	test_write_turn_still_blocks_on_open_barrier	KEEP	timing-barrier: absent-before then order== after barrier
DUPLICATE_ASSERT	tests/test_settle_core.py:63,69	test_pre_settle_persists_event_terminal_states_in_write_path	KEEP	same-expr-reassert; phase/mutation checkpoint, not weak⊂strong
DUPLICATE_ASSERT	tests/test_settlement_write_guard_393.py:267,262	test_serialized_web_write_cm_contract	KEEP	same-expr-reassert; phase/mutation checkpoint, not weak⊂strong
DUPLICATE_ASSERT	tests/test_settlement_write_guard_393.py:261,275	test_serialized_web_write_cm_contract	KEEP	same-expr-reassert; phase/mutation checkpoint, not weak⊂strong
LEN_THEN_EQ_CAND	tests/test_shared_resource_order_1844.py:218,219	test_player_decrees_sequential_army_station_reads_updated_roster	KEEP	len(A) compare co-occurs with unrelated subject ==; heuristic false positive
LEN_THEN_EQ_CAND	tests/test_shared_resource_order_1844.py:218,220	test_player_decrees_sequential_army_station_reads_updated_roster	KEEP	len(A) compare co-occurs with unrelated subject ==; heuristic false positive
LEN_THEN_EQ_CAND	tests/test_shared_resource_order_1844.py:218,221	test_player_decrees_sequential_army_station_reads_updated_roster	KEEP	len(A) compare co-occurs with unrelated subject ==; heuristic false positive
DUPLICATE_ASSERT	tests/test_staged_assignment_identity_1890.py:281,292	test_revision_keeps_original_source_turn_and_undo_restores_it	KEEP	same-expr-reassert; phase/mutation checkpoint, not weak⊂strong
DUPLICATE_ASSERT	tests/test_start_sh_deps_1721.py:99,114	test_start_sh_syncs_requirements_before_uvicorn	KEEP	same-expr-reassert; phase/mutation checkpoint, not weak⊂strong
DUPLICATE_ASSERT	tests/test_start_sh_deps_1721.py:101,116	test_start_sh_syncs_requirements_before_uvicorn	KEEP	same-expr-reassert; phase/mutation checkpoint, not weak⊂strong
DUPLICATE_ASSERT	tests/test_start_sh_deps_1721.py:102,117	test_start_sh_syncs_requirements_before_uvicorn	KEEP	same-expr-reassert; phase/mutation checkpoint, not weak⊂strong
DUPLICATE_ASSERT	tests/test_start_sh_deps_1721.py:104,118	test_start_sh_syncs_requirements_before_uvicorn	KEEP	same-expr-reassert; phase/mutation checkpoint, not weak⊂strong
LEN_THEN_EQ_CAND	tests/test_structured_decree_contract_1624.py:323,326	test_rescript_follow_draft_nails_drafted_roster	KEEP	len(A) compare co-occurs with unrelated subject ==; heuristic false positive
LEN_THEN_EQ_CAND	tests/test_structured_decree_contract_1624.py:323,327	test_rescript_follow_draft_nails_drafted_roster	KEEP	len(A) compare co-occurs with unrelated subject ==; heuristic false positive
LEN_THEN_EQ_CAND	tests/test_structured_decree_contract_1624.py:323,328	test_rescript_follow_draft_nails_drafted_roster	KEEP	len(A) compare co-occurs with unrelated subject ==; heuristic false positive
LEN_THEN_EQ_CAND	tests/test_structured_decree_contract_1624.py:323,329	test_rescript_follow_draft_nails_drafted_roster	KEEP	len(A) compare co-occurs with unrelated subject ==; heuristic false positive
LEN_THEN_EQ_CAND	tests/test_structured_decree_contract_1624.py:323,330	test_rescript_follow_draft_nails_drafted_roster	KEEP	len(A) compare co-occurs with unrelated subject ==; heuristic false positive
DUPLICATE_ASSERT	tests/test_style_temperament_641.py:139,170	test_temperament_style_preserves_raw_bytes_through_write_kernel	KEEP	same-expr-reassert; phase/mutation checkpoint, not weak⊂strong
DUPLICATE_ASSERT	tests/test_supervision_625.py:309,323	test_ac2_paired_observation_slots_and_countermeasure_hard_gate	KEEP	same-expr-reassert; phase/mutation checkpoint, not weak⊂strong
DUPLICATE_ASSERT	tests/test_surcharge_causal_chain_650.py:270,272	test_player_month_recovery_consumes_old_levy_once	KEEP	same-expr-reassert; phase/mutation checkpoint, not weak⊂strong
DUPLICATE_ASSERT	tests/test_surcharge_causal_chain_650.py:478,482	test_e2e_surcharge_and_stop_share_month_open_snapshot	KEEP	same-expr-reassert; phase/mutation checkpoint, not weak⊂strong
DUPLICATE_ASSERT	tests/test_transaction_boundary.py:29,34	test_game_db_owns_transaction_tracks_atomic_and_open_transactions	KEEP	same-expr-reassert; phase/mutation checkpoint, not weak⊂strong
DUPLICATE_ASSERT	tests/test_transaction_boundary.py:32,39	test_game_db_owns_transaction_tracks_atomic_and_open_transactions	KEEP	same-expr-reassert; phase/mutation checkpoint, not weak⊂strong
DUPLICATE_ASSERT	tests/test_transaction_boundary.py:179,183	test_set_fiscal_config_respects_caller_owned_transaction	KEEP	same-expr-reassert; phase/mutation checkpoint, not weak⊂strong
DUPLICATE_ASSERT	tests/test_transaction_boundary.py:199,206	test_set_fiscal_config_batch_respects_caller_owned_transaction	KEEP	same-expr-reassert; phase/mutation checkpoint, not weak⊂strong
DUPLICATE_ASSERT	tests/test_transit_aging_346.py:199,208	test_pre_settle_ticks_arrival_before_terminal_states	KEEP	same-expr-reassert; phase/mutation checkpoint, not weak⊂strong
DUPLICATE_ASSERT	tests/test_transit_countdown_668.py:108,116	test_pre_settle_tick_before_event_terminal_reads_new_location	KEEP	same-expr-reassert; phase/mutation checkpoint, not weak⊂strong
DUPLICATE_ASSERT	tests/test_transit_countdown_668.py:160,167	test_ousted_in_transit_stops_countdown_and_never_arrives	KEEP	same-expr-reassert; phase/mutation checkpoint, not weak⊂strong
DUPLICATE_ASSERT	tests/test_transit_countdown_668.py:161,168	test_ousted_in_transit_stops_countdown_and_never_arrives	KEEP	same-expr-reassert; phase/mutation checkpoint, not weak⊂strong
LEN_THEN_EQ_CAND	tests/test_urge_lever_624.py:143,144	test_rush_staged_commitment_advances_due_and_fills_urge_history	KEEP	len(A) compare co-occurs with unrelated subject ==; heuristic false positive
LEN_THEN_EQ_CAND	tests/test_urge_lever_624.py:143,145	test_rush_staged_commitment_advances_due_and_fills_urge_history	KEEP	len(A) compare co-occurs with unrelated subject ==; heuristic false positive
LEN_THEN_EQ_CAND	tests/test_urge_lever_624.py:220,224	test_urge_no_longer_rewrites_verdict_ac1_1895	KEEP	len(A) compare co-occurs with unrelated subject ==; heuristic false positive
LEN_THEN_EQ_CAND	tests/test_urge_lever_624.py:220,225	test_urge_no_longer_rewrites_verdict_ac1_1895	KEEP	len(A) compare co-occurs with unrelated subject ==; heuristic false positive
LEN_THEN_EQ_CAND	tests/test_urge_lever_624.py:350,351	test_urge_history_restore_from_committed_pending_ac7	KEEP	len(A) compare co-occurs with unrelated subject ==; heuristic false positive
LEN_THEN_EQ_CAND	tests/test_urge_lever_624.py:599,600	test_commitment_rush_via_pending_actions_gate	KEEP	len(A) compare co-occurs with unrelated subject ==; heuristic false positive
LEN_THEN_EQ_CAND	tests/test_urge_lever_624.py:599,601	test_commitment_rush_via_pending_actions_gate	KEEP	len(A) compare co-occurs with unrelated subject ==; heuristic false positive
LEN_THEN_EQ_CAND	tests/test_urge_lever_624.py:599,606	test_commitment_rush_via_pending_actions_gate	KEEP	len(A) compare co-occurs with unrelated subject ==; heuristic false positive
LEN_THEN_EQ_CAND	tests/test_urge_lever_624.py:599,615	test_commitment_rush_via_pending_actions_gate	KEEP	len(A) compare co-occurs with unrelated subject ==; heuristic false positive
DUPLICATE_ASSERT	tests/test_web_audience_night_498.py:276,317	test_translation_failure_retry_and_undo_through_audience_http	KEEP	same-expr-reassert; phase/mutation checkpoint, not weak⊂strong
DUPLICATE_ASSERT	tests/test_web_audience_night_498.py:385,349	test_translation_failure_retry_and_undo_through_audience_http	KEEP	same-expr-reassert; phase/mutation checkpoint, not weak⊂strong
DUPLICATE_ASSERT	tests/test_web_audience_night_498.py:381,350	test_translation_failure_retry_and_undo_through_audience_http	KEEP	same-expr-reassert; phase/mutation checkpoint, not weak⊂strong
DUPLICATE_ASSERT	tests/test_web_audience_night_498.py:386,351	test_translation_failure_retry_and_undo_through_audience_http	KEEP	same-expr-reassert; phase/mutation checkpoint, not weak⊂strong
DUPLICATE_ASSERT	tests/test_web_audience_night_498.py:387,357	test_translation_failure_retry_and_undo_through_audience_http	KEEP	same-expr-reassert; phase/mutation checkpoint, not weak⊂strong
DUPLICATE_ASSERT	tests/test_web_audience_night_498.py:390,361	test_translation_failure_retry_and_undo_through_audience_http	KEEP	same-expr-reassert; phase/mutation checkpoint, not weak⊂strong
JS_DUP	web/src/appDurableWiring.test.tsx:257,259	await act(async () => { await vi.waitFor(() => expect(host.textContent).toContain("臣已入殿")); });	KEEP	async waitFor / phase re-observe same expect; not weak⊂strong
JS_WEAK_THEN_STRONG	web/src/appDurableWiring.test.tsx:1060,1061	resume .not.toBeNull -> .toBe	KEEP	weak existence then strong on related target; properties differ
JS_WEAK_THEN_STRONG	web/src/appDurableWiring.test.tsx:1060,1070	resume .not.toBeNull -> .toBe	KEEP	weak existence then strong on related target; properties differ
JS_WEAK_THEN_STRONG	web/src/appDurableWiring.test.tsx:1069,1070	resume2 .not.toBeNull -> .toBe	KEEP	weak existence then strong on related target; properties differ
JS_WEAK_THEN_STRONG	web/src/appDurableWiring.test.tsx:1108,1109	resume .not.toBeNull -> .toBe	KEEP	weak existence then strong on related target; properties differ
JS_WEAK_THEN_STRONG	web/src/appDurableWiring.test.tsx:1913,1914	action .toBeTruthy -> .toBe	KEEP	weak existence then strong on related target; properties differ
JS_WEAK_THEN_STRONG	web/src/appDurableWiring.test.tsx:1936,1937	retry .not.toBeNull -> .toBe	KEEP	weak existence then strong on related target; properties differ
JS_DUP	web/src/appDurableWiring.test.tsx:2273,2281	expect(resolveCount).toBe(1);	KEEP	async waitFor / phase re-observe same expect; not weak⊂strong
JS_DUP	web/src/appDurableWiring.test.tsx:2273,2287	expect(resolveCount).toBe(1);	KEEP	async waitFor / phase re-observe same expect; not weak⊂strong
JS_WEAK_THEN_STRONG	web/src/appDurableWiring.test.tsx:2331,2332	resume .not.toBeNull -> .toBe	KEEP	weak existence then strong on related target; properties differ
JS_DUP	web/src/appDurableWiring.test.tsx:2426,2596	expect(host.textContent).toContain(SNAP_CLOSED);	KEEP	async waitFor / phase re-observe same expect; not weak⊂strong
JS_DUP	web/src/appDurableWiring.test.tsx:2423,2597	expect(host.textContent).not.toContain(MIDCOURSE_ISSUE);	KEEP	async waitFor / phase re-observe same expect; not weak⊂strong
JS_WEAK_THEN_STRONG	web/src/appDurableWiring.test.tsx:3072,3073	cancelEdit .not.toBeNull -> .toBe	KEEP	weak existence then strong on related target; properties differ
JS_DUP	web/src/components/decisionModal.test.tsx:66,70	expect(document.activeElement).toBe(option);	KEEP	async waitFor / phase re-observe same expect; not weak⊂strong
JS_DUP	web/src/components/decisionModal.test.tsx:66,74	expect(document.activeElement).toBe(option);	KEEP	async waitFor / phase re-observe same expect; not weak⊂strong
JS_DUP	web/src/components/decisionModal.test.tsx:66,83	expect(document.activeElement).toBe(option);	KEEP	async waitFor / phase re-observe same expect; not weak⊂strong
JS_DUP	web/src/components/decisionModal.test.tsx:105,110	expect(document.activeElement).toBe(option);	KEEP	async waitFor / phase re-observe same expect; not weak⊂strong
JS_WEAK_THEN_STRONG	web/src/components/decisionModal.test.tsx:167,168	sealConfirm .not.toBeNull -> .toBe	KEEP	weak existence then strong on related target; properties differ
JS_DUP	web/src/components/decisionModal.test.tsx:281,294	expect(confirm().disabled).toBe(false);	KEEP	async waitFor / phase re-observe same expect; not weak⊂strong
JS_DUP	web/src/components/decisionModal.test.tsx:328,335	expect(confirm().disabled).toBe(true);	KEEP	async waitFor / phase re-observe same expect; not weak⊂strong
JS_DUP	web/src/components/decisionModal.test.tsx:339,353	expect(confirm().disabled).toBe(false);	KEEP	async waitFor / phase re-observe same expect; not weak⊂strong
JS_DUP	web/src/components/decisionModal.test.tsx:328,374	expect(confirm().disabled).toBe(true);	KEEP	async waitFor / phase re-observe same expect; not weak⊂strong
JS_STRONG_THEN_WEAK	web/src/components/decisionModal.test.tsx:547,549	choice.label .toBe -> .not.toBe	KEEP	strong then later weak; reverse order not entailed deletion
JS_WEAK_THEN_STRONG	web/src/components/drawers.test.tsx:353,355	after!.left .not.toBe -> .toEqual	KEEP	distinct-property: existence/emptiness not entailed by later attr equality
JS_STRONG_THEN_WEAK	web/src/components/drawers.test.tsx:633,649	secondary .toBeTruthy -> .not.toBeNull	KEEP	strong then later weak; reverse order not entailed deletion
JS_DUP	web/src/components/drawers.test.tsx:822,831	expect(onOpenChat).not.toHaveBeenCalled();	KEEP	async waitFor / phase re-observe same expect; not weak⊂strong
JS_STRONG_THEN_WEAK	web/src/components/drawers.test.tsx:815,816	card .toBeTruthy -> .not.toBe	KEEP	strong then later weak; reverse order not entailed deletion
JS_WEAK_THEN_STRONG	web/src/components/drawers.test.tsx:825,826	resume .not.toBeNull -> .toBe	KEEP	weak existence then strong on related target; properties differ
JS_WEAK_THEN_STRONG	web/src/components/drawers.test.tsx:838,839	gatedResume .not.toBeNull -> .toBe	KEEP	weak existence then strong on related target; properties differ
JS_WEAK_THEN_STRONG	web/src/components/gameMenu.test.tsx:204,210	runnerSelect .toBeTruthy -> .toBe	KEEP	weak existence then strong on related target; properties differ
JS_DUP	web/src/components/gameMenu.test.tsx:487,494	expect(strength?.disabled).toBe(true);	KEEP	async waitFor / phase re-observe same expect; not weak⊂strong
JS_DUP	web/src/components/gameMenu.test.tsx:615,627	expect(strength?.disabled).toBe(true);	KEEP	async waitFor / phase re-observe same expect; not weak⊂strong
JS_WEAK_THEN_STRONG	web/src/components/gameMenu.test.tsx:662,679	baseUrlInput .toBeTruthy -> .toBe	KEEP	weak existence then strong on related target; properties differ
JS_WEAK_THEN_STRONG	web/src/components/gameMenu.test.tsx:663,680	modelInput .toBeTruthy -> .toBe	KEEP	weak existence then strong on related target; properties differ
JS_WEAK_THEN_STRONG	web/src/components/menuPage.test.tsx:127,128	continueBtn .toBeTruthy -> .toBe	KEEP	weak existence then strong on related target; properties differ
JS_WEAK_THEN_STRONG	web/src/components/menuPage.test.tsx:474,480	runnerSelect .toBeTruthy -> .toBe	KEEP	weak existence then strong on related target; properties differ
JS_DUP	web/src/components/menuPage.test.tsx:963,970	expect(strength?.disabled).toBe(true);	KEEP	async waitFor / phase re-observe same expect; not weak⊂strong
JS_DUP	web/src/components/modals.test.tsx:335,342	expect(onAdvance).not.toHaveBeenCalled();	KEEP	async waitFor / phase re-observe same expect; not weak⊂strong
JS_DUP	web/src/components/modals.test.tsx:370,377	expect(onUndo).not.toHaveBeenCalled();	KEEP	async waitFor / phase re-observe same expect; not weak⊂strong
JS_DUP	web/src/components/modals.test.tsx:691,697	expect(document.body.textContent).not.toContain("旧夜问话");	KEEP	async waitFor / phase re-observe same expect; not weak⊂strong
JS_DUP	web/src/components/modals.test.tsx:721,725	expect(document.body.textContent).not.toContain("撤回前答复");	KEEP	async waitFor / phase re-observe same expect; not weak⊂strong
JS_DUP	web/src/components/modals.test.tsx:756,758	expect(document.body.textContent).not.toContain("旧分线程不应闪回");	KEEP	async waitFor / phase re-observe same expect; not weak⊂strong
JS_DUP	web/src/components/modals.test.tsx:1494,1496	expect(host.textContent).toContain("场次32");	KEEP	async waitFor / phase re-observe same expect; not weak⊂strong
JS_WEAK_THEN_STRONG	web/src/components/modals.test.tsx:1789,1790	body .not.toBeNull -> .toBe	KEEP	weak existence then strong on related target; properties differ
JS_STRONG_THEN_WEAK	web/src/components/settlementFaces.test.tsx:189,190	attempts .toEqual -> .not.toBe	KEEP	strong then later weak; reverse order not entailed deletion
JS_STRONG_THEN_WEAK	web/src/components/settlementFaces.test.tsx:220,221	attempts .toEqual -> .not.toBe	KEEP	strong then later weak; reverse order not entailed deletion
JS_DUP	web/src/components/settlementFaces.test.tsx:421,444	expect(state.turn.settlement_display).toBe(false);	KEEP	async waitFor / phase re-observe same expect; not weak⊂strong
JS_STRONG_THEN_WEAK	web/src/decisionRouting.test.tsx:71,72	route.error .toBeNull -> .not.toBe	KEEP	strong then later weak; reverse order not entailed deletion
JS_STRONG_THEN_WEAK	web/src/decisionRouting.test.tsx:161,162	route.error .toBeNull -> .not.toBe	KEEP	strong then later weak; reverse order not entailed deletion
JS_DUP	web/src/useDurableProjection.test.tsx:73,81	expect(orders).toEqual(["undo"]);	KEEP	async waitFor / phase re-observe same expect; not weak⊂strong
JS_DUP	web/src/useSettlementFlow.test.tsx:192,196	expect(loadState).not.toHaveBeenCalled();	KEEP	async waitFor / phase re-observe same expect; not weak⊂strong
JS_DUP	web/src/useSettlementFlow.test.tsx:256,263	expect(loadState).toHaveBeenCalledTimes(1);	KEEP	async waitFor / phase re-observe same expect; not weak⊂strong
JS_DUP	web/src/useSettlementFlow.test.tsx:297,299	expect(loadState).toHaveBeenCalledTimes(1);	KEEP	async waitFor / phase re-observe same expect; not weak⊂strong
JS_DUP	web/src/useSettlementFlow.test.tsx:578,623	expect(loadState).toHaveBeenCalledTimes(1);	KEEP	async waitFor / phase re-observe same expect; not weak⊂strong
JS_DUP	web/src/useSettlementFlow.test.tsx:579,624	expect(reload).not.toHaveBeenCalled();	KEEP	async waitFor / phase re-observe same expect; not weak⊂strong
