class	member	kind	disposition	reason
F2-R10-1	ming_sim/content.py::rescript_draft_prompt	exclusive_asset	DELETE_PRIOR@40df97af9	旧初拟独占加载；上一腿已删
F2-R10-1	content/prompts/rescript_draft.md	exclusive_asset	DELETE_PRIOR@40df97af9	上一腿已删
F2-R10-1	content/prompts/event_selector.md	exclusive_asset	DELETE_PRIOR@40df97af9	上一腿已删
F2-R10-1	tests/test_rescript_draft_656.py::_CANNED|_retire_existing_actors|_add_character|_valid_item|_legal_item+parametrize	dead_fixture	DELETE_PRIOR@40df97af9	上一腿已删
F2-R10-1	tests/test_advance_paths_atomic.py::test_submit_event_decision_binds_from_candidate_snapshot_without_event_id	retired_behavior_test	DELETE_PRIOR@40df97af9	上一腿已删
F2-R10-2	tests/test_pay_order_override_653.py::test_central_hub_tier_order_and_old_arrears_unchanged_by_haircut	source_lock	DELETE_PRIOR@40df97af9	getsource 已删
F2-R10-2	tests/test_rescript_draft_656.py::test_prompt_zero_numeric_instruction_is_positive_qualitative	wording_lock	DELETE_PRIOR@40df97af9	措辞锁已删
F2-R10-2	tests/test_rescript_draft_656.py::hasattr ROUTABLE/FANOUT	internal_absence_lock	DELETE_PRIOR@40df97af9	上一腿已删
F2-R10-2	tests/test_fiscal_substrate_bridge.py::identity/shadow_tlog/mock_bridge	identity+log+mock	DELETE_PRIOR@40df97af9	上一腿已删
F2-R10-2	tests/test_qa_e1_numeric_presentation.py::note/internal/budget_key not-in after keyset	duplicate_after_keyset	DELETE_PRIOR@40df97af9	重复 not-in 已删；键集+工程词保留
F2-R10-1	tests/test_relation_capture_633.py::_CANNED	dead_extractor_canned	DELETE@5c57bef54	旧五模块 extractor canned；零引用
F2-R10-1	tests/test_relation_capture_633.py::_module_of	dead_extractor_helper	DELETE@5c57bef54	仅服务 _CANNED
F2-R10-1	tests/test_pre_settle_transaction.py::_drive_resolve_directives	dead_simulator_stub	DELETE@5c57bef54	旧 simulator stub；零挂接
F2-R10-1	tests/test_opening_gazette_delete_1356.py::_canned_settle	dead_settlement_wrapper	DELETE@5c57bef54	本地 canned 包装；现役 canned_full_settlement
F2-R10-1	tests/test_opening_gazette_delete_1356.py::_session	dead_settlement_harness	DELETE@5c57bef54	与 _canned_settle 互引死树壳
F2-R10-1	tests/test_secret_order_monthly_progress_566.py::_canned_monthly_settlement	dead_extractor_era_wrapper	DELETE@5c57bef54	extractor_calls 死包装
F2-R10-1	tests/legacy_staging_helpers.py::_stage_punishment	dead_alias	DELETE@5c57bef54	#1871 改名残留别名
F2-R10-1	tests/legacy_staging_helpers.py::_close_night_dossier	dead_alias	DELETE@5c57bef54	同上
F2-R10-1	tests/legacy_staging_helpers.py::_stage_yuan_appointment_summon	dead_alias	DELETE@5c57bef54	同上
F2-R10-1	tests/legacy_staging_helpers.py::_close_office_to_dossier	dead_alias	DELETE@5c57bef54	同上
F2-R10-1	tests/legacy_staging_helpers.py::_yuan_row	dead_alias	DELETE@5c57bef54	同上
F2-R10-1	ming_sim/content.py::scene_agent_prompt	shared_prompt	RETAIN	registry.py getattr 真消费
F2-R10-1	ming_sim/rescript_draft.py::normalize_*/revise/prewrite	shared_module	RETAIN	现役 session/agents/rescript_actions
F2-R10-1	ming_sim/db.py::save_rescript_drafts/list_rescript_drafts/save_resolve_context	shared_storage	RETAIN	批红/月链现役
F2-R10-1	tests/legacy_staging_helpers.py::_active_minister_name	live_alias	RETAIN	仍被 test_pre_settle_transaction / test_state_reload 导入
F2-R10-1	tests/legacy_staging_helpers.py::stage_punishment/close_night_dossier/yuan_row 等公开名	live_helpers	RETAIN	公开 API 仍被现役测试使用；仅删下划线死别名
F2-R10-2	tests/test_qa_e1_numeric_presentation.py::keyset+engineering token HUD	structured_negative	RETAIN	G1：确定性 HUD；非模型正文
F2-R10-2	tests/test_fiscal_substrate_bridge.py::preserves_persisted / advance_through_fixed_flows	external_contract	RETAIN	真实入口→外部结构化
F2-R10-2	evidence/1843-w4merge-fixer-receipt.md:103	false_receipt	CORRECT_PRIOR@40df97af9	上一腿已改正文
F2-R10-2	SEE evidence/1843-f2-r10c-f2-all-candidates.tsv	all_2101_per_name	INDEX	2101 条逐名处置真源；禁止再用「identity_only 91 条 public_seam」或「高信号强 DELETE=0」冒充全类结清
F2-R10-1	SEE evidence/1843-f2-r10c-f1-ooc-members.tsv	ooc_30_per_name	INDEX	faction_metrics + 原 18 零引用 + 上轮机械误标 DELETE 仍在场的 11 个 helper，共 30 行（1+18+11）逐名用途/依据；禁止「18个…」聚合行
F2-R10-1	ming_sim/content.py::faction_metrics	orphan_content_field	RETAIN_OUT_OF_CLASS	非已退役旧结算/simulator 消费者独占支持树成员；属从未接线的内容旁路字段。F2-R10-1 不以「git log -S 只有 Initial」单独结案，而是查实 Initial 当时亦无旧消费者。不借本类清扫一般孤儿字段。
F2-R10-1	tests/dossier_test_helpers.py::LIAO_PAY_COVERT_TASK	dead_const	RETAIN_OUT_OF_CLASS	密令/案卷测试残留常量，非旧 simulator 独占支持树；不借本类清扫一般零引用常量。
F2-R10-1	tests/test_affairs_1831.py::PROGRESS	dead_const	RETAIN_OUT_OF_CLASS	affairs 测试残留文案常量，无旧结算消费者承接；类外。
F2-R10-1	tests/test_audience_background.py::_assert_next_accepted	dead_helper	RETAIN_OUT_OF_CLASS	召对 background 流测试 helper，与旧 simulator 独占树无关。
F2-R10-1	tests/test_audience_presence_500.py::_session_double	dead_helper	RETAIN_OUT_OF_CLASS	召对 presence 测试壳，非旧结算独占支持。
F2-R10-1	tests/test_audience_presence_500.py::_tool_registry	dead_helper	RETAIN_OUT_OF_CLASS	召对工具注册测试双，类外。
F2-R10-1	tests/test_centrifuge_ledger_690.py::_SENTINEL_DEBT	dead_sentinel	RETAIN_OUT_OF_CLASS	财政离心账测试哨兵，非旧 simulator 树。
F2-R10-1	tests/test_centrifuge_ledger_690.py::_SENTINEL_WARINESS	dead_sentinel	RETAIN_OUT_OF_CLASS	同上。
F2-R10-1	tests/test_centrifuge_ledger_690.py::_SENTINEL_OVERDRAW	dead_sentinel	RETAIN_OUT_OF_CLASS	同上。
F2-R10-1	tests/test_centrifuge_ledger_690.py::_SENTINEL_LEG	dead_sentinel	RETAIN_OUT_OF_CLASS	同上。
F2-R10-1	tests/test_centrifuge_ledger_690.py::_SENTINEL_AMOUNT	dead_sentinel	RETAIN_OUT_OF_CLASS	同上。
F2-R10-1	tests/test_centrifuge_ledger_690.py::_SENTINEL_BASE	dead_sentinel	RETAIN_OUT_OF_CLASS	同上。
F2-R10-1	tests/test_decree_dossiers_571.py::_complete_session	dead_helper	RETAIN_OUT_OF_CLASS	案卷测试 session 装配残留，非旧结算独占树。
F2-R10-1	tests/test_fiscal_levy_effect.py::_settled_land_by_region	dead_helper	RETAIN_OUT_OF_CLASS	现役财政征税效果测试残留 helper；不属于已退役旧结算消费者支持树。
F2-R10-1	tests/test_qa_h1_seed_data.py::_bajiu_names	dead_helper	RETAIN_OUT_OF_CLASS	种子数据 QA helper，类外。
F2-R10-1	tests/test_refugee_loop_652.py::_reflux	dead_helper	RETAIN_OUT_OF_CLASS	流民回流测试过滤残留，类外。
F2-R10-1	tests/test_structured_decree_contract_1624.py::_month_end_ctx	dead_helper	RETAIN_OUT_OF_CLASS	结构化旨意契约测试上下文壳；服务现役材料目录，非旧 simulator 独占。
F2-R10-1	tests/test_structured_decree_contract_1624.py::_army_none_legal_item	dead_helper	RETAIN_OUT_OF_CLASS	结构化旨意合法项工厂残留，类外。
F2-R10-1	tests/test_transit_countdown_668.py::_assert_ledger_match	dead_helper	RETAIN_OUT_OF_CLASS	路程倒计时测试断言 helper 残留，类外。
F2-R10-1	tests/test_cli_backend.py::_patch_backend	dead_helper	RETAIN_OUT_OF_CLASS	CLI 后端探针 helper；无 hist 退役结算消费者独占链。纠正：不能因零引用+关键词误收入本类。
F2-R10-1	tests/test_cli_play_turn.py::_noop_atomic	dead_helper	RETAIN_OUT_OF_CLASS	CLI play_turn 测试空壳，类外。
F2-R10-1	tests/test_enter_settlement_period_1235.py::_terminal_sse	dead_helper	RETAIN_OUT_OF_CLASS	现役过月 SSE 解析 helper 残留；非已退役旧 simulator 支持树。
F2-R10-1	tests/test_month_loop_tracer_1468.py::_install_canned_minister	dead_helper	RETAIN_OUT_OF_CLASS	月环 tracer 召对桩残留；服务现役月环，非旧 simulator 独占。
F2-R10-1	tests/test_month_loop_tracer_1468.py::_month_ord_of	dead_helper	RETAIN_OUT_OF_CLASS	月环 tracer 工具函数残留，类外。
F2-R10-1	tests/test_month_loop_tracer_1468.py::_play_one_month	dead_helper	RETAIN_OUT_OF_CLASS	现役月环编排 helper 残留，非旧结算独占树。
F2-R10-1	tests/test_month_loop_tracer_1468.py::_setup_open_night_participant	dead_helper	RETAIN_OUT_OF_CLASS	召对夜测试布置残留，类外。
F2-R10-1	tests/test_month_loop_tracer_1468.py::_assert_court_break_closed	dead_helper	RETAIN_OUT_OF_CLASS	退朝外部契约断言残留，类外。
F2-R10-1	tests/test_pihong_dossier_1490.py::_658_session	dead_helper	RETAIN_OUT_OF_CLASS	批红案卷 #658 场景壳残留；现役批红路径，非旧 simulator。
F2-R10-1	tests/test_pihong_dossier_1490.py::_1778_raw_options	dead_helper	RETAIN_OUT_OF_CLASS	#1778 票面选项夹具残留，类外。
F2-R10-1	tests/test_pihong_dossier_1490.py::_1778_plant_and_follow	dead_helper	RETAIN_OUT_OF_CLASS	#1778 批红布置残留；外部结构化结果断言路径，非旧结算独占。
