file	lineno	name	old_dict_keys	name_or_doc_shadow	reason_hit	disposition
tests/test_appointment_tenure_607.py	58	test_legacy_appointment_defaults_to_permanent_without_rejudging		True	False	OUT_OF_CLASS_appointment_tenure_not_c0_old_keys
tests/test_decree_commitment_creation_136.py	627	test_legacy_resolve_condition_person_commitment_rejects_without_marker		True	False	OUT_OF_CLASS_commitment_marker_not_c0_old_keys
tests/test_initiative_resolve_pairing.py	53	test_military_effect_with_only_legacy_office_changes_warns	office_changes	True	False	DELETED_dead_key_dedicated_silence_gate_live_military_warns_remain
tests/test_office_rank_562.py	260	test_recognizable_archive_title_survives_blank_or_legacy_office_type		True	False	OUT_OF_CLASS_office_type_not_c0_old_keys
tests/test_person_delta_adapter.py	54	test_normalize_person_changes_ignores_non_item_shapes		False	False	RETAIN_live_non_item_人物变更_trim_dead_key_asserts
tests/test_relation_seed_638.py	260	test_seed_founding_write_does_not_swallow_execute_error_with_bad_rollback		True	True	OUT_OF_CLASS_seed_rollback_not_c0_old_keys
tests/test_issue_entities.py	-	test_issue_unified_person_change_shadows_legacy_person_effects		True	True	DELETED_empty_truth_retired_shadow
tests/test_person_delta_adapter.py	-	test_apply_score_extraction_new_person_changes_shadow_legacy_person_keys	character_status_changes	True	False	DELETED_retired_shadow_protocol
tests/test_issue_entities.py	-	test_legacy_issue_status_change_uses_person_transition_matrix		True	True	RENAMED_to_test_issue_entities_rejects_dead_to_dismissed_transition
tests/test_issue_entities.py	-	test_legacy_issue_status_change_does_not_use_month_end_active_gate		True	False	RENAMED_to_test_issue_entities_allows_imprisoned_to_dead_disposal
