class	member	kind	lineno	disposition	reason	flags
F2-R11-2	tests/test_audience_restore_505.py::test_657_rescript_summon_atomic_on_enter_failure	exception_match_literal	926	CANDIDATE	全仓测试措辞/内部/弱化/纯helper/重复候选；须按契约分类处置	exception_match_literal
F2-R11-2	tests/test_new_issues_section_rejections.py::test_new_issue_insert_code_exception_propagates	exception_match_literal	305	CANDIDATE	全仓测试措辞/内部/弱化/纯helper/重复候选；须按契约分类处置	exception_match_literal
F2-R11-2	tests/test_new_issues_section_rejections.py::test_event_to_issue_insert_exception_propagates	exception_match_literal	344	CANDIDATE	全仓测试措辞/内部/弱化/纯helper/重复候选；须按契约分类处置	exception_match_literal
F2-R11-2	tests/test_new_issues_section_rejections.py::test_new_issue_event_pool_insert_exception_propagates	exception_match_literal	358	CANDIDATE	全仓测试措辞/内部/弱化/纯helper/重复候选；须按契约分类处置	exception_match_literal
F2-R11-2	tests/test_pay_order_override_653.py::test_golden1_pay_order_reversal_breakdown_tsv	assert_startswith	213	CANDIDATE	全仓测试措辞/内部/弱化/纯helper/重复候选；须按契约分类处置	assert_startswith
F2-R11-2	tests/test_pay_order_override_653.py::test_golden2_haircut_half_is_exemption_not_debt	helper_internal_only	233	CANDIDATE	全仓测试措辞/内部/弱化/纯helper/重复候选；须按契约分类处置	helper_internal_only
F2-R11-2	tests/test_pay_order_override_653.py::test_proposed_revoke_does_not_restore_override	exception_match_literal	370	CANDIDATE	全仓测试措辞/内部/弱化/纯helper/重复候选；须按契约分类处置	exception_match_literal
F2-R11-2	tests/test_pay_order_override_653.py::test_rejected_revoke_does_not_restore_override	exception_match_literal	412	CANDIDATE	全仓测试措辞/内部/弱化/纯helper/重复候选；须按契约分类处置	exception_match_literal
F2-R11-2	tests/test_pay_order_override_653.py::test_legacy_engine_pay_order_materialize_fails_loud_not_fulfilled	exception_match_literal	645	CANDIDATE	全仓测试措辞/内部/弱化/纯helper/重复候选；须按契约分类处置	exception_match_literal
F2-R11-2	tests/test_fiscal_substrate_bridge.py::test_region_loader_expands_shared_settle_meta_defaults	log_or_issue_prefix_wording,assert_startswith,weakened_same_value_prefix	375	CANDIDATE	全仓测试措辞/内部/弱化/纯helper/重复候选；须按契约分类处置	log_or_issue_prefix_wording;assert_startswith;weakened_same_value_prefix
F2-R11-2	tests/test_fiscal_substrate_bridge.py::test_conservation_rejects_excluded_army_with_pay_source_debt	exception_match_literal	637	CANDIDATE	全仓测试措辞/内部/弱化/纯helper/重复候选；须按契约分类处置	exception_match_literal
F2-R11-2	tests/test_fiscal_substrate_bridge.py::test_conservation_rejects_province_source_army_without_settle_base	exception_match_literal	656	CANDIDATE	全仓测试措辞/内部/弱化/纯helper/重复候选；须按契约分类处置	exception_match_literal
F2-R11-2	tests/test_fiscal_substrate_bridge.py::test_settling_context_retry_does_not_recompute_substrate_hub_pre_settle	helper_internal_only	792	CANDIDATE	全仓测试措辞/内部/弱化/纯helper/重复候选；须按契约分类处置	helper_internal_only
F2-R11-2	tests/test_fiscal_substrate_bridge.py::test_substrate_hub_debit_fails_loud_when_required_debit_not_booked	exception_match_literal	1677	CANDIDATE	全仓测试措辞/内部/弱化/纯helper/重复候选；须按契约分类处置	exception_match_literal
F2-R11-2	tests/test_fiscal_substrate_bridge.py::test_fixed_flows_substrate_hub_failure_rolls_back_cutover_writes	exception_match_literal	1893	CANDIDATE	全仓测试措辞/内部/弱化/纯helper/重复候选；须按契约分类处置	exception_match_literal
F2-R11-2	tests/test_fiscal_substrate_bridge.py::test_army_pay_morale_formula_clamps_shortfall_and_old_arrears_gate	pure_formula_helper	2180	CANDIDATE	全仓测试措辞/内部/弱化/纯helper/重复候选；须按契约分类处置	pure_formula_helper
F2-R11-2	tests/test_fiscal_substrate_bridge.py::test_pay_source_conservation_rejects_per_army_derived_arrears_drift	exception_match_literal	2344	CANDIDATE	全仓测试措辞/内部/弱化/纯helper/重复候选；须按契约分类处置	exception_match_literal
F2-R11-2	tests/test_fiscal_substrate_bridge.py::test_economy_pay_arrears_from_central_account_splits_by_current_debt_ratio	helper_internal_only	2581	CANDIDATE	全仓测试措辞/内部/弱化/纯helper/重复候选；须按契约分类处置	helper_internal_only
F2-R11-2	tests/test_fiscal_substrate_bridge.py::test_economy_pay_arrears_from_central_account_can_repay_pure_province_source_army	helper_internal_only	2648	CANDIDATE	全仓测试措辞/内部/弱化/纯helper/重复候选；须按契约分类处置	helper_internal_only
F2-R11-2	tests/test_fiscal_substrate_bridge.py::test_economy_pay_arrears_preserves_fractional_pay_source_tail	helper_internal_only	2702	CANDIDATE	全仓测试措辞/内部/弱化/纯helper/重复候选；须按契约分类处置	helper_internal_only
F2-R11-2	tests/test_fiscal_substrate_bridge.py::test_economy_pay_arrears_clamps_integer_spend_and_preserves_tail	helper_internal_only	2761	CANDIDATE	全仓测试措辞/内部/弱化/纯helper/重复候选；须按契约分类处置	helper_internal_only
F2-R11-2	tests/test_fiscal_substrate_bridge.py::test_economy_pay_arrears_rejects_missing_or_unknown_target_without_repaying_other_armies	helper_internal_only	2841	CANDIDATE	全仓测试措辞/内部/弱化/纯helper/重复候选；须按契约分类处置	helper_internal_only
F2-R11-2	tests/test_fiscal_substrate_bridge.py::test_region_loader_rejects_bad_shared_settle_meta_defaults_container	exception_match_literal	3081	CANDIDATE	全仓测试措辞/内部/弱化/纯helper/重复候选；须按契约分类处置	exception_match_literal
F2-R11-2	tests/test_fiscal_substrate_bridge.py::test_region_loader_rejects_bad_plain_settle_meta	exception_match_literal	3091	CANDIDATE	全仓测试措辞/内部/弱化/纯helper/重复候选；须按契约分类处置	exception_match_literal
F2-R11-2	tests/test_fiscal_substrate_bridge.py::test_region_loader_rejects_bad_settle_meta_defaults	exception_match_param	3125	CANDIDATE	全仓测试措辞/内部/弱化/纯helper/重复候选；须按契约分类处置	exception_match_param
F2-R11-2	tests/test_fiscal_substrate_bridge.py::test_zhongyuan_jingshi_primary_source_refinement	chinese_literal_in_wording	3296	CANDIDATE	全仓测试措辞/内部/弱化/纯helper/重复候选；须按契约分类处置	chinese_literal_in_wording
F2-R11-2	tests/test_fiscal_substrate_bridge.py::test_primary_source_army_pay_due_rejects_dirty_annual_amount	exception_match_literal	3721	CANDIDATE	全仓测试措辞/内部/弱化/纯helper/重复候选；须按契约分类处置	exception_match_literal
F2-R11-2	tests/test_fiscal_substrate_bridge.py::test_standalone_army_pay_funnel_rejects_malformed_settle_shapes	exception_match_param	3737	CANDIDATE	全仓测试措辞/内部/弱化/纯helper/重复候选；须按契约分类处置	exception_match_param
F2-R11-2	tests/test_fiscal_substrate_bridge.py::test_standalone_army_pay_container_total_rejects_malformed_region_shapes	exception_match_param	3765	CANDIDATE	全仓测试措辞/内部/弱化/纯helper/重复候选；须按契约分类处置	exception_match_param
F2-R11-2	tests/test_fiscal_substrate_bridge.py::test_jiangnan_core_seeds_have_positive_remittance_golden	chinese_literal_in_wording	3802	CANDIDATE	全仓测试措辞/内部/弱化/纯helper/重复候选；须按契约分类处置	chinese_literal_in_wording
F2-R11-2	tests/test_fiscal_substrate_bridge.py::test_apply_fixed_period_flows_malformed_fiscal_container_isolated	log_or_issue_prefix_wording,assert_startswith	4448	CANDIDATE	全仓测试措辞/内部/弱化/纯helper/重复候选；须按契约分类处置	log_or_issue_prefix_wording;assert_startswith
F2-R11-2	tests/test_fiscal_substrate_bridge.py::test_apply_fixed_period_flows_malformed_fiscal_json_isolated	log_or_issue_prefix_wording	4496	CANDIDATE	全仓测试措辞/内部/弱化/纯helper/重复候选；须按契约分类处置	log_or_issue_prefix_wording
F2-R11-2	tests/test_fiscal_substrate_bridge.py::test_apply_fixed_period_flows_malformed_fiscal_scalar_isolated	log_or_issue_prefix_wording	4530	CANDIDATE	全仓测试措辞/内部/弱化/纯helper/重复候选；须按契约分类处置	log_or_issue_prefix_wording
F2-R11-2	tests/test_fiscal_substrate_bridge.py::test_fixed_flow_loader_rejects_non_finite_numeric_values	log_or_issue_prefix_wording	4575	CANDIDATE	全仓测试措辞/内部/弱化/纯helper/重复候选；须按契约分类处置	log_or_issue_prefix_wording
F2-R11-2	tests/test_fiscal_substrate_bridge.py::test_fixed_flow_loader_rejects_decoded_non_dict_payloads	log_or_issue_prefix_wording	4591	CANDIDATE	全仓测试措辞/内部/弱化/纯helper/重复候选；须按契约分类处置	log_or_issue_prefix_wording
F2-R11-2	tests/test_fiscal_substrate_bridge.py::test_advance_province_fiscal_substrate_rolls_back_inside_outer_atomic	exception_match_literal	4620	CANDIDATE	全仓测试措辞/内部/弱化/纯helper/重复候选；须按契约分类处置	exception_match_literal
F2-R11-2	tests/test_qa_s2_copy_prompts_1356_1402.py::test_gazette_header_uses_report_own_month_not_current_turn	chinese_literal_in_wording	21	CANDIDATE	全仓测试措辞/内部/弱化/纯helper/重复候选；须按契约分类处置	chinese_literal_in_wording
F2-R11-2	tests/test_qa_s2_copy_prompts_1356_1402.py::test_state_payload_projects_previous_reign_period_label	chinese_literal_in_wording	65	CANDIDATE	全仓测试措辞/内部/弱化/纯helper/重复候选；须按契约分类处置	chinese_literal_in_wording
F2-R11-2	tests/test_web_audience_night_498.py::test_asgi_dossiered_directive_has_no_retired_review_surface	chinese_literal_in_wording	520	CANDIDATE	全仓测试措辞/内部/弱化/纯helper/重复候选；须按契约分类处置	chinese_literal_in_wording
F2-R11-2	tests/test_declaration_dispatch_1835.py::test_reference_to_nonexistent_entity_is_rejected_without_killing_sibling_item	exception_match_literal,chinese_literal_in_wording	173	CANDIDATE	全仓测试措辞/内部/弱化/纯helper/重复候选；须按契约分类处置	exception_match_literal;chinese_literal_in_wording
F2-R11-2	tests/test_declaration_dispatch_1835.py::test_staged_declaration_discard_and_idempotent_settle_in_decree_order	chinese_literal_in_wording	687	CANDIDATE	全仓测试措辞/内部/弱化/纯helper/重复候选；须按契约分类处置	chinese_literal_in_wording
F2-R11-2	tests/test_audience_translation_1838.py::test_edge_event_and_public_saying_attach_affair	assert_startswith	306	CANDIDATE	全仓测试措辞/内部/弱化/纯helper/重复候选；须按契约分类处置	assert_startswith
F2-R11-2	tests/test_month_chain_1847.py::test_step_4a_deferred_disclosure_sees_fresh_0058_progress	assert_startswith	1322	CANDIDATE	全仓测试措辞/内部/弱化/纯helper/重复候选；须按契约分类处置	assert_startswith
F2-R11-2	tests/test_month_chain_1847.py::test_settle_edicts_persists_pending_disclosures_in_same_transaction	exception_match_literal	1692	CANDIDATE	全仓测试措辞/内部/弱化/纯helper/重复候选；须按契约分类处置	exception_match_literal
F2-R11-2	tests/test_month_chain_1847.py::test_pending_disclosures_share_commit_boundary_with_effects	exception_match_literal	2199	CANDIDATE	全仓测试措辞/内部/弱化/纯helper/重复候选；须按契约分类处置	exception_match_literal
F2-R11-2	tests/test_mechanical_tail_1845.py::test_chapter_memory_retired_from_three_readers	assert_startswith	447	CANDIDATE	全仓测试措辞/内部/弱化/纯helper/重复候选；须按契约分类处置	assert_startswith
F2-R11-2	tests/test_faction_denunciation_627.py::test_veracity_derivation_mechanical_and_origin_marks	assert_startswith	224	CANDIDATE	全仓测试措辞/内部/弱化/纯helper/重复候选；须按契约分类处置	assert_startswith
F2-R11-2	tests/test_decree_commitment_creation_136.py::test_until_stop_commitment_issue_is_created_with_carrier_fields	assert_startswith	30	CANDIDATE	全仓测试措辞/内部/弱化/纯helper/重复候选；须按契约分类处置	assert_startswith
F2-R11-2	tests/test_audience_night_498.py::test_open_night_atomic_on_dead_roster_injection	exception_match_literal	495	CANDIDATE	全仓测试措辞/内部/弱化/纯helper/重复候选；须按契约分类处置	exception_match_literal
F2-R11-2	tests/test_month_chain_1843.py::test_failed_declaration_commit_reloads_memory_from_db	exception_match_literal	457	CANDIDATE	全仓测试措辞/内部/弱化/纯helper/重复候选；须按契约分类处置	exception_match_literal
F2-R11-2	tests/test_month_chain_1843.py::test_held_dossier_settlement_failure_retry_and_reentry_isolation	exception_match_literal	503	CANDIDATE	全仓测试措辞/内部/弱化/纯helper/重复候选；须按契约分类处置	exception_match_literal
F2-R11-2	tests/test_month_chain_1843.py::test_advance_reloads_memory_after_transaction_rollback	exception_match_literal	609	CANDIDATE	全仓测试措辞/内部/弱化/纯helper/重复候选；须按契约分类处置	exception_match_literal
F2-R11-2	tests/test_person_delta_adapter.py::test_registry_and_tools_court_roster_exclude_active_prince	helper_internal_only	1914	CANDIDATE	全仓测试措辞/内部/弱化/纯helper/重复候选；须按契约分类处置	helper_internal_only
F2-R11-2	tests/test_scene_llm_1836.py::test_xuan_lands_enter_then_present_on_next_prepare	assert_startswith	82	CANDIDATE	全仓测试措辞/内部/弱化/纯helper/重复候选；须按契约分类处置	assert_startswith
F2-R11-2	tests/test_decree_dossiers_571.py::test_secret_order_close_failure_rolls_back_only_its_two_axes	exception_match_literal	1314	CANDIDATE	全仓测试措辞/内部/弱化/纯helper/重复候选；须按契约分类处置	exception_match_literal
F2-R11-2	tests/test_audience_continuous_507.py::test_scene_recap_excludes_dialogue_before_person_entered	chinese_literal_in_wording	59	CANDIDATE	全仓测试措辞/内部/弱化/纯helper/重复候选；须按契约分类处置	chinese_literal_in_wording
F2-R11-2	tests/test_audience_continuous_507.py::test_qianqing_continuous_night_skeleton_runs	chinese_literal_in_wording	81	CANDIDATE	全仓测试措辞/内部/弱化/纯helper/重复候选；须按契约分类处置	chinese_literal_in_wording
F2-R11-2	tests/test_llm_channel_config.py::test_web_runtime_cli_no_saved_timeout_uses_cli_default	helper_internal_only	633	CANDIDATE	全仓测试措辞/内部/弱化/纯helper/重复候选；须按契约分类处置	helper_internal_only
F2-R11-2	tests/test_llm_channel_config.py::test_gate_evidence_config_omits_max_tokens	internal_attr_absence	799	CANDIDATE	全仓测试措辞/内部/弱化/纯helper/重复候选；须按契约分类处置	internal_attr_absence
F2-R11-2	tests/test_qa_1281_issue_audience_case_facts.py::test_event_audience_read_failure_escapes_material_preparation	exception_match_literal	185	CANDIDATE	全仓测试措辞/内部/弱化/纯helper/重复候选；须按契约分类处置	exception_match_literal
F2-R11-2	tests/test_menu_lifecycle_drain_396.py::test_drain_archive_skips_move_when_session_close_fails	exception_match_literal	292	CANDIDATE	全仓测试措辞/内部/弱化/纯helper/重复候选；须按契约分类处置	exception_match_literal
F2-R11-2	tests/test_menu_lifecycle_drain_396.py::test_restore_main_db_path_config_remove_failure_is_loud	exception_match_literal	324	CANDIDATE	全仓测试措辞/内部/弱化/纯helper/重复候选；须按契约分类处置	exception_match_literal
F2-R11-2	tests/test_material_directory_1830.py::test_prepare_writes_typed_tree_and_index	assert_startswith	34	CANDIDATE	全仓测试措辞/内部/弱化/纯helper/重复候选；须按契约分类处置	assert_startswith
F2-R11-2	tests/test_material_directory_1830.py::test_material_tree_contains_only_structurally_related_world_details	assert_startswith	75	CANDIDATE	全仓测试措辞/内部/弱化/纯helper/重复候选；须按契约分类处置	assert_startswith
F2-R11-2	tests/test_material_directory_1830.py::test_character_materials_exclude_legacy_raw_turn_report_and_keep_public_gazettes	assert_startswith	206	CANDIDATE	全仓测试措辞/内部/弱化/纯helper/重复候选；须按契约分类处置	assert_startswith
F2-R11-2	tests/test_material_directory_1830.py::test_secret_order_materials_keep_full_content_and_fail_loud_on_db_error	exception_match_literal	258	CANDIDATE	全仓测试措辞/内部/弱化/纯helper/重复候选；须按契约分类处置	exception_match_literal
F2-R11-2	tests/test_power_section_rejections.py::test_canonical_person_power_writer_code_exception_is_fail_loud	exception_match_literal	117	CANDIDATE	全仓测试措辞/内部/弱化/纯helper/重复候选；须按契约分类处置	exception_match_literal
F2-R11-2	tests/test_qa_d1_decree_normalize_1274.py::test_is_non_person_covers_generics_and_collectives	helper_internal_only	85	CANDIDATE	全仓测试措辞/内部/弱化/纯helper/重复候选；须按契约分类处置	helper_internal_only
F2-R11-2	tests/test_on_scene_immediate_write_1839.py::test_undo_reverses_round_on_scene_writes	chinese_literal_in_wording	137	CANDIDATE	全仓测试措辞/内部/弱化/纯helper/重复候选；须按契约分类处置	chinese_literal_in_wording
F2-R11-2	tests/test_audience_travel_gating_670.py::test_multi_origin_fresh_closes_once_per_person_and_retries	exception_match_literal	541	CANDIDATE	全仓测试措辞/内部/弱化/纯helper/重复候选；须按契约分类处置	exception_match_literal
F2-R11-2	tests/test_audience_travel_gating_670.py::test_consume_open_night_and_recorder_share_one_transaction	exception_match_literal	757	CANDIDATE	全仓测试措辞/内部/弱化/纯helper/重复候选；须按契约分类处置	exception_match_literal
F2-R11-2	tests/test_audience_travel_gating_670.py::test_waiting_active_departure_settle_failure_rolls_back_all_four_sides	exception_match_literal	947	CANDIDATE	全仓测试措辞/内部/弱化/纯helper/重复候选；须按契约分类处置	exception_match_literal
F2-R11-2	tests/test_relation_brew_636.py::test_prepare_claim_db_error_propagates_loudly	exception_match_literal	454	CANDIDATE	全仓测试措辞/内部/弱化/纯helper/重复候选；须按契约分类处置	exception_match_literal
F2-R11-2	tests/test_relation_brew_636.py::test_apply_db_error_propagates_loudly_not_disguised_as_llm_failure	exception_match_literal	469	CANDIDATE	全仓测试措辞/内部/弱化/纯helper/重复候选；须按契约分类处置	exception_match_literal
F2-R11-2	tests/test_relation_brew_636.py::test_mark_failure_after_llm_failure_propagates_loudly	exception_match_literal	493	CANDIDATE	全仓测试措辞/内部/弱化/纯helper/重复候选；须按契约分类处置	exception_match_literal
F2-R11-2	tests/test_relation_brew_636.py::test_brew_program_error_propagates_loudly_not_degraded	exception_match_literal	511	CANDIDATE	全仓测试措辞/内部/弱化/纯helper/重复候选；须按契约分类处置	exception_match_literal
F2-R11-2	tests/test_relation_brew_636.py::test_brew_fn_value_error_is_program_error_propagates_loudly	exception_match_literal	530	CANDIDATE	全仓测试措辞/内部/弱化/纯helper/重复候选；须按契约分类处置	exception_match_literal
F2-R11-2	tests/test_gazette_author_1862.py::test_author_archives_own_title_and_same_run_advances	assert_startswith	88	CANDIDATE	全仓测试措辞/内部/弱化/纯helper/重复候选；须按契约分类处置	assert_startswith
F2-R11-2	tests/test_close_issues_section_rejections.py::test_close_issue_code_exception_propagates	exception_match_literal	159	CANDIDATE	全仓测试措辞/内部/弱化/纯helper/重复候选；须按契约分类处置	exception_match_literal
F2-R11-2	tests/test_secret_order_monthly_progress_566.py::test_real_no_edict_entries_roll_back_every_external_state_after_fiscal_write	exception_match_literal	281	CANDIDATE	全仓测试措辞/内部/弱化/纯helper/重复候选；须按契约分类处置	exception_match_literal
F2-R11-2	tests/test_authority_ledger_611.py::test_production_path_grant_restore_revoke_impression_tracer	assert_startswith	64	CANDIDATE	全仓测试措辞/内部/弱化/纯helper/重复候选；须按契约分类处置	assert_startswith
F2-R11-2	tests/test_audience_scroll_539.py::test_real_player_sse_replaces_closed_same_turn_night_before_failed_reply	assert_startswith	19	CANDIDATE	全仓测试措辞/内部/弱化/纯helper/重复候选；须按契约分类处置	assert_startswith
F2-R11-2	tests/test_month_open_snapshot_1234.py::test_capture_before_mutation_on_resolve_turn_entry	exception_match_literal	223	CANDIDATE	全仓测试措辞/内部/弱化/纯helper/重复候选；须按契约分类处置	exception_match_literal
F2-R11-2	tests/test_month_open_snapshot_1234.py::test_capture_before_mutation_on_advance_without_edict	exception_match_literal	264	CANDIDATE	全仓测试措辞/内部/弱化/纯helper/重复候选；须按契约分类处置	exception_match_literal
F2-R11-2	tests/test_state_reload.py::test_pre_settle_self_reloads_memory_on_rollback	exception_match_literal	110	CANDIDATE	全仓测试措辞/内部/弱化/纯helper/重复候选；须按契约分类处置	exception_match_literal
F2-R11-2	tests/test_state_reload.py::test_rollback_purges_content_character_ghost	exception_match_literal	148	CANDIDATE	全仓测试措辞/内部/弱化/纯helper/重复候选；须按契约分类处置	exception_match_literal
F2-R11-2	tests/test_state_reload.py::test_rollback_restores_existing_character_attributes	exception_match_literal	235	CANDIDATE	全仓测试措辞/内部/弱化/纯helper/重复候选；须按契约分类处置	exception_match_literal
F2-R11-2	tests/test_state_reload.py::test_atomic_and_reload_reloads_and_reraises_at_depth0	exception_match_literal	296	CANDIDATE	全仓测试措辞/内部/弱化/纯helper/重复候选；须按契约分类处置	exception_match_literal
F2-R11-2	tests/test_state_reload.py::test_atomic_and_reload_chains_reload_failure	exception_match_literal	335	CANDIDATE	全仓测试措辞/内部/弱化/纯helper/重复候选；须按契约分类处置	exception_match_literal
F2-R11-2	tests/test_faction_leverage_9.py::test_office_weight_takes_highest_domain_across_joint_offices	helper_internal_only	500	CANDIDATE	全仓测试措辞/内部/弱化/纯helper/重复候选；须按契约分类处置	helper_internal_only
F2-R11-2	tests/test_faction_leverage_9.py::test_office_rank_deputy_titles_not_inflated_to_principal	helper_internal_only	516	CANDIDATE	全仓测试措辞/内部/弱化/纯helper/重复候选；须按契约分类处置	helper_internal_only
F2-R11-2	tests/test_faction_leverage_9.py::test_office_rank_aux_titles_audit_offices_json	helper_internal_only	549	CANDIDATE	全仓测试措辞/内部/弱化/纯helper/重复候选；须按契约分类处置	helper_internal_only
F2-R11-2	tests/test_faction_leverage_9.py::test_jundadou_deputy_ouster_impact_is_half_of_principal	helper_internal_only	580	CANDIDATE	全仓测试措辞/内部/弱化/纯helper/重复候选；须按契约分类处置	helper_internal_only
F2-R11-2	tests/test_faction_leverage_9.py::test_neiting_has_leverage_weight_like_other_court_eunuchs	helper_internal_only	614	CANDIDATE	全仓测试措辞/内部/弱化/纯helper/重复候选；须按契约分类处置	helper_internal_only
F2-R11-2	tests/test_audience_translate_1837.py::test_pending_round_approval_endorsed_before_close_or_after_month_join	exception_match_literal	133	CANDIDATE	全仓测试措辞/内部/弱化/纯helper/重复候选；须按契约分类处置	exception_match_literal
F2-R11-2	tests/test_world_materials_1834.py::test_prepare_writes_typed_tree_with_board_affairs_and_gazette_index	assert_startswith	26	CANDIDATE	全仓测试措辞/内部/弱化/纯helper/重复候选；须按契约分类处置	assert_startswith
F2-R11-2	tests/test_world_materials_1834.py::test_prepare_rebuilds_from_world_record_after_restore	assert_startswith	132	CANDIDATE	全仓测试措辞/内部/弱化/纯helper/重复候选；须按契约分类处置	assert_startswith
F2-R11-2	tests/test_world_materials_1834.py::test_world_materials_include_textual_facts_once_and_gazette_not_duplicated	assert_startswith	188	CANDIDATE	全仓测试措辞/内部/弱化/纯helper/重复候选；须按契约分类处置	assert_startswith
F2-R11-2	tests/test_public_projection_consistency_1830.py::test_scene_person_public_layer_matches_character_and_world_admission	assert_startswith	78	CANDIDATE	全仓测试措辞/内部/弱化/纯helper/重复候选；须按契约分类处置	assert_startswith
F2-R11-2	tests/test_event_chain_cascade.py::test_cascade_rolls_back_owned_transaction_on_later_write_failure	exception_match_literal	222	CANDIDATE	全仓测试措辞/内部/弱化/纯helper/重复候选；须按契约分类处置	exception_match_literal
F2-R11-2	tests/test_advances_section_rejections.py::test_advance_code_exception_propagates	exception_match_literal	101	CANDIDATE	全仓测试措辞/内部/弱化/纯helper/重复候选；须按契约分类处置	exception_match_literal
F2-R11-2	tests/test_due_review_621.py::test_takeover_guard_fail_closed_on_ownership_error	exception_match_literal	733	CANDIDATE	全仓测试措辞/内部/弱化/纯helper/重复候选；须按契约分类处置	exception_match_literal
F2-R11-2	tests/test_army_salary_44.py::test_army_pay_morale_delta_tiers	pure_formula_helper	234	CANDIDATE	全仓测试措辞/内部/弱化/纯helper/重复候选；须按契约分类处置	pure_formula_helper
F2-R11-2	tests/test_army_salary_44.py::test_non_finite_salary_rate_anchored_not_crash	helper_internal_only	243	CANDIDATE	全仓测试措辞/内部/弱化/纯helper/重复候选；须按契约分类处置	helper_internal_only
F2-R11-2	tests/test_executor_routing_721.py::test_rolled_back_collector_reuse_does_not_mirror_orphan	exception_match_literal	350	CANDIDATE	全仓测试措辞/内部/弱化/纯helper/重复候选；须按契约分类处置	exception_match_literal
F2-R11-2	tests/test_executor_routing_721.py::test_directive_routing_rejection_rolls_back_with_outer_owner	exception_match_literal	378	CANDIDATE	全仓测试措辞/内部/弱化/纯helper/重复候选；须按契约分类处置	exception_match_literal
F2-R11-2	tests/test_session_write_queue_1353.py::test_get_session_write_queue_wiring_fail_loud_no_broad_swallow	helper_internal_only	493	CANDIDATE	全仓测试措辞/内部/弱化/纯helper/重复候选；须按契约分类处置	helper_internal_only
F2-R11-2	tests/test_session_write_queue_1353.py::test_wait_pending_writes_fail_loud_on_false_and_exception	exception_match_literal	519	CANDIDATE	全仓测试措辞/内部/弱化/纯helper/重复候选；须按契约分类处置	exception_match_literal
F2-R11-2	tests/test_event_trigger_gate.py::test_gate_passed_tolerates_none	helper_internal_only	436	CANDIDATE	全仓测试措辞/内部/弱化/纯helper/重复候选；须按契约分类处置	helper_internal_only
F2-R11-2	tests/test_event_trigger_gate.py::test_gate_passed_tolerates_nonstring_cond	helper_internal_only	444	CANDIDATE	全仓测试措辞/内部/弱化/纯helper/重复候选；须按契约分类处置	helper_internal_only
F2-R11-2	tests/test_event_trigger_gate.py::test_character_numeric_gate_supports_comparison	helper_internal_only	692	CANDIDATE	全仓测试措辞/内部/弱化/纯helper/重复候选；须按契约分类处置	helper_internal_only
F2-R11-2	tests/test_event_trigger_gate.py::test_wuyin_lubian_content_treats_lu_death_as_soft_battle_outcome	chinese_literal_in_wording	1398	CANDIDATE	全仓测试措辞/内部/弱化/纯helper/重复候选；须按契约分类处置	chinese_literal_in_wording
F2-R11-2	tests/test_event_trigger_gate.py::test_issue_tracker_rollback_removes_dynamic_character_attrs	internal_attr_absence,hasattr_private_internal	1474	CANDIDATE	全仓测试措辞/内部/弱化/纯helper/重复候选；须按契约分类处置	internal_attr_absence;hasattr_private_internal
F2-R11-2	tests/test_event_trigger_gate.py::test_person_write_state_restore_removes_dynamic_character_attrs	internal_attr_absence	1714	CANDIDATE	全仓测试措辞/内部/弱化/纯helper/重复候选；须按契约分类处置	internal_attr_absence
F2-R11-2	tests/test_event_trigger_gate.py::test_historical_situation_auto_trigger_rolls_back_soft_issue_when_core_effect_fails	exception_match_literal	2153	CANDIDATE	全仓测试措辞/内部/弱化/纯helper/重复候选；须按契约分类处置	exception_match_literal
F2-R11-2	tests/test_rescript_draft_656.py::test_r3_strict_parse_control_char_raises_contract_error	exception_match_literal	268	CANDIDATE	全仓测试措辞/内部/弱化/纯helper/重复候选；须按契约分类处置	exception_match_literal
F2-R11-2	tests/test_rescript_draft_656.py::test_r3_strict_parse_concatenated_objects_raises_contract_error	exception_match_literal	277	CANDIDATE	全仓测试措辞/内部/弱化/纯helper/重复候选；须按契约分类处置	exception_match_literal
F2-R11-2	tests/test_rescript_draft_656.py::test_657_s1_rescript_emitted_set_subset_of_dossier	duplicate_constant_subset_useless_fixture	314	CANDIDATE	全仓测试措辞/内部/弱化/纯helper/重复候选；须按契约分类处置	duplicate_constant_subset_useless_fixture
F2-R11-2	tests/test_rescript_draft_656.py::test_1620_internal_canonical_xiexang_renormalizes_without_kind	helper_internal_only	461	CANDIDATE	全仓测试措辞/内部/弱化/纯helper/重复候选；须按契约分类处置	helper_internal_only
F2-R11-2	tests/test_month_call_recovery_1846.py::test_settlement_recovery_projects_month_call_failure	chinese_literal_in_wording	397	CANDIDATE	全仓测试措辞/内部/弱化/纯helper/重复候选；须按契约分类处置	chinese_literal_in_wording
F2-R11-2	tests/test_office_rank_562.py::test_seed_archives_clean_historical_office_for_dismissed_ministers	assert_startswith	393	CANDIDATE	全仓测试措辞/内部/弱化/纯helper/重复候选；须按契约分类处置	assert_startswith
F2-R11-2	tests/test_opening_gazette_delete_1356.py::test_old_save_exact_purge_keeps_real_with_phrase_counterexample	chinese_literal_in_wording	59	CANDIDATE	全仓测试措辞/内部/弱化/纯helper/重复候选；须按契约分类处置	chinese_literal_in_wording
F2-R11-2	tests/test_execution_pressure_654.py::test_grant_region_to_character_amendment_clears_single_locality	helper_internal_only	951	CANDIDATE	全仓测试措辞/内部/弱化/纯helper/重复候选；须按契约分类处置	helper_internal_only
F2-R11-2	tests/test_execution_pressure_654.py::test_authorization_region_to_character_amendment_clears_single_locality	helper_internal_only	1015	CANDIDATE	全仓测试措辞/内部/弱化/纯helper/重复候选；须按契约分类处置	helper_internal_only
F2-R11-2	tests/test_transaction_boundary.py::test_ddl_first_inside_atomic_rolls_back	exception_match_literal	414	CANDIDATE	全仓测试措辞/内部/弱化/纯helper/重复候选；须按契约分类处置	exception_match_literal
F2-R11-2	tests/test_transaction_boundary.py::test_ddl_after_explicit_midatomic_rollback_does_not_escape	exception_match_literal	536	CANDIDATE	全仓测试措辞/内部/弱化/纯helper/重复候选；须按契约分类处置	exception_match_literal
F2-R11-2	tests/test_transaction_boundary.py::test_begin_failure_at_entry_restores_flags	exception_match_literal	558	CANDIDATE	全仓测试措辞/内部/弱化/纯helper/重复候选；须按契约分类处置	exception_match_literal
F2-R11-2	tests/test_army_card_status_1501.py::test_army_payload_omits_static_status_exposes_arrears_text	helper_internal_only	138	CANDIDATE	全仓测试措辞/内部/弱化/纯helper/重复候选；须按契约分类处置	helper_internal_only
F2-R11-2	tests/test_cli_play_turn.py::test_terminal_minister_chat_removes_user_message_when_session_chat_fails	exception_match_literal	201	CANDIDATE	全仓测试措辞/内部/弱化/纯helper/重复候选；须按契约分类处置	exception_match_literal
F2-R11-2	tests/test_cli_play_turn.py::test_terminal_minister_chat_preserves_chat_error_when_rollback_fails	exception_match_literal	299	CANDIDATE	全仓测试措辞/内部/弱化/纯helper/重复候选；须按契约分类处置	exception_match_literal
F2-R11-2	tests/test_cli_play_turn.py::test_terminal_minister_chat_reply_persist_failure_keeps_user_message	exception_match_literal	329	CANDIDATE	全仓测试措辞/内部/弱化/纯helper/重复候选；须按契约分类处置	exception_match_literal
F2-R11-2	tests/test_cli_play_turn.py::test_play_turn_skip_prints_dossier_settlement_report_and_ends_turn	chinese_literal_in_wording	458	CANDIDATE	全仓测试措辞/内部/弱化/纯helper/重复候选；须按契约分类处置	chinese_literal_in_wording
F2-R11-2	tests/test_centrifuge_ledger_690.py::test_t11_rebuild_clears_dirty_and_write_path_rolls_back	exception_match_literal	653	CANDIDATE	全仓测试措辞/内部/弱化/纯helper/重复候选；须按契约分类处置	exception_match_literal
F2-R11-2	tests/test_override_breach_costs_564.py::test_commit_true_breach_reloads_state_when_failure_follows_authority_mutation	exception_match_literal	368	CANDIDATE	全仓测试措辞/内部/弱化/纯helper/重复候选；须按契约分类处置	exception_match_literal
F2-R11-2	tests/test_override_breach_costs_564.py::test_commit_false_breach_rolls_back_with_later_cancellation_failure	exception_match_literal	441	CANDIDATE	全仓测试措辞/内部/弱化/纯helper/重复候选；须按契约分类处置	exception_match_literal
F2-R11-2	tests/test_override_breach_costs_564.py::test_breach_charges_authority_ministers_and_related_factions_once	assert_startswith	510	CANDIDATE	全仓测试措辞/内部/弱化/纯helper/重复候选；须按契约分类处置	assert_startswith
F2-R11-2	tests/test_chat_stream_failpaths_393.py::test_chat_stream_run_error_event_sse_system_layer_no_retry	assert_startswith	649	CANDIDATE	全仓测试措辞/内部/弱化/纯helper/重复候选；须按契约分类处置	assert_startswith
F2-R11-2	tests/test_menu_continue_stream_1195.py::test_menu_continue_streams_stage_labels_then_done_state	assert_startswith	36	CANDIDATE	全仓测试措辞/内部/弱化/纯helper/重复候选；须按契约分类处置	assert_startswith
F2-R11-2	tests/test_menu_continue_stream_1195.py::test_menu_continue_streams_error_when_llm_unavailable	assert_startswith	79	CANDIDATE	全仓测试措辞/内部/弱化/纯helper/重复候选；须按契约分类处置	assert_startswith
F2-R11-2	tests/test_pre_settle_transaction.py::test_due_secret_order_submission_rolls_back_on_pre_settle_crash	exception_match_literal	86	CANDIDATE	全仓测试措辞/内部/弱化/纯helper/重复候选；须按契约分类处置	exception_match_literal
F2-R11-2	tests/test_pre_settle_transaction.py::test_pre_settle_rolls_back_on_seed_issue_failure	exception_match_literal	116	CANDIDATE	全仓测试措辞/内部/弱化/纯helper/重复候选；须按契约分类处置	exception_match_literal
F2-R11-2	tests/test_pre_settle_transaction.py::test_crash_inside_pre_settle_no_missing_fiscal	exception_match_literal	141	CANDIDATE	全仓测试措辞/内部/弱化/纯helper/重复候选；须按契约分类处置	exception_match_literal
F2-R11-2	tests/test_pre_settle_transaction.py::test_placeholder_save_crash_rolls_back_settling	exception_match_literal	388	CANDIDATE	全仓测试措辞/内部/弱化/纯helper/重复候选；须按契约分类处置	exception_match_literal
F2-R11-2	tests/test_faction_brew_637.py::test_faction_claim_db_error_propagates_loudly	exception_match_literal	283	CANDIDATE	全仓测试措辞/内部/弱化/纯helper/重复候选；须按契约分类处置	exception_match_literal
F2-R11-2	tests/test_faction_brew_637.py::test_faction_apply_db_error_propagates_loudly_not_disguised	exception_match_literal	296	CANDIDATE	全仓测试措辞/内部/弱化/纯helper/重复候选；须按契约分类处置	exception_match_literal
F2-R11-2	tests/test_relation_seed_638.py::test_seed_founding_write_does_not_swallow_execute_error_with_bad_rollback	exception_match_literal	260	CANDIDATE	全仓测试措辞/内部/弱化/纯helper/重复候选；须按契约分类处置	exception_match_literal
F2-R11-2	tests/test_relation_seed_638.py::test_seed_failure_rolls_back_new_save_and_retry_imports	exception_match_literal	284	CANDIDATE	全仓测试措辞/内部/弱化/纯helper/重复候选；须按契约分类处置	exception_match_literal
F2-R11-2	tests/test_relation_seed_638.py::test_issue_639_seed_owner_audit_corrections	assert_startswith	483	CANDIDATE	全仓测试措辞/内部/弱化/纯helper/重复候选；须按契约分类处置	assert_startswith
F2-R11-2	tests/test_grant_reconciliation_567.py::test_per_route_storage_restore_and_escort_split	chinese_literal_in_wording	169	CANDIDATE	全仓测试措辞/内部/弱化/纯helper/重复候选；须按契约分类处置	chinese_literal_in_wording
F2-R11-2	tests/test_grant_reconciliation_567.py::test_close_merges_recon_note_without_second_treasury_debit	chinese_literal_in_wording	215	CANDIDATE	全仓测试措辞/内部/弱化/纯helper/重复候选；须按契约分类处置	chinese_literal_in_wording
F2-R11-2	tests/test_secret_order_payoff_1504.py::test_supply_call_writes_identity_materials_into_its_own_tree	assert_startswith	878	CANDIDATE	全仓测试措辞/内部/弱化/纯helper/重复候选；须按契约分类处置	assert_startswith
F2-R11-2	tests/test_new_game_write_path_1749.py::test_new_game_construct_failure_keeps_old_writable	exception_match_literal	439	CANDIDATE	全仓测试措辞/内部/弱化/纯helper/重复候选；须按契约分类处置	exception_match_literal
F2-R11-2	tests/test_new_game_write_path_1749.py::test_gamesession_load_state_failure_closes_partial_resources	exception_match_literal	481	CANDIDATE	全仓测试措辞/内部/弱化/纯helper/重复候选；须按契约分类处置	exception_match_literal
F2-R11-2	tests/test_relation_read_640.py::test_dto_shape_summary_plus_recent_context_with_backref	chinese_literal_in_wording	120	CANDIDATE	全仓测试措辞/内部/弱化/纯helper/重复候选；须按契约分类处置	chinese_literal_in_wording
F2-R11-2	tests/test_relation_read_640.py::test_judge_face_reads_edges_invisible_to_role_view	chinese_literal_in_wording	160	CANDIDATE	全仓测试措辞/内部/弱化/纯helper/重复候选；须按契约分类处置	chinese_literal_in_wording
F2-R11-2	tests/test_affairs_1831.py::test_new_issue_affair_attach_failure_leaves_no_partial_product	exception_match_literal	244	CANDIDATE	全仓测试措辞/内部/弱化/纯helper/重复候选；须按契约分类处置	exception_match_literal
F2-R11-2	tests/test_rejection_wiring.py::test_rollback_leaves_no_rows_and_no_jsonl	exception_match_literal	57	CANDIDATE	全仓测试措辞/内部/弱化/纯helper/重复候选；须按契约分类处置	exception_match_literal
F2-R11-2	tests/test_rejection_wiring.py::test_nested_atomic_success_path_does_not_orphan_jsonl	exception_match_literal	127	CANDIDATE	全仓测试措辞/内部/弱化/纯helper/重复候选；须按契约分类处置	exception_match_literal
F2-R11-2	tests/test_rejection_wiring.py::test_provenance_from_stored_recovers_all_forms	helper_internal_only	558	CANDIDATE	全仓测试措辞/内部/弱化/纯helper/重复候选；须按契约分类处置	helper_internal_only
F2-R11-2	tests/test_pihong_dossier_1490.py::test_657_record_event_choice_failure_rolls_back_batch	exception_match_literal	790	CANDIDATE	全仓测试措辞/内部/弱化/纯helper/重复候选；须按契约分类处置	exception_match_literal
F2-R11-2	tests/test_office_inference.py::test_runtime_cli_unknown_office_uses_configured_runner_without_env	chinese_literal_in_wording	78	CANDIDATE	全仓测试措辞/内部/弱化/纯helper/重复候选；须按契约分类处置	chinese_literal_in_wording
F2-R11-2	tests/test_start_sh_deps_1721.py::test_start_sh_syncs_requirements_before_uvicorn	assert_startswith	92	CANDIDATE	全仓测试措辞/内部/弱化/纯helper/重复候选；须按契约分类处置	assert_startswith
F2-R11-2	tests/test_start_sh_deps_1721.py::test_start_sh_default_path_runs_pip_frontend_and_uvicorn_in_order	assert_startswith	121	CANDIDATE	全仓测试措辞/内部/弱化/纯helper/重复候选；须按契约分类处置	assert_startswith
F2-R11-2	tests/test_start_sh_deps_1721.py::test_start_sh_pip_failure_does_not_start_uvicorn	assert_startswith	142	CANDIDATE	全仓测试措辞/内部/弱化/纯helper/重复候选；须按契约分类处置	assert_startswith
