path	member	disposition	reason
tests/test_execution_pressure_654.py	test_location_canonical_seed_and_write_seam	FIXED	删「旧档在途保全」migrate 段；开档扫未知 location 亦随迁移退役故删；保留写缝别名归一+未知 fail-loud
tests/test_surcharge_causal_chain_650.py	test_unmarked_cutover_save_rejects_and_never_consumes_surcharge	DELETED	专属旧档无 __fiscal_engine + 期待 missing_ref（_migrate_missing_fiscal_engine… 已删）；整案删除
tests/test_surcharge_causal_chain_650.py	test_legacy_fiscal_engine_rejects_surcharge_and_never_consumes_it	RETAIN	现役 legacy engine=__fiscal_engine:0 路径，非 missing-migration 专属
tests/test_qa_a3_seed_data.py	test_qian_qianyi_seed_office_records_bajiu_dismissal	FIXED	改咬现役：office=礼部右侍郎；罢居在 status=dismissed + status_reason
tests/test_qa_h1_seed_data.py	test_guanning_commander_not_bajiu_offstage_yuan	FIXED	改咬现役：袁崇焕 office=辽东巡抚、status=offstage、status_reason 含罢居；commander 分统不变
tests/test_qa_h1_seed_data.py	_bajiu_names	DELETED	零引用 helper，以 office 含罢居为谓词；随污染契约退役
tests/test_recommendations.py	test_recommendation_appointment_preserves_kind_and_restores_both_types	FIXED	根因：去掉快照后 UPDATE office=''；现役荐起复已带职名，清 office 制造快照失配
tests/test_recommendations.py	test_recommendation_candidates_are_limited_to_faction_or_character_knowledge	RETAIN	先 UPDATE 再 list；构造同派 offstage 夹具测可见性，非已删 migrate 专属
tests/test_recommendations.py	test_private_and_public_structured_hearing_exposes_cross_faction_candidate	RETAIN	先造态再取候选；测见闻轨，非旧档 migrate
tests/test_recommendations.py	test_public_structured_hearing_exclusion_hides_cross_faction_candidate	RETAIN	同上，排除见闻
tests/test_recommendations.py	test_adopted_recommendation_is_an_auditable_event_after_restore	RETAIN	先造态再 record；测事件恢复，非快照后清 office
tests/test_named_characters_seed_484.py	test_r3_named_characters_load_legal_guilt_and_historical_offices	RETAIN	已咬现役胡廷宴 office=三边总督 + dismissed（上轮 FIXED 续保）
tests/test_named_characters_seed_484.py	test_r4_hu_tingyan_loader_and_db_preserve_non_holder_seed	RETAIN	现役 DB 贯通胡廷宴洗净职名
tests/test_office_rank_562.py	test_title_stems_keep_distinct_ming_bands_inside_same_office_type	RETAIN	tokenizer 对历史污染串字面输入的分级能力，非 seed office 契约
tests/test_office_rank_562.py	test_seed_archives_clean_historical_office_for_dismissed_ministers	RETAIN	已要求 archive/office_title 不含罢居；咬现役洗净
tests/test_audience_travel_gating_670.py	test_capital_aliases_admit_in_capital	RETAIN	读时 canonicalize 在京判定，非旧档写回 migrate（上轮已改口径）
tests/test_audience_translate_1837_reopen.py	test_recommendation_commission_stages_office_with_reason	RETAIN	造 offstage 夹具测转译任免，非已删 migrate
tests/test_person_delta_adapter.py	test_seed_bajiu_ministers_keep_empty_location_not_prefecture	RETAIN	现役不变式：罢居地在 status_reason，location 不写府名；非 migrate 专属
tests/test_army_salary_44.py	test_defected_army_to_ming_owes_salary_not_free	RETAIN	注释提及 _backfill_salary_rate 历史，测现役欠饷行为
