path	name	load_n	load_sites
content/buildings.json	buildings.json	26	tests/test_qa_u2_liaodong_buildings.py:3:path_literal;ming_sim/simulation.py:60:StrFull:buildings;ming_sim/issues.py:933:StrFull:buildings;ming_sim/issues.py:5335:StrFull:buildings;ming_sim/issues.py:4567:StrFull:buildings;ming_sim/issues.py:4590:StrFull:buildings;ming_sim/db.py:21213:StrFull:buildings;ming_sim/db.py:3753:StrFull:buildings;ming_sim/models.py:309:StrFull:buildings;ming_sim/content.py:494:Str:buildings.json;ming_sim/content.py:496:StrFull:buildings;ming_sim/cli_backend.py:3688:StrFull:buildings;ming_sim/cli_backend.py:3693:StrFull:buildings;ming_sim/cli_backend.py:3694:StrFull:buildings;ming_sim/situation_drift.py:395:StrFull:buildings;ming_sim/situation_drift.py:418:StrFull:buildings;tests/test_decree_commitment_schema_136.py:69:StrFull:buildings;tests/test_decree_commitment_schema_136.py:90:StrFull:buildings;tests/test_event_trigger_gate.py:2621:StrFull:buildings;tests/test_enrich_list_guards.py:26:StrFull:buildings;tests/test_effect_origin_558.py:77:StrFull:buildings;tests/test_cli_backend.py:127:StrFull:buildings;tests/test_cli_backend.py:132:StrFull:buildings;web_app.py:5270:StrFull:buildings;web_app.py:1496:StrFull:buildings;web_app.py:1509:StrFull:buildings
content/powers.json	powers.json	13	ming_sim/issues.py:3376:StrFull:powers;ming_sim/issues.py:3382:StrFull:powers;ming_sim/issues.py:3388:StrFull:powers;ming_sim/issues.py:3394:StrFull:powers;ming_sim/issues.py:3400:StrFull:powers;ming_sim/issues.py:3406:StrFull:powers;ming_sim/issues.py:3412:StrFull:powers;ming_sim/issues.py:3418:StrFull:powers;ming_sim/db.py:2288:StrFull:powers;ming_sim/content.py:549:Str:powers.json;ming_sim/content.py:550:Str:powers.json;ming_sim/content.py:551:StrFull:powers;web_app.py:1836:StrFull:powers
content/relation_seed.json	relation_seed.json	3	tests/test_relation_seed_638.py:4:path_literal;ming_sim/relation_seed.py:29:Str:relation_seed.json;tests/test_relation_seed_638.py:214:Str:relation_seed.json
content/events.json	events.json	85	ming_sim/month_translate.py:86:StrFull:events;ming_sim/month_translate.py:149:StrFull:events;ming_sim/month_translate.py:168:StrFull:events;ming_sim/materials.py:1384:StrFull:events;ming_sim/materials.py:1439:StrFull:events;ming_sim/materials.py:1000:StrFull:events;ming_sim/materials.py:1434:StrFull:events;ming_sim/materials.py:2330:StrFull:events;ming_sim/materials.py:458:StrFull:events;ming_sim/materials.py:565:StrFull:events;ming_sim/content.py:247:Str:events.json;ming_sim/content.py:711:Str:events.json;ming_sim/knowledge.py:805:StrFull:events;ming_sim/knowledge.py:276:StrFull:events;ming_sim/relation_seed.py:82:StrFull:events;ming_sim/relation_seed.py:84:StrFull:events;ming_sim/relation_seed.py:153:StrFull:events;ming_sim/relation_seed.py:176:StrFull:events;ming_sim/relation_seed.py:204:StrFull:events;tests/test_secret_order_isolation_883.py:84:StrFull:events;tests/test_secret_order_isolation_883.py:42:StrFull:events;tests/test_qa_1281_issue_audience_case_facts.py:216:StrFull:events;tests/test_qa_1281_issue_audience_case_facts.py:223:StrFull:events;tests/test_character_knowledge_489.py:189:StrFull:events;tests/test_character_knowledge_489.py:350:StrFull:events;tests/test_character_knowledge_489.py:670:StrFull:events;tests/test_character_knowledge_489.py:788:StrFull:events;tests/test_character_knowledge_489.py:792:StrFull:events;tests/test_character_knowledge_489.py:949:StrFull:events;tests/test_character_knowledge_489.py:975:StrFull:events;tests/test_character_knowledge_489.py:982:StrFull:events;tests/test_character_knowledge_489.py:190:StrFull:events;tests/test_character_knowledge_489.py:213:StrFull:events;tests/test_character_knowledge_489.py:327:StrFull:events;tests/test_character_knowledge_489.py:349:StrFull:events;tests/test_character_knowledge_489.py:533:StrFull:events;tests/test_character_knowledge_489.py:551:StrFull:events;tests/test_character_knowledge_489.py:563:StrFull:events;tests/test_character_knowledge_489.py:580:StrFull:events;tests/test_character_knowledge_489.py:645:StrFull:events;tests/test_character_knowledge_489.py:678:StrFull:events;tests/test_character_knowledge_489.py:694:StrFull:events;tests/test_character_knowledge_489.py:125:StrFull:events;tests/test_character_knowledge_489.py:226:StrFull:events;tests/test_character_knowledge_489.py:247:StrFull:events;tests/test_character_knowledge_489.py:281:StrFull:events;tests/test_character_knowledge_489.py:366:StrFull:events;tests/test_character_knowledge_489.py:410:StrFull:events;tests/test_character_knowledge_489.py:611:StrFull:events;tests/test_character_knowledge_489.py:669:StrFull:events;tests/test_character_knowledge_489.py:790:StrFull:events;tests/test_character_knowledge_489.py:1015:StrFull:events;tests/test_character_knowledge_489.py:719:StrFull:events;tests/test_candidate_supply_1893.py:355:StrFull:events;tests/test_candidate_supply_1893.py:105:StrFull:events;tests/test_candidate_supply_1893.py:214:StrFull:events;tests/test_candidate_supply_1893.py:79:StrFull:events;tests/test_candidate_supply_1893.py:80:StrFull:events;tests/test_candidate_supply_1893.py:246:StrFull:events;tests/test_candidate_supply_1893.py:300:StrFull:events;tests/test_gazette_author_1862.py:419:StrFull:events;tests/test_gazette_author_1862.py:288:StrFull:events;tests/test_event_trigger_gate.py:806:Str:events.json;tests/test_event_trigger_gate.py:1400:Str:events.json;tests/test_event_trigger_gate.py:866:Str:events.json;tests/test_event_trigger_gate.py:1755:Str:events.json;tests/test_menu_continue_stream_1195.py:153:StrFull:events;tests/test_menu_continue_stream_1195.py:139:StrFull:events;tests/test_menu_continue_stream_1195.py:202:StrFull:events;tests/test_menu_continue_stream_1195.py:218:StrFull:events;tests/test_audience_translate_1837_reopen.py:349:StrFull:events;tests/test_audience_translate_1837_reopen.py:395:StrFull:events;tests/test_audience_translate_1837_reopen.py:356:StrFull:events;tests/test_secret_order_update.py:101:StrFull:events;tests/test_textual_facts_1828.py:109:StrFull:events;tests/test_relation_seed_638.py:335:StrFull:events;tests/test_relation_seed_638.py:354:StrFull:events;tests/test_relation_seed_638.py:414:StrFull:events;tests/test_relation_seed_638.py:62:StrFull:events;tests/test_relation_seed_638.py:66:StrFull:events;tests/test_relation_seed_638.py:239:StrFull:events;tests/test_relation_seed_638.py:106:StrFull:events;tests/test_relation_seed_638.py:110:StrFull:events;scripts/family_tail_acceptance_570.py:163:StrFull:events;web_app.py:1841:StrFull:events
content/offices.json	offices.json	27	ming_sim/db.py:651:path_literal;ming_sim/db.py:721:path_literal;ming_sim/declaration_dispatch.py:2397:StrFull:offices;ming_sim/db.py:220:StrFull:offices;ming_sim/db.py:19975:StrFull:offices;ming_sim/db.py:726:Str:offices.json;ming_sim/db.py:19951:StrFull:offices;ming_sim/db.py:19964:StrFull:offices;ming_sim/db.py:19969:StrFull:offices;ming_sim/db.py:20745:StrFull:offices;ming_sim/db.py:9798:StrFull:offices;ming_sim/executor_routing.py:56:Str:offices.json;ming_sim/cli_backend.py:4180:StrFull:offices;ming_sim/cli_backend.py:4262:StrFull:offices;ming_sim/knowledge.py:114:StrFull:offices;ming_sim/knowledge.py:181:StrFull:offices;ming_sim/office_rank.py:25:Str:offices.json;tests/test_character_knowledge_489.py:776:StrFull:offices;tests/test_character_knowledge_489.py:360:StrFull:offices;tests/test_character_knowledge_489.py:392:StrFull:offices;tests/test_character_knowledge_489.py:1384:StrFull:offices;tests/test_character_knowledge_489.py:604:StrFull:offices;tests/test_faction_leverage_9.py:638:Str:offices.json;tests/test_office_rank_562.py:40:Str:offices.json;tests/test_recommendations.py:141:StrFull:offices;tests/test_recommendations.py:175:StrFull:offices;tests/test_cli_backend.py:52:StrFull:offices
content/fiscal_config.json	fiscal_config.json	12	ming_sim/db.py:2708:path_literal;ming_sim/content.py:628:path_literal;ming_sim/flows.py:438:path_literal;ming_sim/db.py:2543:StrFull:fiscal_config;ming_sim/db.py:2544:StrFull:fiscal_config;ming_sim/db.py:2545:StrFull:fiscal_config;ming_sim/db.py:2546:StrFull:fiscal_config;ming_sim/db.py:2547:StrFull:fiscal_config;ming_sim/db.py:2583:StrFull:fiscal_config;ming_sim/content.py:634:Str:fiscal_config.json;ming_sim/content.py:636:Str:fiscal_config.json;tests/test_pay_order_override_653.py:34:StrFull:fiscal_config
content/distance_scale.md	distance_scale.md	0	无
content/classes.json	classes.json	30	tests/test_population_transfers_649.py:23:path_literal;tests/test_surcharge_causal_chain_650.py:27:path_literal;tests/test_mutiny_actual_residence_659.py:19:path_literal;ming_sim/issues.py:973:StrFull:classes;ming_sim/db.py:3641:StrFull:classes;ming_sim/models.py:290:StrFull:classes;ming_sim/decree.py:270:StrFull:classes;ming_sim/decree.py:505:StrFull:classes;ming_sim/decree.py:391:StrFull:classes;ming_sim/content.py:526:Str:classes.json;ming_sim/content.py:528:StrFull:classes;ming_sim/situation_drift.py:186:StrFull:classes;tests/dossier_test_helpers.py:51:StrFull:classes;tests/test_promulgation_judge_561.py:55:StrFull:classes;tests/test_promulgation_judge_561.py:56:StrFull:classes;tests/test_override_breach_costs_564.py:67:StrFull:classes;tests/test_override_breach_costs_564.py:80:StrFull:classes;tests/test_override_breach_costs_564.py:109:StrFull:classes;tests/test_override_breach_costs_564.py:123:StrFull:classes;tests/test_override_breach_costs_564.py:44:StrFull:classes;tests/test_override_breach_costs_564.py:71:StrFull:classes;tests/test_override_breach_costs_564.py:85:StrFull:classes;tests/test_override_breach_costs_564.py:97:StrFull:classes;tests/test_override_breach_costs_564.py:113:StrFull:classes;tests/test_override_breach_costs_564.py:136:StrFull:classes;tests/test_override_breach_costs_564.py:299:StrFull:classes;tests/test_override_breach_costs_564.py:302:StrFull:classes;tests/test_override_breach_costs_564.py:39:StrFull:classes;tests/test_pihong_dossier_1490.py:1564:StrFull:classes;tests/test_pihong_dossier_1490.py:1567:StrFull:classes
content/characters.json	characters.json	78	scripts/portrait_status.py:2:path_literal;scripts/portrait_status.py:82:path_literal;ming_sim/declaration_dispatch.py:93:StrFull:characters;ming_sim/declaration_dispatch.py:2293:StrFull:characters;ming_sim/issues.py:3375:StrFull:characters;ming_sim/issues.py:3381:StrFull:characters;ming_sim/issues.py:3387:StrFull:characters;ming_sim/issues.py:3393:StrFull:characters;ming_sim/issues.py:3399:StrFull:characters;ming_sim/issues.py:3405:StrFull:characters;ming_sim/issues.py:3411:StrFull:characters;ming_sim/issues.py:3417:StrFull:characters;ming_sim/db.py:8381:StrFull:characters;ming_sim/db.py:21212:StrFull:characters;ming_sim/db.py:2322:StrFull:characters;ming_sim/db.py:2323:StrFull:characters;ming_sim/db.py:2324:StrFull:characters;ming_sim/db.py:2325:StrFull:characters;ming_sim/db.py:2326:StrFull:characters;ming_sim/db.py:2327:StrFull:characters;ming_sim/db.py:2338:StrFull:characters;ming_sim/db.py:2339:StrFull:characters;ming_sim/db.py:2340:StrFull:characters;ming_sim/db.py:2341:StrFull:characters;ming_sim/db.py:2342:StrFull:characters;ming_sim/db.py:2343:StrFull:characters;ming_sim/db.py:2344:StrFull:characters;ming_sim/db.py:2345:StrFull:characters;ming_sim/db.py:2346:StrFull:characters;ming_sim/db.py:2347:StrFull:characters;ming_sim/db.py:2348:StrFull:characters;ming_sim/db.py:2349:StrFull:characters;ming_sim/db.py:2350:StrFull:characters;ming_sim/db.py:2351:StrFull:characters;ming_sim/db.py:2352:StrFull:characters;ming_sim/db.py:2663:StrFull:characters;ming_sim/db.py:3570:StrFull:characters;ming_sim/db.py:295:StrFull:characters;ming_sim/db.py:297:StrFull:characters;ming_sim/db.py:240:StrFull:characters;ming_sim/rescript_actions.py:1087:StrFull:characters;ming_sim/materials.py:2243:StrFull:characters;ming_sim/session.py:1233:StrFull:characters;ming_sim/session.py:2150:StrFull:characters;ming_sim/content.py:60:Str:characters.json;ming_sim/content.py:73:StrFull:characters;ming_sim/cli_backend.py:1304:StrFull:characters;ming_sim/cli_backend.py:1495:StrFull:characters;ming_sim/cli_backend.py:1507:StrFull:characters;ming_sim/audience_night.py:218:StrFull:characters;ming_sim/audience_night.py:203:StrFull:characters;ming_sim/action_materialize.py:41:StrFull:characters;ming_sim/entities/affair/store.py:24:StrFull:characters;ming_sim/entities/affair/store.py:30:StrFull:characters;tests/test_declaration_dispatch_1835.py:122:StrFull:characters;tests/test_person_archive_schema.py:24:StrFull:characters;tests/test_person_archive_schema.py:29:StrFull:characters;tests/test_person_archive_schema.py:77:StrFull:characters;tests/test_audience_undo_506.py:163:StrFull:characters;tests/test_audience_scroll_539.py:105:StrFull:characters;tests/test_audience_scroll_539.py:84:StrFull:characters;tests/test_audience_scroll_539.py:164:StrFull:characters;tests/test_audience_translate_1837.py:87:StrFull:characters;tests/test_named_characters_seed_484.py:107:StrFull:characters;tests/test_named_characters_seed_484.py:152:StrFull:characters;tests/test_audience_translate_1837_reopen.py:28:StrFull:characters;tests/test_identity_seed_488.py:104:Str:characters.json;tests/test_identity_seed_488.py:112:Str:characters.json;tests/test_identity_seed_488.py:129:Str:characters.json;tests/test_identity_seed_488.py:114:StrFull:characters;tests/test_identity_seed_488.py:130:StrFull:characters;tests/test_identity_seed_488.py:113:StrFull:characters;tests/test_identity_seed_488.py:105:StrFull:characters;tests/test_pihong_dossier_1490.py:1049:StrFull:characters;scripts/portrait_status.py:18:Str:characters.json;scripts/portrait_status.py:37:StrFull:characters;web_app.py:5332:StrFull:characters;web_app.py:5342:StrFull:characters
content/value_matrix.json	value_matrix.json	2	ming_sim/value_matrix.py:3:path_literal;ming_sim/value_matrix.py:15:Str:value_matrix.json
content/armies.json	armies.json	74	ming_sim/army_pay.py:28:path_literal;tests/test_army_card_status_1501.py:23:path_literal;ming_sim/simulation.py:68:StrFull:armies;ming_sim/declaration_dispatch.py:94:StrFull:armies;ming_sim/issues.py:3374:StrFull:armies;ming_sim/issues.py:3380:StrFull:armies;ming_sim/issues.py:3386:StrFull:armies;ming_sim/issues.py:3392:StrFull:armies;ming_sim/issues.py:3398:StrFull:armies;ming_sim/issues.py:3404:StrFull:armies;ming_sim/issues.py:3410:StrFull:armies;ming_sim/issues.py:3416:StrFull:armies;ming_sim/issues.py:3137:StrFull:armies;ming_sim/issues.py:975:StrFull:armies;ming_sim/issues.py:3785:StrFull:armies;ming_sim/issues.py:3911:StrFull:armies;ming_sim/db.py:21211:StrFull:armies;ming_sim/db.py:2289:StrFull:armies;ming_sim/db.py:2290:StrFull:armies;ming_sim/db.py:2291:StrFull:armies;ming_sim/db.py:2292:StrFull:armies;ming_sim/db.py:2293:StrFull:armies;ming_sim/db.py:2294:StrFull:armies;ming_sim/db.py:2295:StrFull:armies;ming_sim/db.py:2296:StrFull:armies;ming_sim/db.py:2297:StrFull:armies;ming_sim/db.py:2298:StrFull:armies;ming_sim/db.py:2299:StrFull:armies;ming_sim/db.py:2300:StrFull:armies;ming_sim/db.py:2301:StrFull:armies;ming_sim/db.py:2302:StrFull:armies;ming_sim/db.py:2303:StrFull:armies;ming_sim/db.py:2304:StrFull:armies;ming_sim/db.py:2306:StrFull:armies;ming_sim/db.py:2307:StrFull:armies;ming_sim/db.py:2310:StrFull:armies;ming_sim/db.py:19289:StrFull:armies;ming_sim/db.py:3709:StrFull:armies;ming_sim/db.py:19302:StrFull:armies;ming_sim/db.py:7405:StrFull:armies;ming_sim/db.py:7431:StrFull:armies;ming_sim/models.py:273:StrFull:armies;ming_sim/models.py:299:StrFull:armies;ming_sim/materials.py:1709:StrFull:armies;ming_sim/content.py:447:Str:armies.json;ming_sim/content.py:449:StrFull:armies;ming_sim/cli_backend.py:1344:StrFull:armies;ming_sim/situation_drift.py:188:StrFull:armies;ming_sim/action_materialize.py:626:StrFull:armies;tests/test_qa_u3_map_nodes_1401.py:32:StrFull:armies;tests/test_qa_u3_map_nodes_1401.py:82:StrFull:armies;tests/test_qa_u3_map_nodes_1401.py:93:StrFull:armies;tests/test_qa_u3_map_nodes_1401.py:103:StrFull:armies;tests/test_qa_u3_map_nodes_1401.py:117:StrFull:armies;tests/test_qa_u3_map_nodes_1401.py:122:StrFull:armies;tests/test_qa_u3_map_nodes_1401.py:123:StrFull:armies;tests/test_qa_u3_map_nodes_1401.py:112:StrFull:armies;tests/test_qa_u3_map_nodes_1401.py:71:StrFull:armies;tests/test_player_army_projection_321.py:207:StrFull:armies;tests/test_player_army_projection_321.py:275:StrFull:armies;tests/test_qa_h1_seed_data.py:22:StrFull:armies;tests/test_qa_h1_seed_data.py:21:Str:armies.json;tests/test_army_card_status_1501.py:217:StrFull:armies;tests/test_mutiny_noop_whitelist_319.py:206:StrFull:armies;tests/test_mutiny_noop_whitelist_319.py:232:StrFull:armies;tests/test_army_firearms.py:35:StrFull:armies;tests/test_dossier_reported_progress_619.py:73:StrFull:armies;scripts/military_flow_probe.py:113:StrFull:armies;scripts/jisi_army_dispatch_probe.py:99:StrFull:armies;web_app.py:327:StrFull:armies;web_app.py:343:StrFull:armies;web_app.py:1843:StrFull:armies;web_app.py:1495:StrFull:armies;web_app.py:1508:StrFull:armies
content/seed_events.json	seed_events.json	2	ming_sim/content.py:712:Str:seed_events.json;tests/test_qa_h1_seed_data.py:41:Str:seed_events.json
content/regions.json	regions.json	45	tests/test_surcharge_causal_chain_650.py:29:path_literal;tests/test_distance_matrix.py:64:Str:content/regions.json;ming_sim/simulation.py:67:StrFull:regions;ming_sim/declaration_dispatch.py:95:StrFull:regions;ming_sim/issues.py:3373:StrFull:regions;ming_sim/issues.py:3379:StrFull:regions;ming_sim/issues.py:3385:StrFull:regions;ming_sim/issues.py:3391:StrFull:regions;ming_sim/issues.py:3397:StrFull:regions;ming_sim/issues.py:3403:StrFull:regions;ming_sim/issues.py:3409:StrFull:regions;ming_sim/issues.py:3415:StrFull:regions;ming_sim/issues.py:3136:StrFull:regions;ming_sim/issues.py:974:StrFull:regions;ming_sim/issues.py:3732:StrFull:regions;ming_sim/issues.py:3742:StrFull:regions;ming_sim/db.py:21210:StrFull:regions;ming_sim/db.py:2317:StrFull:regions;ming_sim/db.py:2319:StrFull:regions;ming_sim/db.py:2320:StrFull:regions;ming_sim/db.py:19289:StrFull:regions;ming_sim/db.py:5223:StrFull:regions;ming_sim/db.py:19302:StrFull:regions;ming_sim/db.py:12849:StrFull:regions;ming_sim/db.py:6767:StrFull:regions;ming_sim/db.py:6809:StrFull:regions;ming_sim/models.py:267:StrFull:regions;ming_sim/models.py:293:StrFull:regions;ming_sim/materials.py:1717:StrFull:regions;ming_sim/content.py:409:Str:regions.json;ming_sim/content.py:413:StrFull:regions;ming_sim/cli_backend.py:2132:StrFull:regions;ming_sim/cli_backend.py:3452:StrFull:regions;ming_sim/situation_drift.py:187:StrFull:regions;tests/test_fiscal_substrate_bridge.py:60:Str:regions.json;tests/test_fiscal_substrate_bridge.py:62:StrFull:regions;tests/test_fiscal_substrate_bridge.py:393:StrFull:regions;tests/test_fiscal_substrate_bridge.py:3036:StrFull:regions;tests/test_fiscal_substrate_bridge.py:3045:StrFull:regions;tests/test_fiscal_substrate_bridge.py:3080:StrFull:regions;tests/test_dossier_reported_progress_619.py:71:StrFull:regions;web_app.py:325:StrFull:regions;web_app.py:343:StrFull:regions;web_app.py:1842:StrFull:regions;web_app.py:1342:StrFull:regions
content/office_definitions.json	office_definitions.json	2	ming_sim/content.py:616:Str:office_definitions.json;ming_sim/content.py:623:StrFull:office_definitions
content/minister_dossiers.json	minister_dossiers.json	2	ming_sim/context.py:27:Str:minister_dossiers.json;tests/test_featured_dossiers_494.py:19:Str:minister_dossiers.json
content/distance_matrix.json	distance_matrix.json	10	tests/test_transit_aging_346.py:23:Str:content/distance_matrix.json;tests/test_person_transit_write_667.py:61:Str:distance_matrix.json;tests/test_transit_countdown_668.py:7:path_literal;tests/test_transit_countdown_668.py:18:Str:content/distance_matrix.json;tests/test_transit_countdown_668.py:39:Str:content/distance_matrix.json;tests/test_distance_matrix.py:62:Str:content/distance_matrix.json;scripts/bake_distance_matrix.py:13:Str:content/distance_matrix.json;ming_sim/issues.py:2704:Str:distance_matrix.json;tests/test_execution_pressure_654.py:847:Str:distance_matrix.json;tests/test_distance_matrix.py:47:Str:distance_matrix.json
content/distance_graph.json	distance_graph.json	3	tests/test_distance_matrix.py:61:Str:content/distance_graph.json;scripts/bake_distance_matrix.py:12:Str:content/distance_graph.json;scripts/bake_distance_matrix.py:26:Str:distance_graph.json
content/opening_legacies.json	opening_legacies.json	3	ming_sim/models.py:641:path_literal;ming_sim/content.py:576:path_literal;ming_sim/content.py:577:Str:opening_legacies.json
content/maps/maps.txt	maps.txt	0	无
content/prompts/relation_brew.md	relation_brew.md	2	ming_sim/mechanical_tail.py:167:StrFull:relation_brew;ming_sim/content.py:740:Str:prompts/relation_brew.md
content/prompts/faction_brew.md	faction_brew.md	1	ming_sim/content.py:741:Str:prompts/faction_brew.md
content/prompts/game_world.md	game_world.md	1	ming_sim/content.py:735:Str:prompts/game_world.md
content/prompts/decree_writer.md	decree_writer.md	1	ming_sim/content.py:737:Str:prompts/decree_writer.md
content/prompts/ending_summary.md	ending_summary.md	2	ming_sim/mechanical_tail.py:91:StrFull:ending_summary;ming_sim/content.py:739:Str:prompts/ending_summary.md
content/prompts/scene_agent.md	scene_agent.md	2	ming_sim/registry.py:54:path_literal;ming_sim/content.py:736:Str:prompts/scene_agent.md
content/prompts/gazette_author.md	gazette_author.md	1	ming_sim/content.py:738:Str:prompts/gazette_author.md
