member	action
identity_seed_488 seed vs content.characters full equality	FIXED
named_characters_seed_484 loader vs characters.json structured guilt	FIXED
supervision_625 test_ac1_presence_exposure_schema_pragma_and_no_dulling_cols	DELETE
faction_denunciation_627 schema whitelist asserts in behavior test	STRIP
mutiny_actual_residence_659 PRAGMA station_region	STRIP
centrifuge_ledger_690 PRAGMA/table name asserts	STRIP
dossier_reported_progress_619 banned col name asserts	STRIP
pihong_dossier_1490 consumed_epoch/rescript_origin col asserts	STRIP
army_firearms _cols + test_score_fields_include_firearm_and_cannon	DELETE
region_citydefense _region_cols	DELETE
