class	phase	member	kind	lineno	disposition	status	reason	flags
F2-R11-2	rescan	tests/test_pay_order_override_653.py::test_golden1_pay_order_reversal_breakdown_tsv	assert_startswith	213	RETAIN	REMAINING_RETAIN	结构性 id/路径/SSE 前缀，非 #ticket/日志措辞弱化	assert_startswith
F2-R11-2	rescan	tests/test_pay_order_override_653.py::test_golden2_haircut_half_is_exemption_not_debt	helper_internal_only	233	RETAIN	REMAINING_RETAIN	私有助手+外部可观察断言；非源码锁/纯公式旁路	helper_internal_only
F2-R11-2	rescan	tests/test_fiscal_substrate_bridge.py::test_settling_context_retry_does_not_recompute_substrate_hub_pre_settle	helper_internal_only	793	RETAIN	REMAINING_RETAIN	私有助手+外部可观察断言；非源码锁/纯公式旁路	helper_internal_only
F2-R11-2	rescan	tests/test_fiscal_substrate_bridge.py::test_economy_pay_arrears_from_central_account_splits_by_current_debt_ratio	helper_internal_only	2533	RETAIN	REMAINING_RETAIN	私有助手+外部可观察断言；非源码锁/纯公式旁路	helper_internal_only
F2-R11-2	rescan	tests/test_fiscal_substrate_bridge.py::test_economy_pay_arrears_from_central_account_can_repay_pure_province_source_army	helper_internal_only	2600	RETAIN	REMAINING_RETAIN	私有助手+外部可观察断言；非源码锁/纯公式旁路	helper_internal_only
F2-R11-2	rescan	tests/test_fiscal_substrate_bridge.py::test_economy_pay_arrears_preserves_fractional_pay_source_tail	helper_internal_only	2654	RETAIN	REMAINING_RETAIN	私有助手+外部可观察断言；非源码锁/纯公式旁路	helper_internal_only
F2-R11-2	rescan	tests/test_fiscal_substrate_bridge.py::test_economy_pay_arrears_clamps_integer_spend_and_preserves_tail	helper_internal_only	2713	RETAIN	REMAINING_RETAIN	私有助手+外部可观察断言；非源码锁/纯公式旁路	helper_internal_only
F2-R11-2	rescan	tests/test_fiscal_substrate_bridge.py::test_economy_pay_arrears_rejects_missing_or_unknown_target_without_repaying_other_armies	helper_internal_only	2793	RETAIN	REMAINING_RETAIN	私有助手+外部可观察断言；非源码锁/纯公式旁路	helper_internal_only
F2-R11-2	rescan	tests/test_fiscal_substrate_bridge.py::test_region_loader_rejects_bad_settle_meta_defaults	exception_match_param	3077	RETAIN	REMAINING_RETAIN	match=参数同值传递（parametrize 期望串）	exception_match_param
F2-R11-2	rescan	tests/test_fiscal_substrate_bridge.py::test_zhongyuan_jingshi_primary_source_refinement	chinese_literal_in_wording	3248	RETAIN	REMAINING_RETAIN	结构化中文枚举/标题契约，非 prompt 呈现锁	chinese_literal_in_wording
F2-R11-2	rescan	tests/test_fiscal_substrate_bridge.py::test_standalone_army_pay_funnel_rejects_malformed_settle_shapes	exception_match_param	3689	RETAIN	REMAINING_RETAIN	match=参数同值传递（parametrize 期望串）	exception_match_param
F2-R11-2	rescan	tests/test_fiscal_substrate_bridge.py::test_standalone_army_pay_container_total_rejects_malformed_region_shapes	exception_match_param	3717	RETAIN	REMAINING_RETAIN	match=参数同值传递（parametrize 期望串）	exception_match_param
F2-R11-2	rescan	tests/test_fiscal_substrate_bridge.py::test_jiangnan_core_seeds_have_positive_remittance_golden	chinese_literal_in_wording	3754	RETAIN	REMAINING_RETAIN	结构化中文枚举/标题契约，非 prompt 呈现锁	chinese_literal_in_wording
F2-R11-2	rescan	tests/test_qa_s2_copy_prompts_1356_1402.py::test_gazette_header_uses_report_own_month_not_current_turn	chinese_literal_in_wording	21	RETAIN	REMAINING_RETAIN	结构化中文枚举/标题契约，非 prompt 呈现锁	chinese_literal_in_wording
F2-R11-2	rescan	tests/test_qa_s2_copy_prompts_1356_1402.py::test_state_payload_projects_previous_reign_period_label	chinese_literal_in_wording	65	RETAIN	REMAINING_RETAIN	结构化中文枚举/标题契约，非 prompt 呈现锁	chinese_literal_in_wording
F2-R11-2	rescan	tests/test_web_audience_night_498.py::test_asgi_dossiered_directive_has_no_retired_review_surface	chinese_literal_in_wording	520	RETAIN	REMAINING_RETAIN	结构化中文枚举/标题契约，非 prompt 呈现锁	chinese_literal_in_wording
F2-R11-2	rescan	tests/test_declaration_dispatch_1835.py::test_reference_to_nonexistent_entity_is_rejected_without_killing_sibling_item	chinese_literal_in_wording	173	RETAIN	REMAINING_RETAIN	结构化中文枚举/标题契约，非 prompt 呈现锁	chinese_literal_in_wording
F2-R11-2	rescan	tests/test_declaration_dispatch_1835.py::test_staged_declaration_discard_and_idempotent_settle_in_decree_order	chinese_literal_in_wording	687	RETAIN	REMAINING_RETAIN	结构化中文枚举/标题契约，非 prompt 呈现锁	chinese_literal_in_wording
F2-R11-2	rescan	tests/test_audience_translation_1838.py::test_edge_event_and_public_saying_attach_affair	assert_startswith	306	RETAIN	REMAINING_RETAIN	结构性 id/路径/SSE 前缀，非 #ticket/日志措辞弱化	assert_startswith
F2-R11-2	rescan	tests/test_month_chain_1847.py::test_step_4a_deferred_disclosure_sees_fresh_0058_progress	assert_startswith	1322	RETAIN	REMAINING_RETAIN	结构性 id/路径/SSE 前缀，非 #ticket/日志措辞弱化	assert_startswith
F2-R11-2	rescan	tests/test_mechanical_tail_1845.py::test_chapter_memory_retired_from_three_readers	assert_startswith	447	RETAIN	REMAINING_RETAIN	结构性 id/路径/SSE 前缀，非 #ticket/日志措辞弱化	assert_startswith
F2-R11-2	rescan	tests/test_faction_denunciation_627.py::test_veracity_derivation_mechanical_and_origin_marks	assert_startswith	224	RETAIN	REMAINING_RETAIN	结构性 id/路径/SSE 前缀，非 #ticket/日志措辞弱化	assert_startswith
F2-R11-2	rescan	tests/test_decree_commitment_creation_136.py::test_until_stop_commitment_issue_is_created_with_carrier_fields	assert_startswith	30	RETAIN	REMAINING_RETAIN	结构性 id/路径/SSE 前缀，非 #ticket/日志措辞弱化	assert_startswith
F2-R11-2	rescan	tests/test_person_delta_adapter.py::test_registry_and_tools_court_roster_exclude_active_prince	helper_internal_only	1914	RETAIN	REMAINING_RETAIN	私有助手+外部可观察断言；非源码锁/纯公式旁路	helper_internal_only
F2-R11-2	rescan	tests/test_scene_llm_1836.py::test_xuan_lands_enter_then_present_on_next_prepare	assert_startswith	82	RETAIN	REMAINING_RETAIN	结构性 id/路径/SSE 前缀，非 #ticket/日志措辞弱化	assert_startswith
F2-R11-2	rescan	tests/test_audience_continuous_507.py::test_scene_recap_excludes_dialogue_before_person_entered	chinese_literal_in_wording	59	RETAIN	REMAINING_RETAIN	结构化中文枚举/标题契约，非 prompt 呈现锁	chinese_literal_in_wording
F2-R11-2	rescan	tests/test_audience_continuous_507.py::test_qianqing_continuous_night_skeleton_runs	chinese_literal_in_wording	81	RETAIN	REMAINING_RETAIN	结构化中文枚举/标题契约，非 prompt 呈现锁	chinese_literal_in_wording
F2-R11-2	rescan	tests/test_llm_channel_config.py::test_web_runtime_cli_no_saved_timeout_uses_cli_default	helper_internal_only	633	RETAIN	REMAINING_RETAIN	私有助手+外部可观察断言；非源码锁/纯公式旁路	helper_internal_only
F2-R11-2	rescan	tests/test_material_directory_1830.py::test_prepare_writes_typed_tree_and_index	assert_startswith	34	RETAIN	REMAINING_RETAIN	结构性 id/路径/SSE 前缀，非 #ticket/日志措辞弱化	assert_startswith
F2-R11-2	rescan	tests/test_material_directory_1830.py::test_material_tree_contains_only_structurally_related_world_details	assert_startswith	75	RETAIN	REMAINING_RETAIN	结构性 id/路径/SSE 前缀，非 #ticket/日志措辞弱化	assert_startswith
F2-R11-2	rescan	tests/test_material_directory_1830.py::test_character_materials_exclude_legacy_raw_turn_report_and_keep_public_gazettes	assert_startswith	206	RETAIN	REMAINING_RETAIN	结构性 id/路径/SSE 前缀，非 #ticket/日志措辞弱化	assert_startswith
F2-R11-2	rescan	tests/test_qa_d1_decree_normalize_1274.py::test_is_non_person_covers_generics_and_collectives	helper_internal_only	85	RETAIN	REMAINING_RETAIN	私有助手+外部可观察断言；非源码锁/纯公式旁路	helper_internal_only
F2-R11-2	rescan	tests/test_on_scene_immediate_write_1839.py::test_undo_reverses_round_on_scene_writes	chinese_literal_in_wording	137	RETAIN	REMAINING_RETAIN	结构化中文枚举/标题契约，非 prompt 呈现锁	chinese_literal_in_wording
F2-R11-2	rescan	tests/test_gazette_author_1862.py::test_author_archives_own_title_and_same_run_advances	assert_startswith	88	RETAIN	REMAINING_RETAIN	结构性 id/路径/SSE 前缀，非 #ticket/日志措辞弱化	assert_startswith
F2-R11-2	rescan	tests/test_authority_ledger_611.py::test_production_path_grant_restore_revoke_impression_tracer	assert_startswith	64	RETAIN	REMAINING_RETAIN	结构性 id/路径/SSE 前缀，非 #ticket/日志措辞弱化	assert_startswith
F2-R11-2	rescan	tests/test_audience_scroll_539.py::test_real_player_sse_replaces_closed_same_turn_night_before_failed_reply	assert_startswith	19	RETAIN	REMAINING_RETAIN	结构性 id/路径/SSE 前缀，非 #ticket/日志措辞弱化	assert_startswith
F2-R11-2	rescan	tests/test_faction_leverage_9.py::test_office_weight_takes_highest_domain_across_joint_offices	helper_internal_only	500	RETAIN	REMAINING_RETAIN	私有助手+外部可观察断言；非源码锁/纯公式旁路	helper_internal_only
F2-R11-2	rescan	tests/test_faction_leverage_9.py::test_office_rank_deputy_titles_not_inflated_to_principal	helper_internal_only	516	RETAIN	REMAINING_RETAIN	私有助手+外部可观察断言；非源码锁/纯公式旁路	helper_internal_only
F2-R11-2	rescan	tests/test_faction_leverage_9.py::test_office_rank_aux_titles_audit_offices_json	helper_internal_only	549	RETAIN	REMAINING_RETAIN	私有助手+外部可观察断言；非源码锁/纯公式旁路	helper_internal_only
F2-R11-2	rescan	tests/test_faction_leverage_9.py::test_jundadou_deputy_ouster_impact_is_half_of_principal	helper_internal_only	580	RETAIN	REMAINING_RETAIN	私有助手+外部可观察断言；非源码锁/纯公式旁路	helper_internal_only
F2-R11-2	rescan	tests/test_faction_leverage_9.py::test_neiting_has_leverage_weight_like_other_court_eunuchs	helper_internal_only	614	RETAIN	REMAINING_RETAIN	私有助手+外部可观察断言；非源码锁/纯公式旁路	helper_internal_only
F2-R11-2	rescan	tests/test_world_materials_1834.py::test_prepare_writes_typed_tree_with_board_affairs_and_gazette_index	assert_startswith	26	RETAIN	REMAINING_RETAIN	结构性 id/路径/SSE 前缀，非 #ticket/日志措辞弱化	assert_startswith
F2-R11-2	rescan	tests/test_world_materials_1834.py::test_prepare_rebuilds_from_world_record_after_restore	assert_startswith	132	RETAIN	REMAINING_RETAIN	结构性 id/路径/SSE 前缀，非 #ticket/日志措辞弱化	assert_startswith
F2-R11-2	rescan	tests/test_world_materials_1834.py::test_world_materials_include_textual_facts_once_and_gazette_not_duplicated	assert_startswith	188	RETAIN	REMAINING_RETAIN	结构性 id/路径/SSE 前缀，非 #ticket/日志措辞弱化	assert_startswith
F2-R11-2	rescan	tests/test_public_projection_consistency_1830.py::test_scene_person_public_layer_matches_character_and_world_admission	assert_startswith	78	RETAIN	REMAINING_RETAIN	结构性 id/路径/SSE 前缀，非 #ticket/日志措辞弱化	assert_startswith
F2-R11-2	rescan	tests/test_army_salary_44.py::test_non_finite_salary_rate_anchored_not_crash	helper_internal_only	171	RETAIN	REMAINING_RETAIN	私有助手+外部可观察断言；非源码锁/纯公式旁路	helper_internal_only
F2-R11-2	rescan	tests/test_session_write_queue_1353.py::test_get_session_write_queue_wiring_fail_loud_no_broad_swallow	helper_internal_only	493	RETAIN	REMAINING_RETAIN	私有助手+外部可观察断言；非源码锁/纯公式旁路	helper_internal_only
F2-R11-2	rescan	tests/test_event_trigger_gate.py::test_gate_passed_tolerates_none	helper_internal_only	436	RETAIN	REMAINING_RETAIN	私有助手+外部可观察断言；非源码锁/纯公式旁路	helper_internal_only
F2-R11-2	rescan	tests/test_event_trigger_gate.py::test_gate_passed_tolerates_nonstring_cond	helper_internal_only	444	RETAIN	REMAINING_RETAIN	私有助手+外部可观察断言；非源码锁/纯公式旁路	helper_internal_only
F2-R11-2	rescan	tests/test_event_trigger_gate.py::test_character_numeric_gate_supports_comparison	helper_internal_only	692	RETAIN	REMAINING_RETAIN	私有助手+外部可观察断言；非源码锁/纯公式旁路	helper_internal_only
F2-R11-2	rescan	tests/test_event_trigger_gate.py::test_wuyin_lubian_content_treats_lu_death_as_soft_battle_outcome	chinese_literal_in_wording	1398	RETAIN	REMAINING_RETAIN	结构化中文枚举/标题契约，非 prompt 呈现锁	chinese_literal_in_wording
F2-R11-2	rescan	tests/test_event_trigger_gate.py::test_issue_tracker_rollback_removes_dynamic_character_attrs	hasattr_private_internal	1474	RETAIN	REMAINING_RETAIN	回滚动态属性清除行为观察；非 assert not hasattr 缺席锁	hasattr_private_internal
F2-R11-2	rescan	tests/test_rescript_draft_656.py::test_1620_internal_canonical_xiexang_renormalizes_without_kind	helper_internal_only	452	RETAIN	REMAINING_RETAIN	私有助手+外部可观察断言；非源码锁/纯公式旁路	helper_internal_only
F2-R11-2	rescan	tests/test_month_call_recovery_1846.py::test_settlement_recovery_projects_month_call_failure	chinese_literal_in_wording	397	RETAIN	REMAINING_RETAIN	结构化中文枚举/标题契约，非 prompt 呈现锁	chinese_literal_in_wording
F2-R11-2	rescan	tests/test_office_rank_562.py::test_seed_archives_clean_historical_office_for_dismissed_ministers	assert_startswith	276	RETAIN	REMAINING_RETAIN	结构性 id/路径/SSE 前缀，非 #ticket/日志措辞弱化	assert_startswith
F2-R11-2	rescan	tests/test_execution_pressure_654.py::test_grant_region_to_character_amendment_clears_single_locality	helper_internal_only	951	RETAIN	REMAINING_RETAIN	私有助手+外部可观察断言；非源码锁/纯公式旁路	helper_internal_only
F2-R11-2	rescan	tests/test_execution_pressure_654.py::test_authorization_region_to_character_amendment_clears_single_locality	helper_internal_only	1015	RETAIN	REMAINING_RETAIN	私有助手+外部可观察断言；非源码锁/纯公式旁路	helper_internal_only
F2-R11-2	rescan	tests/test_army_card_status_1501.py::test_army_payload_omits_static_status_exposes_arrears_text	helper_internal_only	138	RETAIN	REMAINING_RETAIN	私有助手+外部可观察断言；非源码锁/纯公式旁路	helper_internal_only
F2-R11-2	rescan	tests/test_cli_play_turn.py::test_play_turn_skip_prints_dossier_settlement_report_and_ends_turn	chinese_literal_in_wording	458	RETAIN	REMAINING_RETAIN	结构化中文枚举/标题契约，非 prompt 呈现锁	chinese_literal_in_wording
F2-R11-2	rescan	tests/test_override_breach_costs_564.py::test_breach_charges_authority_ministers_and_related_factions_once	assert_startswith	459	RETAIN	REMAINING_RETAIN	结构性 id/路径/SSE 前缀，非 #ticket/日志措辞弱化	assert_startswith
F2-R11-2	rescan	tests/test_chat_stream_failpaths_393.py::test_chat_stream_run_error_event_sse_system_layer_no_retry	assert_startswith	649	RETAIN	REMAINING_RETAIN	结构性 id/路径/SSE 前缀，非 #ticket/日志措辞弱化	assert_startswith
F2-R11-2	rescan	tests/test_menu_continue_stream_1195.py::test_menu_continue_streams_stage_labels_then_done_state	assert_startswith	36	RETAIN	REMAINING_RETAIN	结构性 id/路径/SSE 前缀，非 #ticket/日志措辞弱化	assert_startswith
F2-R11-2	rescan	tests/test_menu_continue_stream_1195.py::test_menu_continue_streams_error_when_llm_unavailable	assert_startswith	79	RETAIN	REMAINING_RETAIN	结构性 id/路径/SSE 前缀，非 #ticket/日志措辞弱化	assert_startswith
F2-R11-2	rescan	tests/test_relation_seed_638.py::test_issue_639_seed_owner_audit_corrections	assert_startswith	483	RETAIN	REMAINING_RETAIN	结构性 id/路径/SSE 前缀，非 #ticket/日志措辞弱化	assert_startswith
F2-R11-2	rescan	tests/test_grant_reconciliation_567.py::test_per_route_storage_restore_and_escort_split	chinese_literal_in_wording	169	RETAIN	REMAINING_RETAIN	结构化中文枚举/标题契约，非 prompt 呈现锁	chinese_literal_in_wording
F2-R11-2	rescan	tests/test_grant_reconciliation_567.py::test_close_merges_recon_note_without_second_treasury_debit	chinese_literal_in_wording	215	RETAIN	REMAINING_RETAIN	结构化中文枚举/标题契约，非 prompt 呈现锁	chinese_literal_in_wording
F2-R11-2	rescan	tests/test_secret_order_payoff_1504.py::test_supply_call_writes_identity_materials_into_its_own_tree	assert_startswith	878	RETAIN	REMAINING_RETAIN	结构性 id/路径/SSE 前缀，非 #ticket/日志措辞弱化	assert_startswith
F2-R11-2	rescan	tests/test_relation_read_640.py::test_dto_shape_summary_plus_recent_context_with_backref	chinese_literal_in_wording	120	RETAIN	REMAINING_RETAIN	结构化中文枚举/标题契约，非 prompt 呈现锁	chinese_literal_in_wording
F2-R11-2	rescan	tests/test_relation_read_640.py::test_judge_face_reads_edges_invisible_to_role_view	chinese_literal_in_wording	160	RETAIN	REMAINING_RETAIN	结构化中文枚举/标题契约，非 prompt 呈现锁	chinese_literal_in_wording
F2-R11-2	rescan	tests/test_rejection_wiring.py::test_provenance_from_stored_recovers_all_forms	helper_internal_only	558	RETAIN	REMAINING_RETAIN	私有助手+外部可观察断言；非源码锁/纯公式旁路	helper_internal_only
F2-R11-2	rescan	tests/test_office_inference.py::test_runtime_cli_unknown_office_uses_configured_runner_without_env	chinese_literal_in_wording	78	RETAIN	REMAINING_RETAIN	结构化中文枚举/标题契约，非 prompt 呈现锁	chinese_literal_in_wording
F2-R11-2	rescan	tests/test_start_sh_deps_1721.py::test_start_sh_syncs_requirements_before_uvicorn	assert_startswith	92	RETAIN	REMAINING_RETAIN	结构性 id/路径/SSE 前缀，非 #ticket/日志措辞弱化	assert_startswith
F2-R11-2	rescan	tests/test_start_sh_deps_1721.py::test_start_sh_default_path_runs_pip_frontend_and_uvicorn_in_order	assert_startswith	121	RETAIN	REMAINING_RETAIN	结构性 id/路径/SSE 前缀，非 #ticket/日志措辞弱化	assert_startswith
F2-R11-2	rescan	tests/test_start_sh_deps_1721.py::test_start_sh_pip_failure_does_not_start_uvicorn	assert_startswith	142	RETAIN	REMAINING_RETAIN	结构性 id/路径/SSE 前缀，非 #ticket/日志措辞弱化	assert_startswith
