class	phase	member	kind	disposition	status	reason	prod_n	test_n	prod_sites	test_sites
F2-R11-1	rescan	ming_sim/cli_backend.py::_backfill_healed_participant_refs	prod_migrate_backfill_purge	RETAIN	PRESENT	现役召对纠错轮参与人槽修补；cli_backend 真消费；非 DB 旧档迁移	1	0	ming_sim/cli_backend.py:2637
F2-R11-1	rescan	tests/conftest.py::_atomic_connless_test_shell_compat	dead_test_helper_zero_ext	RETAIN	PRESENT	测试夹具/协议壳；零 AST 外部 Load；非旧结算种子闭包	0	0
F2-R11-1	rescan	tests/conftest.py::_isolate_cli_bin_resolution	dead_test_helper_zero_ext	RETAIN	PRESENT	测试夹具/协议壳；零 AST 外部 Load；非旧结算种子闭包	0	0
F2-R11-1	rescan	tests/conftest.py::_isolated_user_data_dir	dead_test_helper_zero_ext	RETAIN	PRESENT	测试夹具/协议壳；零 AST 外部 Load；非旧结算种子闭包	0	0
F2-R11-1	rescan	tests/conftest.py::_offline_audience_translation_provider	dead_test_helper_zero_ext	RETAIN	PRESENT	测试夹具/协议壳；零 AST 外部 Load；非旧结算种子闭包	0	0
F2-R11-1	rescan	tests/conftest.py::_offline_scene_beat_generator	dead_test_helper_zero_ext	RETAIN	PRESENT	测试夹具/协议壳；零 AST 外部 Load；非旧结算种子闭包	0	0
F2-R11-1	rescan	tests/conftest.py::_restore_content_characters	dead_test_helper_zero_ext	RETAIN	PRESENT	测试夹具/协议壳；零 AST 外部 Load；非旧结算种子闭包	0	0
F2-R11-1	rescan	tests/conftest.py::_transport_retry_interval_instant	dead_test_helper_zero_ext	RETAIN	PRESENT	测试夹具/协议壳；零 AST 外部 Load；非旧结算种子闭包	0	0
F2-R11-1	rescan	tests/test_audience_background.py::_EmptyAgent	dead_test_helper_zero_ext	RETAIN	PRESENT	测试夹具/协议壳；零 AST 外部 Load；非旧结算种子闭包	0	0
F2-R11-1	rescan	tests/test_audience_background.py::_assert_next_accepted	dead_test_helper_zero_ext	RETAIN	PRESENT	测试夹具/协议壳；零 AST 外部 Load；非旧结算种子闭包	0	0
F2-R11-1	rescan	tests/test_audience_background.py::_character	dead_test_helper_zero_ext	RETAIN	PRESENT	测试夹具/协议壳；零 AST 外部 Load；非旧结算种子闭包	0	0
F2-R11-1	rescan	tests/test_audience_presence_500.py::_session_double	dead_test_helper_zero_ext	RETAIN	PRESENT	测试夹具/协议壳；零 AST 外部 Load；非旧结算种子闭包	0	0
F2-R11-1	rescan	tests/test_audience_presence_500.py::_tool_registry	dead_test_helper_zero_ext	RETAIN	PRESENT	测试夹具/协议壳；零 AST 外部 Load；非旧结算种子闭包	0	0
F2-R11-1	rescan	tests/test_audience_restore_505.py::_character	dead_test_helper_zero_ext	RETAIN	PRESENT	测试夹具/协议壳；零 AST 外部 Load；非旧结算种子闭包	0	0
F2-R11-1	rescan	tests/test_audience_undo_506.py::_confirm	dead_test_helper_zero_ext	RETAIN	PRESENT	测试夹具/协议壳；零 AST 外部 Load；非旧结算种子闭包	0	0
F2-R11-1	rescan	tests/test_audience_undo_506.py::_mark_pending	dead_test_helper_zero_ext	RETAIN	PRESENT	测试夹具/协议壳；零 AST 外部 Load；非旧结算种子闭包	0	0
F2-R11-1	rescan	tests/test_centrifuge_ledger_690.py::_collect_typed_keys	dead_test_helper_zero_ext	RETAIN	PRESENT	测试夹具/协议壳；零 AST 外部 Load；非旧结算种子闭包	0	0
F2-R11-1	rescan	tests/test_chat_stream_failpaths_393.py::_FailLeavingAgnoRunAgent	dead_test_helper_zero_ext	RETAIN	PRESENT	测试夹具/协议壳；零 AST 外部 Load；非旧结算种子闭包	0	0
F2-R11-1	rescan	tests/test_cli_backend.py::_patch_backend	dead_test_helper_zero_ext	RETAIN	PRESENT	测试夹具/协议壳；零 AST 外部 Load；非旧结算种子闭包	0	0
F2-R11-1	rescan	tests/test_cli_play_turn.py::_noop_atomic	dead_test_helper_zero_ext	RETAIN	PRESENT	测试夹具/协议壳；零 AST 外部 Load；非旧结算种子闭包	0	0
F2-R11-1	rescan	tests/test_court_break_player_lock_1727.py::_CannedExtractor	dead_test_helper_zero_ext	RETAIN	PRESENT	测试夹具/协议壳；零 AST 外部 Load；非旧结算种子闭包	0	0
F2-R11-1	rescan	tests/test_court_layout_1290.py::_runtime_write_gate	dead_test_helper_zero_ext	RETAIN	PRESENT	测试夹具/协议壳；零 AST 外部 Load；非旧结算种子闭包	0	0
F2-R11-1	rescan	tests/test_decree_dossiers_571.py::_complete_session	dead_test_helper_zero_ext	RETAIN	PRESENT	测试夹具/协议壳；零 AST 外部 Load；非旧结算种子闭包	0	0
F2-R11-1	rescan	tests/test_dossier_endorsements_612.py::_Agent	dead_test_helper_zero_ext	RETAIN	PRESENT	测试夹具/协议壳；零 AST 外部 Load；非旧结算种子闭包	0	0
F2-R11-1	rescan	tests/test_enter_settlement_period_1235.py::_BoomExtractor	dead_test_helper_zero_ext	RETAIN	PRESENT	测试夹具/协议壳；零 AST 外部 Load；非旧结算种子闭包	0	0
F2-R11-1	rescan	tests/test_enter_settlement_period_1235.py::_CannedExtractor	dead_test_helper_zero_ext	RETAIN	PRESENT	测试夹具/协议壳；零 AST 外部 Load；非旧结算种子闭包	0	0
F2-R11-1	rescan	tests/test_enter_settlement_period_1235.py::_terminal_sse	dead_test_helper_zero_ext	RETAIN	PRESENT	测试夹具/协议壳；零 AST 外部 Load；非旧结算种子闭包	0	0
F2-R11-1	rescan	tests/test_fiscal_levy_effect.py::_settled_land_by_region	dead_test_helper_zero_ext	RETAIN	PRESENT	测试夹具/协议壳；零 AST 外部 Load；非旧结算种子闭包	0	0
F2-R11-1	rescan	tests/test_menu_lifecycle_drain_396.py::_character	dead_test_helper_zero_ext	RETAIN	PRESENT	测试夹具/协议壳；零 AST 外部 Load；非旧结算种子闭包	0	0
F2-R11-1	rescan	tests/test_month_loop_tracer_1468.py::_BoomExtractor	dead_test_helper_zero_ext	RETAIN	PRESENT	测试夹具/协议壳；零 AST 外部 Load；非旧结算种子闭包	0	0
F2-R11-1	rescan	tests/test_month_loop_tracer_1468.py::_CannedExtractor	dead_test_helper_zero_ext	RETAIN	PRESENT	测试夹具/协议壳；零 AST 外部 Load；非旧结算种子闭包	0	0
F2-R11-1	rescan	tests/test_month_loop_tracer_1468.py::_assert_court_break_closed	dead_test_helper_zero_ext	RETAIN	PRESENT	测试夹具/协议壳；零 AST 外部 Load；非旧结算种子闭包	0	0
F2-R11-1	rescan	tests/test_month_loop_tracer_1468.py::_install_canned_minister	dead_test_helper_zero_ext	RETAIN	PRESENT	测试夹具/协议壳；零 AST 外部 Load；非旧结算种子闭包	0	0
F2-R11-1	rescan	tests/test_month_loop_tracer_1468.py::_month_ord_of	dead_test_helper_zero_ext	RETAIN	PRESENT	测试夹具/协议壳；零 AST 外部 Load；非旧结算种子闭包	0	0
F2-R11-1	rescan	tests/test_month_loop_tracer_1468.py::_play_one_month	dead_test_helper_zero_ext	RETAIN	PRESENT	测试夹具/协议壳；零 AST 外部 Load；非旧结算种子闭包	0	0
F2-R11-1	rescan	tests/test_month_loop_tracer_1468.py::_setup_open_night_participant	dead_test_helper_zero_ext	RETAIN	PRESENT	测试夹具/协议壳；零 AST 外部 Load；非旧结算种子闭包	0	0
F2-R11-1	rescan	tests/test_pihong_dossier_1490.py::_658_session	dead_test_helper_zero_ext	RETAIN	PRESENT	测试夹具/协议壳；零 AST 外部 Load；非旧结算种子闭包	0	0
F2-R11-1	rescan	tests/test_pihong_dossier_1490.py::_gen	dead_test_helper_zero_ext	RETAIN	PRESENT	测试夹具/协议壳；零 AST 外部 Load；非旧结算种子闭包	0	0
F2-R11-1	rescan	tests/test_pihong_dossier_1490.py::_ok_revise_text	dead_test_helper_zero_ext	RETAIN	PRESENT	测试夹具/协议壳；零 AST 外部 Load；非旧结算种子闭包	0	0
F2-R11-1	rescan	tests/test_pre_settle_transaction.py::_must_not_run	dead_test_helper_zero_ext	RETAIN	PRESENT	测试夹具/协议壳；零 AST 外部 Load；非旧结算种子闭包	0	0
F2-R11-1	rescan	tests/test_qa_b3_409_ux.py::_ClosingNightDB	dead_test_helper_zero_ext	RETAIN	PRESENT	测试夹具/协议壳；零 AST 外部 Load；非旧结算种子闭包	0	0
F2-R11-1	rescan	tests/test_qa_h1_seed_data.py::_bajiu_names	dead_test_helper_zero_ext	RETAIN	PRESENT	测试夹具/协议壳；零 AST 外部 Load；非旧结算种子闭包	0	0
F2-R11-1	rescan	tests/test_refugee_loop_652.py::_reflux	dead_test_helper_zero_ext	RETAIN	PRESENT	测试夹具/协议壳；零 AST 外部 Load；非旧结算种子闭包	0	0
F2-R11-1	rescan	tests/test_settlement_write_guard_393.py::_runtime_write_gate	dead_test_helper_zero_ext	RETAIN	PRESENT	测试夹具/协议壳；零 AST 外部 Load；非旧结算种子闭包	0	0
F2-R11-1	rescan	tests/test_state_reload.py::_boom_reload	dead_test_helper_zero_ext	RETAIN	PRESENT	测试夹具/协议壳；零 AST 外部 Load；非旧结算种子闭包	0	0
F2-R11-1	rescan	tests/test_state_reload.py::_restore_content	dead_test_helper_zero_ext	RETAIN	PRESENT	测试夹具/协议壳；零 AST 外部 Load；非旧结算种子闭包	0	0
F2-R11-1	rescan	tests/test_state_reload.py::_spy	dead_test_helper_zero_ext	RETAIN	PRESENT	测试夹具/协议壳；零 AST 外部 Load；非旧结算种子闭包	0	0
F2-R11-1	rescan	tests/test_transit_countdown_668.py::_assert_ledger_match	dead_test_helper_zero_ext	RETAIN	PRESENT	测试夹具/协议壳；零 AST 外部 Load；非旧结算种子闭包	0	0
F2-R11-1	rescan	tests/test_web_chat_serialization_393.py::_SecretOrderAgent	dead_test_helper_zero_ext	RETAIN	PRESENT	测试夹具/协议壳；零 AST 外部 Load；非旧结算种子闭包	0	0
F2-R11-1	rescan	tests/test_web_chat_serialization_393.py::_character	dead_test_helper_zero_ext	RETAIN	PRESENT	测试夹具/协议壳；零 AST 外部 Load；非旧结算种子闭包	0	0
F2-R11-1	rescan	tests/test_web_chat_serialization_393.py::_merge_staged_new_secret_order_content	dead_test_helper_zero_ext	RETAIN	PRESENT	测试夹具/协议壳；零 AST 外部 Load；非旧结算种子闭包	0	0
F2-R11-1	rescan	tests/test_executor_routing_721.py::test_legacy_character_executor_migrates_without_overriding_roster	exclusive_old_save_or_migrate_test	RETAIN	PRESENT	名含 legacy；实咬现役 create_decree_dossier 写口	0	0
F2-R11-1	rescan	tests/test_fiscal_substrate_bridge.py::test_old_dongjiang_pay_funnel_due_backfills_before_new_pay_rows	exclusive_old_save_or_migrate_test	RETAIN	PRESENT	现役 create_armies_from_extraction 补 settle._meta；非 init_schema 旧档	0	0
F2-R11-1	rescan	tests/test_llm_channel_config.py::test_load_llm_config_migrates_legacy_advanced_thinking_to_reasoning	exclusive_old_save_or_migrate_test	RETAIN	PRESENT	现役 load_llm_config kwargs 别名归一	0	0
F2-R11-1	rescan	tests/test_llm_channel_config.py::test_load_llm_config_migrates_legacy_none_thinking_to_off	exclusive_old_save_or_migrate_test	RETAIN	PRESENT	现役 load_llm_config thinking_level 别名归一	0	0
