norm_sql	locs	disposition
select payload_json from pending_actions where id=?", (pending_id,),	./tests/test_audience_translate_1837.py:953;./tests/test_execution_pressure_654.py:811;./tests/test_execution_pressure_654.py:986;./tests/test_execution_pressure_654.py:1033;./tests/test_execution_pressure_654.py:1052;./tests/test_execution_pressure_654.py:1093;./tests/test_execution_pressure_654.py:1110	NOT_CLASS_or_same_module_variants_see_note
select status from chat_turns where id=?", (ctid,),	./tests/test_secret_order_isolation_883.py:1408;./tests/test_staged_assignment_identity_1890.py:433;./tests/test_staged_assignment_identity_1890.py:466;./tests/test_web_audience_night_498.py:356;./tests/test_audience_translation_1838.py:417;./ming_sim/audience_translation.py:358	NOT_CLASS_or_same_module_variants_see_note
select payload_json from pending_actions where id=?",	./tests/test_breach_plea_623.py:455;./tests/test_declaration_dispatch_1835.py:64;./tests/test_declaration_dispatch_1835.py:108;./tests/test_declaration_dispatch_1835.py:162;./tests/test_audience_translate_1837.py:1001;./ming_sim/action_materialize.py:103	NOT_CLASS_or_same_module_variants_see_note
select status from pending_actions where id=?", (action_id,),	./tests/test_staged_assignment_identity_1890.py:230;./tests/test_staged_assignment_identity_1890.py:394;./tests/test_staged_assignment_identity_1890.py:398;./tests/test_audience_commit_failure_1853.py:160;./tests/test_audience_commit_failure_1853.py:207	NOT_CLASS_or_same_module_variants_see_note
select count(*) c from pending_actions").fetchone()["c"]	./tests/test_declaration_dispatch_1835.py:87;./tests/test_declaration_dispatch_1835.py:104;./tests/test_declaration_dispatch_1835.py:132;./tests/test_declaration_dispatch_1835.py:152;./tests/test_month_translate_1840.py:140	NOT_CLASS_or_same_module_variants_see_note
select source_chat_turn_id from pending_actions where id=?",	./tests/test_staged_assignment_identity_1890.py:99;./tests/test_staged_assignment_identity_1890.py:132;./ming_sim/db.py:10355;./ming_sim/db.py:14214	NOT_CLASS_or_same_module_variants_see_note
select night_approved from pending_actions where id=?", (staged_id,),	./tests/test_declaration_dispatch_1835.py:314;./tests/test_audience_translate_1837.py:572;./tests/test_audience_translate_1837.py:587;./tests/test_audience_translate_1837.py:1040	NOT_CLASS_or_same_module_variants_see_note
select dossier_progress_json from secret_orders where id=?", (order_id,),	./tests/test_dossier_reported_progress_619.py:144;./tests/test_grant_reconciliation_567.py:209;./ming_sim/db.py:11967	NOT_CLASS_or_same_module_variants_see_note
select status from audience_nights where id=?", (night_id,),	./tests/test_month_loop_tracer_1468.py:504;./tests/test_court_break_player_lock_1727.py:160;./tests/test_cli_play_turn.py:537	NOT_CLASS_or_same_module_variants_see_note
select count(*) from secret_orders").fetchone()[0] == 0	./tests/test_decree_dossiers_571.py:462;./tests/test_audience_undo_506.py:257	NOT_CLASS_or_same_module_variants_see_note
select id from audience_nights where status='open' order by id desc limit 1"	./tests/test_audience_translate_1837.py:551;./ming_sim/db.py:9194	NOT_CLASS_or_same_module_variants_see_note
select content from chat_messages where id=?", (int(mid),),	./ming_sim/audience_translate.py:140;./ming_sim/materials.py:1998	NOT_CLASS_or_same_module_variants_see_note
