class	path	lineno	key	expr
FREE_REWRITE	ming_sim/staged_commitment.py	41	text	raw.strip()
FREE_REWRITE	ming_sim/staged_commitment.py	64	criterion	str(item.get('criterion_text') or item.get('criterion') or '').strip()
FREE_REWRITE	ming_sim/staged_commitment.py	67	origin_context	str(item.get('origin_context') or item.get('origin') or criterion or '').strip()
FREE_REWRITE	ming_sim/staged_commitment.py	94	text	stages.strip()
FREE_REWRITE	ming_sim/staged_commitment.py	241	title	str(payload.get('title') or payload.get('purpose') or '').strip()
FREE_REWRITE	ming_sim/staged_commitment.py	242	criterion	str(payload.get('ongoing_effects') or '').strip() or title or '依限奏报'
FREE_REWRITE	ming_sim/staged_commitment.py	243	origin	str(row['decree_text'] or payload.get('text') or criterion).strip()
FREE_REWRITE	ming_sim/settlement_payload.py	37	label	str(option.get('label') or '').strip()
FREE_REWRITE	ming_sim/settlement_payload.py	60	title	str(obj.get('title') or '').strip()
MACHINE	ming_sim/settlement_payload.py	98	origin_ref	str(obj.get('origin_ref') or '').strip()
MACHINE	ming_sim/settlement_payload.py	190	event_id	str(item.get('id') or '').strip()
FREE_REWRITE	ming_sim/settlement_payload.py	191	title	str(item.get('title') or '').strip()
FREE_REWRITE	ming_sim/settlement_payload.py	212	title	str(out.get('title') or '').strip()
FREE_REWRITE	ming_sim/settlement_payload.py	68	label	str(o.get('label') or '').strip()
FREE_REWRITE	ming_sim/settlement_payload.py	92	context	str(obj.get('context') or '').strip()
FREE_REWRITE	ming_sim/settlement_payload.py	76	hint	str(o.get('hint') or '').strip()
MACHINE	ming_sim/month_chain.py	1616	event_id	str(ev.id or '').strip()
MACHINE	ming_sim/month_chain.py	1624	origin_ref	str(question.get('origin_ref') or '').strip()
FREE_REWRITE	ming_sim/month_chain.py	1639	label	str(opt.get('label') or '').strip()
FREE_REWRITE	ming_sim/month_chain.py	1650	title	str(question.get('title') or '').strip() or '请旨'
FREE_REWRITE	ming_sim/month_chain.py	1650	context	str(question.get('context') or '').strip()
FREE_REWRITE	ming_sim/month_chain.py	1713	label	str(choice.get('label') or '').strip()
FREE_REWRITE	ming_sim/month_chain.py	1713	hint	str(choice.get('hint') or '').strip()
FREE_REWRITE	ming_sim/month_chain.py	1713	note	str(choice.get('note') or '').strip()
FREE_REWRITE	ming_sim/month_chain.py	1713	context	str(row.get('context') or '').strip()
FREE_REWRITE	ming_sim/month_chain.py	1642	hint	str(opt.get('hint') or '').strip()
FREE_REWRITE	ming_sim/materials.py	96	text	str(name or '').strip() or '未名'
FREE_REWRITE	ming_sim/materials.py	75	name	str(raw or '').strip()
FREE_REWRITE	ming_sim/materials.py	326	text	str(value or '').strip()
MACHINE	ming_sim/action_clusters.py	163	action_type	str(option.get('action_type') or '').strip()
MACHINE	ming_sim/action_clusters.py	296	kind	str(obj.get('kind') or '').strip()
FREE_REWRITE	ming_sim/action_clusters.py	299	label	str(obj.get('动作类型') or '').strip()
FREE_REWRITE	ming_sim/entities/affair/store.py	540	text	str(origin_ref or '').strip()
FREE_REWRITE	ming_sim/entities/affair/store.py	97	title	str(name or '').strip()
MACHINE	ming_sim/entities/affair/store.py	103	key	str(birth_key or '').strip()
MACHINE	ming_sim/entities/affair/store.py	172	key	str(parsed.get('birth_key') or '').strip()
MACHINE	ming_sim/entities/affair/store.py	201	key	str(parsed.get('birth_key') or '').strip()
MACHINE	ming_sim/entities/affair/store.py	410	origin_ref	str(item.get('origin_ref') or item.get('来源引用') or '').strip()
FREE_REWRITE	ming_sim/entities/affair/store.py	497	name	str(raw.get('name') or '').strip()
FREE_REWRITE	ming_sim/entities/affair/store.py	498	origin	str(raw.get('origin') or '').strip()
MACHINE	ming_sim/entities/affair/store.py	501	key	str(raw.get('birth_key') or '').strip()
FREE_REWRITE	ming_sim/entities/affair/store.py	449	origin	str(row['origin_ref'] or '').strip()
FREE_REWRITE	ming_sim/issues.py	232	text	str(origin_ref or '').strip()
FREE_REWRITE	ming_sim/issues.py	506	text	str(resolve_condition or '').strip()
FREE_REWRITE	ming_sim/issues.py	516	text	str(resolve_condition or '').strip()
MACHINE	ming_sim/issues.py	805	account	str(create.get('account') or '').strip()
MACHINE	ming_sim/issues.py	840	account	str(create.get('account') or '').strip()
FREE_REWRITE	ming_sim/issues.py	3128	name	str(legacy.get('name') or '').strip() or f'{issue_title}遗留'
FREE_REWRITE	ming_sim/issues.py	5888	name	str(name or '').strip()
MACHINE	ming_sim/issues.py	7528	origin_ref	str(raw_changes.get('origin_ref') or '').strip()
MACHINE	ming_sim/issues.py	382	key	key.strip()
FREE_REWRITE	ming_sim/issues.py	927	name	str(item.get('name') or item.get('人物') or '').strip()
FREE_REWRITE	ming_sim/issues.py	2843	title	str(item.get('new_title') or item.get('title') or '').strip()
FREE_REWRITE	ming_sim/issues.py	2852	name	str(item.get('name') or '').strip()
MACHINE	ming_sim/issues.py	3487	event_id	str(item.get('id') or item.get('origin_ref') or '').strip()
MACHINE	ming_sim/issues.py	4891	origin_ref	str(ni.get('origin_ref') or '').strip()
MACHINE	ming_sim/issues.py	5445	origin_ref	str(row['origin_ref'] or '').strip()
FREE_REWRITE	ming_sim/issues.py	6127	name	str(result.get('name') or '').strip()
FREE_REWRITE	ming_sim/issues.py	6156	title	str(item.get('new_title') or item.get('title') or '').strip()
FREE_REWRITE	ming_sim/issues.py	6206	name	str(item.get('name') or '').strip()
MACHINE	ming_sim/issues.py	7043	origin_ref	str(item.get('origin_ref') or '').strip()
FREE_REWRITE	ming_sim/issues.py	7056	reason	str(item.get('reason') or '').strip()
MACHINE	ming_sim/issues.py	7142	power_id	str(item.get('power_id') or '').strip()
MACHINE	ming_sim/issues.py	7143	origin_ref	str(item.get('origin_ref') or '').strip()
MACHINE	ming_sim/issues.py	8379	origin_ref	str(raw_changes.get('origin_ref') or '').strip()
MACHINE	ming_sim/issues.py	8514	event_id	str(new_issue.get('id') or '').strip()
MACHINE	ming_sim/issues.py	8538	event_id	str(new_issue.get('id') or '').strip()
MACHINE	ming_sim/issues.py	8638	key	str(remove.get('key') or '').strip()
MACHINE	ming_sim/issues.py	8678	origin_ref	str(remove.get('origin_ref') or '').strip()
MACHINE	ming_sim/issues.py	8721	key	str(create.get('key') or '').strip()
MACHINE	ming_sim/issues.py	8722	account	str(create.get('account') or '').strip()
MACHINE	ming_sim/issues.py	8750	origin_ref	str(create.get('origin_ref') or '').strip()
MACHINE	ming_sim/issues.py	8820	key	str(change.get('key') or '').strip()
MACHINE	ming_sim/issues.py	8866	origin_ref	str(change.get('origin_ref') or '').strip()
FREE_REWRITE	ming_sim/issues.py	877	name	str(item.get('name') or item.get('人物') or '').strip()
FREE_REWRITE	ming_sim/issues.py	900	name	str(item.get('name') or item.get('人物') or '').strip()
FREE_REWRITE	ming_sim/issues.py	912	name	str(item.get('name') or item.get('人物') or '').strip()
MACHINE	ming_sim/issues.py	3285	power_id	str(item.get('power_id') or '').strip()
MACHINE	ming_sim/issues.py	4710	event_id	str(ni.get('id') or ni.get('origin_ref') or '').strip()
FREE_REWRITE	ming_sim/issues.py	6078	name	str(item.get('name') or '').strip()
REVIEW	ming_sim/issues.py	6078	动作	str(item.get('动作') or '').strip()
FREE_REWRITE	ming_sim/issues.py	6297	status	'dismissed' if action == '罢黜' else str(item.get('status') or '').strip()
MACHINE	ming_sim/issues.py	6907	character_id	str(item.get('character_id') or '').strip()
MACHINE	ming_sim/issues.py	6909	tier	str(item.get('tier') or '').strip()
FREE_REWRITE	ming_sim/issues.py	7779	note	str(item.get('note') or '').strip()
FREE_REWRITE	ming_sim/issues.py	7964	name	str(item.get('name') or '').strip()
MACHINE	ming_sim/issues.py	8148	origin_ref	str(army_item.get('origin_ref') or '').strip()
MACHINE	ming_sim/issues.py	8158	origin_ref	str(raw_changes.get('origin_ref') or '').strip()
MACHINE	ming_sim/issues.py	8282	origin_ref	str(army_item.get('origin_ref') or '').strip()
MACHINE	ming_sim/issues.py	8293	origin_ref	str(raw_changes.get('origin_ref') or '').strip()
MACHINE	ming_sim/issues.py	8509	event_id	str(new_issue.get('id') or '').strip()
MACHINE	ming_sim/issues.py	8564	origin_ref	str(item.get('origin_ref') or '').strip()
MACHINE	ming_sim/issues.py	8571	origin_ref	str(raw_changes.get('origin_ref') or '').strip()
MACHINE	ming_sim/issues.py	8600	origin_ref	str(raw_changes.get('origin_ref') or '').strip()
FREE_REWRITE	ming_sim/issues.py	2871	status	str(item.get('status') or '').strip()
FREE_REWRITE	ming_sim/issues.py	2198	decree_text	str(row['decree_text'] or '').strip()
FREE_REWRITE	ming_sim/issues.py	2198	execution_note	str(row['execution_note'] or '').strip()
REVIEW	ming_sim/issues.py	2198	execution_outcome	str(row['execution_outcome'] or '').strip()
MACHINE	ming_sim/issues.py	5078	tier	str(participant.get('tier') or participant.get('档') or '知情').strip()
MACHINE	ming_sim/issues.py	6658	action_type	str(dossier.get('action_type') or '').strip()
REVIEW	ming_sim/issues.py	8488	动作	str(item.get('动作') or item.get('action') or '').strip()
MACHINE	ming_sim/issues.py	8498	id	str(item.get('id') or '').strip() if isinstance(item, dict) else ''
MACHINE	ming_sim/issues.py	6916	role	str(item.get('role') or '').strip()
FREE_REWRITE	ming_sim/issues.py	8063	name	str(person_change.get('name') or '').strip()
REVIEW	ming_sim/issues.py	8063	动作	str(person_change.get('动作') or '').strip()
FREE_REWRITE	ming_sim/issues.py	8588	name	str(item.get('name') or '').strip()
REVIEW	ming_sim/issues.py	8588	动作	str(item.get('动作') or '').strip()
MACHINE	ming_sim/db.py	790	kind	(current_type or '').strip()
FREE_REWRITE	ming_sim/db.py	237	name	str(raw_name).strip()
MACHINE	ming_sim/db.py	3745	event_id	str(event_id or '').strip()
MACHINE	ming_sim/db.py	4594	owner_power	str(new_owner or '').strip()
MACHINE	ming_sim/db.py	4857	owner_power	str(row['owner_power'] or '').strip()
MACHINE	ming_sim/db.py	7138	power_id	str(power_id or '').strip()
MACHINE	ming_sim/db.py	8938	key	(name_or_id or '').strip()
FREE_REWRITE	ming_sim/db.py	11281	name	str(minister_name or '').strip()
MACHINE	ming_sim/db.py	11797	target_kind	str(normalized.get('target_kind') or '').strip()
MACHINE	ming_sim/db.py	11798	target_id	str(normalized.get('target_id') or '').strip()
MACHINE	ming_sim/db.py	13624	account	str(payload.get('account') or payload.get('target_account') or '').strip()
MACHINE	ming_sim/db.py	13629	target_id	str(payload.get('target_id') or row.get('target_id') or '').strip()
MACHINE	ming_sim/db.py	14502	key	str(decision_key or '').strip()
MACHINE	ming_sim/db.py	14731	kind	str(office_type or '').strip()
FREE_REWRITE	ming_sim/db.py	14771	name	str(character_name or '').strip()
MACHINE	ming_sim/db.py	14800	kind	str(office_type or '').strip()
FREE_REWRITE	ming_sim/db.py	16084	text	str(fragment or '').strip()
FREE_REWRITE	ming_sim/db.py	16628	station	str(payload.get('station') or '').strip()
MACHINE	ming_sim/db.py	16629	station_region	str(payload.get('station_region') or payload.get('实际驻地') or payload.get('驻地省') or '').strip()
FREE_REWRITE	ming_sim/db.py	16672	title	str(payload.get('title') or '').strip()
FREE_REWRITE	ming_sim/db.py	16675	body	str(payload.get('text') or row.get('decree_text') or '').strip()
FREE_REWRITE	ming_sim/db.py	17047	context	str(reason or '').strip() or '处置站台者'
FREE_REWRITE	ming_sim/db.py	18481	name	str(payload.get('name') or '').strip()
MACHINE	ming_sim/db.py	18484	office	str(payload.get('office') or '').strip()
FREE_REWRITE	ming_sim/db.py	18526	name	str(payload.get('name') or '').strip()
MACHINE	ming_sim/db.py	18527	office	str(payload.get('office') or '').strip()
FREE_REWRITE	ming_sim/db.py	18622	name	str(payload.get('name') or '').strip()
FREE_REWRITE	ming_sim/db.py	18675	name	str(payload.get('name') or '').strip()
MACHINE	ming_sim/db.py	19182	target_kind	str(dossier.get('target_kind') or '').strip()
MACHINE	ming_sim/db.py	19183	target_id	str(dossier.get('target_id') or '').strip()
MACHINE	ming_sim/db.py	19305	target_kind	str(structured.get('target_kind') or '').strip()
MACHINE	ming_sim/db.py	19306	target_id	str(structured.get('target_id') or '').strip()
FREE_REWRITE	ming_sim/db.py	19983	text	str(raw).strip()
MACHINE	ming_sim/db.py	20856	key	str(fact_key or '').strip()
FREE_REWRITE	ming_sim/db.py	21316	name	str(minister_name or '').strip()
MACHINE	ming_sim/db.py	21681	assignee	str(minister_name or '').strip()
FREE_REWRITE	ming_sim/db.py	21682	origin	str(origin_minister_name or '').strip()
MACHINE	ming_sim/db.py	22593	source	str(source or '').strip()
MACHINE	ming_sim/db.py	2982	key	str(raw_key or '').strip()
FREE_REWRITE	ming_sim/db.py	6186	name	str(raw.get('name') or raw.get('姓名') or '').strip()
FREE_REWRITE	ming_sim/db.py	8434	name	str(item.get('name') or aid).strip()
MACHINE	ming_sim/db.py	8554	station_region	str(item.get('station_region') or '').strip()
MACHINE	ming_sim/db.py	11095	event_id	str(d.get('event_id') or '').strip()
MACHINE	ming_sim/db.py	11239	key	str(raw or '').strip()
FREE_REWRITE	ming_sim/db.py	11743	station	str(normalized.get('station') or '').strip()
FREE_REWRITE	ming_sim/db.py	12507	note	str(item.get('note') or '').strip()
MACHINE	ming_sim/db.py	12665	action_type	str(row['action_type'] or 'grant_allocation').strip() or 'grant_allocation'
FREE_REWRITE	ming_sim/db.py	13099	name	str(crow['name'] or '').strip()
MACHINE	ming_sim/db.py	14179	account	str(canonical_payload.get('account') or '').strip()
FREE_REWRITE	ming_sim/db.py	14938	note	str(item.get('note') or '').strip() if isinstance(item, dict) else ''
MACHINE	ming_sim/db.py	15385	action_type	str(row.get('action_type') or '').strip()
MACHINE	ming_sim/db.py	16536	kind	str(source.get('target_kind') or fields.get('target_kind') or '').strip()
FREE_REWRITE	ming_sim/db.py	16564	origin	str(issue_row['origin_ref'] or '').strip()
FREE_REWRITE	ming_sim/db.py	16674	title	str(payload.get('target_id') or '').strip()
FREE_REWRITE	ming_sim/db.py	18681	reason	str(payload.get('reason') or '奉旨任免').strip() or '奉旨任免'
FREE_REWRITE	ming_sim/db.py	19951	text	payload_json.strip()
MACHINE	ming_sim/db.py	21035	character_id	str(item.get('character_id') or '').strip()
MACHINE	ming_sim/db.py	11667	kind	str(normalized.get('target_kind') or '').strip()
FREE_REWRITE	ming_sim/db.py	18268	title	str(payload.get('title') or '').strip()
MACHINE	ming_sim/db.py	18270	assignee	str(payload.get('assignee') or pa['minister_name'] or '').strip()
MACHINE	ming_sim/db.py	19179	character_id	str(entry.get('character_id') or '').strip()
MACHINE	ming_sim/db.py	20980	tier	str(tier_value or ('' if strict_structured else '知情')).strip()
FREE_REWRITE	ming_sim/db.py	11522	purpose	str(normalized.get('purpose') or '').strip()
MACHINE	ming_sim/db.py	11557	assignee	str(normalized.get('assignee_id') or normalized.get('assignee') or normalized.get('holder_id') or ''
REVIEW	ming_sim/db.py	13000	author_name	str(row.get('accuser_name') or '').strip() or self.MEMORIAL_AUTHOR_FALLBACK
MACHINE	ming_sim/db.py	13860	character_id	str(executor_id).strip()
MACHINE	ming_sim/db.py	14249	character_id	str(executor_id).strip()
MACHINE	ming_sim/db.py	20971	character_id	str(value.get('character_id') or '').strip()
MACHINE	ming_sim/db.py	20974	character_id	str(value.get('character_id') or value.get('name') or '').strip()
FREE_REWRITE	ming_sim/db.py	7035	reason	str(v).strip()
MACHINE	ming_sim/db.py	15607	account	str(payload.get('account') or payload.get('target_account') or '').strip()
MACHINE	ming_sim/db.py	15630	target_id	str(payload.get('target_id') or row.get('target_id') or '').strip()
FREE_REWRITE	ming_sim/breach_plea.py	81	text	str(origin_ref or '').strip()
FREE_REWRITE	ming_sim/breach_plea.py	95	text	str(origin_context or '').strip()
MACHINE	ming_sim/breach_plea.py	305	kind	str(breach_kind or '').strip()
MACHINE	ming_sim/breach_plea.py	358	kind	str(breach_kind or '').strip()
FREE_REWRITE	ming_sim/breach_plea.py	150	origin	str(row['origin_ref'] or '').strip()
MACHINE	ming_sim/breach_plea.py	239	kind	str(raw or '').strip()
FREE_REWRITE	ming_sim/covert_progress.py	133	text	str(raw or '').strip()
MACHINE	ming_sim/covert_progress.py	183	kind	str(source.get('kind') or payload.get('kind') or '').strip()
FREE_REWRITE	ming_sim/covert_progress.py	312	text	str(raw or '').strip()
FREE_REWRITE	ming_sim/covert_progress.py	592	origin	str(review_input.get('origin_context') or '').strip()
MACHINE	ming_sim/covert_progress.py	727	category	str(delivery.get('category') or '').strip()
MACHINE	ming_sim/covert_progress.py	730	account	str(delivery.get('account') or '').strip()
FREE_REWRITE	ming_sim/covert_progress.py	769	name	str(target or '').strip()
FREE_REWRITE	ming_sim/covert_progress.py	799	text	str(raw or '').strip()
FREE_REWRITE	ming_sim/covert_progress.py	914	name	str(target or '').strip()
MACHINE	ming_sim/covert_progress.py	915	key	str(fact_key or '').strip()
FREE_REWRITE	ming_sim/covert_progress.py	955	name	str(target or '').strip()
MACHINE	ming_sim/covert_progress.py	956	key	str(fact_key or '').strip()
FREE_REWRITE	ming_sim/covert_progress.py	1046	name	str(target or '').strip()
MACHINE	ming_sim/covert_progress.py	1127	key	str(fact_key or '').strip()
FREE_REWRITE	ming_sim/covert_progress.py	1440	name	str(target or '').strip()
FREE_REWRITE	ming_sim/covert_progress.py	1511	name	str(target or '').strip()
MACHINE	ming_sim/covert_progress.py	1512	key	str(fact_key or '').strip()
FREE_REWRITE	ming_sim/covert_progress.py	1552	name	str(target or '').strip()
MACHINE	ming_sim/covert_progress.py	1597	key	str(fact_key or '').strip()
FREE_REWRITE	ming_sim/covert_progress.py	159	text	str(seed_guilt or '').strip()
FREE_REWRITE	ming_sim/covert_progress.py	719	purpose	str(delivery.get('purpose') or '').strip()
MACHINE	ming_sim/covert_progress.py	1251	key	str(clue.get('fact_key') or '').strip()
MACHINE	ming_sim/covert_progress.py	1420	source	str(tip.get('source') or '').strip()
REVIEW	ming_sim/covert_progress.py	1531	knowledge_source	str(knowledge_source or '').strip()
MACHINE	ming_sim/covert_progress.py	1741	source	str(tip.get('source', tip.get('递话人')) or '').strip()
MACHINE	ming_sim/covert_progress.py	824	key	str(item.get('fact_key') or '').strip()
REVIEW	ming_sim/covert_progress.py	1748	fact_key	str(spoil.get('fact_key') or fact or '').strip()
REVIEW	ming_sim/covert_progress.py	1748	knowledge_source	str(spoil.get('knowledge_source', spoil.get('知情来源')) or '').strip()
FREE_REWRITE	ming_sim/due_review.py	49	text	str(entry_kind or ENTRY_KIND_STAGED).strip()
FREE_REWRITE	ming_sim/due_review.py	77	text	str(origin_ref or '').strip()
FREE_REWRITE	ming_sim/due_review.py	249	origin	str(inp.get('origin_context') or todo.get('origin_context') or '').strip()
FREE_REWRITE	ming_sim/due_review.py	392	criterion	str(review_input.get('criterion_text') or '').strip() or '所约之事'
FREE_REWRITE	ming_sim/due_review.py	393	origin	str(review_input.get('origin_context') or '').strip()
MACHINE	ming_sim/urge_lever.py	365	kind	str(todo.get('entry_kind') or '').strip()
FREE_REWRITE	ming_sim/urge_lever.py	168	name	str(item.get('character_id') or '').strip()
FREE_REWRITE	ming_sim/urge_lever.py	193	name	str(parts[0]).strip()
