path	lineno	key	expr
ming_sim/staged_commitment.py	41	text	raw.strip()
ming_sim/staged_commitment.py	98	text	stages.strip()
ming_sim/settlement_payload.py	37	label	str(option.get('label') or '').strip()
ming_sim/settlement_payload.py	192	title	str(item.get('title') or '').strip()
ming_sim/settlement_payload.py	213	title	str(out.get('title') or '').strip()
ming_sim/materials.py	96	text	str(name or '').strip() or '未名'
ming_sim/materials.py	75	name	str(raw or '').strip()
ming_sim/materials.py	326	text	str(value or '').strip()
ming_sim/action_clusters.py	299	label	str(obj.get('动作类型') or '').strip()
ming_sim/entities/affair/store.py	541	text	str(origin_ref or '').strip()
ming_sim/entities/affair/store.py	97	title	str(name or '').strip()
ming_sim/entities/affair/store.py	449	origin	str(row['origin_ref'] or '').strip()
ming_sim/issues.py	232	text	str(origin_ref or '').strip()
ming_sim/issues.py	506	text	str(resolve_condition or '').strip()
ming_sim/issues.py	516	text	str(resolve_condition or '').strip()
ming_sim/issues.py	3128	name	str(legacy.get('name') or '').strip() or f'{issue_title}遗留'
ming_sim/issues.py	5888	name	str(name or '').strip()
ming_sim/issues.py	927	name	str(item.get('name') or item.get('人物') or '').strip()
ming_sim/issues.py	2843	title	str(item.get('new_title') or item.get('title') or '').strip()
ming_sim/issues.py	2852	name	str(item.get('name') or '').strip()
ming_sim/issues.py	6127	name	str(result.get('name') or '').strip()
ming_sim/issues.py	6156	title	str(item.get('new_title') or item.get('title') or '').strip()
ming_sim/issues.py	6206	name	str(item.get('name') or '').strip()
ming_sim/issues.py	7056	reason	str(item.get('reason') or '').strip()
ming_sim/issues.py	877	name	str(item.get('name') or item.get('人物') or '').strip()
ming_sim/issues.py	900	name	str(item.get('name') or item.get('人物') or '').strip()
ming_sim/issues.py	912	name	str(item.get('name') or item.get('人物') or '').strip()
ming_sim/issues.py	6078	name	str(item.get('name') or '').strip()
ming_sim/issues.py	6297	status	'dismissed' if action == '罢黜' else str(item.get('status') or '').strip()
ming_sim/issues.py	7779	note	str(item.get('note') or '').strip()
ming_sim/issues.py	7964	name	str(item.get('name') or '').strip()
ming_sim/issues.py	2871	status	str(item.get('status') or '').strip()
ming_sim/issues.py	8063	name	str(person_change.get('name') or '').strip()
ming_sim/issues.py	8588	name	str(item.get('name') or '').strip()
ming_sim/db.py	237	name	str(raw_name).strip()
ming_sim/db.py	11281	name	str(minister_name or '').strip()
ming_sim/db.py	14776	name	str(character_name or '').strip()
ming_sim/db.py	16089	text	str(fragment or '').strip()
ming_sim/db.py	17054	context	str(reason or '').strip() or '处置站台者'
ming_sim/db.py	18488	name	str(payload.get('name') or '').strip()
ming_sim/db.py	18533	name	str(payload.get('name') or '').strip()
ming_sim/db.py	18629	name	str(payload.get('name') or '').strip()
ming_sim/db.py	18682	name	str(payload.get('name') or '').strip()
ming_sim/db.py	19990	text	str(raw).strip()
ming_sim/db.py	21323	name	str(minister_name or '').strip()
ming_sim/db.py	21689	origin	str(origin_minister_name or '').strip()
ming_sim/db.py	6186	name	str(raw.get('name') or raw.get('姓名') or '').strip()
ming_sim/db.py	8434	name	str(item.get('name') or aid).strip()
ming_sim/db.py	13104	name	str(crow['name'] or '').strip()
ming_sim/db.py	14943	note	str(item.get('note') or '').strip() if isinstance(item, dict) else ''
ming_sim/db.py	16569	origin	str(issue_row['origin_ref'] or '').strip()
ming_sim/db.py	16680	title	str(payload.get('target_id') or '').strip()
ming_sim/db.py	18688	reason	str(payload.get('reason') or '奉旨任免').strip() or '奉旨任免'
ming_sim/db.py	19958	text	payload_json.strip()
ming_sim/db.py	7035	reason	str(v).strip()
ming_sim/breach_plea.py	81	text	str(origin_ref or '').strip()
ming_sim/breach_plea.py	95	text	str(origin_context or '').strip()
ming_sim/breach_plea.py	150	origin	str(row['origin_ref'] or '').strip()
ming_sim/covert_progress.py	133	text	str(raw or '').strip()
ming_sim/covert_progress.py	312	text	str(raw or '').strip()
ming_sim/covert_progress.py	592	origin	str(review_input.get('origin_context') or '').strip()
ming_sim/covert_progress.py	769	name	str(target or '').strip()
ming_sim/covert_progress.py	799	text	str(raw or '').strip()
ming_sim/covert_progress.py	914	name	str(target or '').strip()
ming_sim/covert_progress.py	955	name	str(target or '').strip()
ming_sim/covert_progress.py	1046	name	str(target or '').strip()
ming_sim/covert_progress.py	1440	name	str(target or '').strip()
ming_sim/covert_progress.py	1511	name	str(target or '').strip()
ming_sim/covert_progress.py	1552	name	str(target or '').strip()
ming_sim/covert_progress.py	159	text	str(seed_guilt or '').strip()
ming_sim/covert_progress.py	719	purpose	str(delivery.get('purpose') or '').strip()
ming_sim/due_review.py	49	text	str(entry_kind or ENTRY_KIND_STAGED).strip()
ming_sim/due_review.py	77	text	str(origin_ref or '').strip()
ming_sim/urge_lever.py	168	name	str(item.get('character_id') or '').strip()
ming_sim/urge_lever.py	193	name	str(parts[0]).strip()
