kind	loc	detail	disposition	basis
DUPLICATE_ASSERT	tests/test_advance_paths_atomic.py:241,251	test_submit_decisions_does_not_overwrite_already_decided_rows	db.list_pending_decisions(turn)[0]["choice"] == original	KEEP	hand: intervening call/assign between L241–L251 phase checkpoint
DUPLICATE_ASSERT	tests/test_affairs_1831.py:126,133	test_same_name_affairs_are_not_merged_and_birth_close_is_rejected	db.affairs.get(first.id).status == "open"	KEEP	hand: intervening call/assign between L126–L133 phase checkpoint
DUPLICATE_ASSERT	tests/test_applier_contract.py:369,374	test_ddl_in_open_transaction_rolls_back	db.conn.in_transaction	KEEP	hand: intervening call/assign between L369–L374 phase checkpoint
DUPLICATE_ASSERT	tests/test_audience_night_498.py:465,471	test_closing_cursor0_reopen_refuses_new_and_explicit_resume_commits	an.get_night(db2, night["id"])["status"] == "closing"	KEEP	hand: intervening call/assign between L465–L471 phase checkpoint
DUPLICATE_ASSERT	tests/test_audience_night_498.py:663,665	test_close_night_committed_without_dossier_does_not_publish_mingfa	db.get_dossier_for_directive(directive_id) is None	KEEP	hand: intervening call/assign between L663–L665 phase checkpoint
DUPLICATE_ASSERT	tests/test_audience_presence_500.py:234,237	test_reenter_after_exit_reappears_in_roster	_enters() == before + 1	KEEP	hand: intervening call/assign between L234–L237 phase checkpoint
DUPLICATE_ASSERT	tests/test_audience_restore_505.py:440,454	test_failed_retry_rolls_back_side_effects_and_keeps_question	[ r["content"] for r in db.conn.execute( "SELECT content FROM chat_messages WHERE role='user'" ).fe	KEEP	hand: intervening call/assign between L440–L454 phase checkpoint
EQ_THEN_IN_REVERSE	tests/test_audience_translate_1837.py:656,658	test_scene_chat_cli_and_api_same_translation_shape	shapes[0] == shapes[1] -> "noise" not in shapes[0]	KEEP	hand: shape equality ≠ schema key set; noise check independent
DUPLICATE_ASSERT	tests/test_audience_translate_1837.py:871,891	test_translation_pending_create_approve_reject_undo_via_real_chat_turn	int(db.conn.execute( "SELECT night_approved FROM pending_actions WHERE id=?", (approve_id	KEEP	hand: intervening call/assign between L871–L891 phase checkpoint
DUPLICATE_ASSERT	tests/test_audience_translation_1838.py:267,282	test_protagonist_undo_reprojects_night_current	get_night_protagonist(db, nid) == "王绍徽"	KEEP	hand: intervening call/assign between L267–L282 phase checkpoint
DUPLICATE_ASSERT	tests/test_audience_travel_gating_670.py:222,230	test_in_transit_summon_origin_is_idempotent_and_restorable	an.list_unsettled_summons(restored) == before_close	KEEP	hand: intervening call/assign between L222–L230 phase checkpoint
DUPLICATE_ASSERT	tests/test_audience_travel_gating_670.py:301,354	test_multi_origin_same_person_dedupes_consumer_projections_not_ledger	len(an.list_unsettled_summons(db)) == 2	KEEP	hand: intervening call/assign between L301–L354 phase checkpoint
DUPLICATE_ASSERT	tests/test_audience_travel_gating_670.py:329,370	test_multi_origin_same_person_dedupes_consumer_projections_not_ledger	an.list_unsettled_summons(db) == []	KEEP	hand: intervening call/assign between L329–L370 phase checkpoint
DUPLICATE_ASSERT	tests/test_audience_travel_gating_670.py:331,371	test_multi_origin_same_person_dedupes_consumer_projections_not_ledger	an.list_waiting_audience_summons(db) == []	KEEP	hand: intervening call/assign between L331–L371 phase checkpoint
DUPLICATE_ASSERT	tests/test_audience_travel_gating_670.py:481,519	test_arrived_summon_continuation_survives_failed_apply_across_months	_travel_row(db, person.name)["location"] == "henan"	KEEP	hand: intervening call/assign between L481–L519 phase checkpoint
DUPLICATE_ASSERT	tests/test_audience_travel_gating_670.py:482,520	test_arrived_summon_continuation_survives_failed_apply_across_months	_travel_row(db, person.name)["transit_to"] == ""	KEEP	hand: intervening call/assign between L482–L520 phase checkpoint
DUPLICATE_ASSERT	tests/test_audience_travel_gating_670.py:518,527	test_arrived_summon_continuation_survives_failed_apply_across_months	[row["origin_id"] for row in an.list_unsettled_summons(db)] == [origin]	KEEP	hand: intervening call/assign between L518–L527 phase checkpoint
DUPLICATE_ASSERT	tests/test_audience_travel_gating_670.py:481,528	test_arrived_summon_continuation_survives_failed_apply_across_months	_travel_row(db, person.name)["location"] == "henan"	KEEP	hand: intervening call/assign between L481–L528 phase checkpoint
DUPLICATE_ASSERT	tests/test_audience_travel_gating_670.py:482,529	test_arrived_summon_continuation_survives_failed_apply_across_months	_travel_row(db, person.name)["transit_to"] == ""	KEEP	hand: intervening call/assign between L482–L529 phase checkpoint
DUPLICATE_ASSERT	tests/test_audience_travel_gating_670.py:893,909	test_continuation_arrival_settles_origin_without_waiting	an.list_unsettled_summons(db) == []	KEEP	hand: intervening call/assign between L893–L909 phase checkpoint
DUPLICATE_ASSERT	tests/test_audience_undo_506.py:452,472	test_undo_dismiss_round_removes_exit_ledger_and_restores_presence	m in an.present_names_at(db, n1)	KEEP	hand: intervening call/assign between L452–L472 phase checkpoint
DUPLICATE_ASSERT	tests/test_audience_undo_506.py:509,526	test_attach_origin_bind_atomic_no_orphan_enter_on_midway_crash	m not in an.persons_present_tonight(db, night_id)	KEEP	hand: intervening call/assign between L509–L526 phase checkpoint
DUPLICATE_ASSERT	tests/test_breach_plea_623.py:874,879	test_silence_keeps_pending_across_settle	_pending_pleas(db)	KEEP	hand: intervening call/assign between L874–L879 phase checkpoint
DUPLICATE_ASSERT	tests/test_candidate_supply_1893.py:216,229	test_selected_event_lands_once_via_existing_new_issues_write	db.conn.execute( "SELECT COUNT(*) FROM issues WHERE origin_kind='event_pool' AND origin_ref=?", (ev	KEEP	hand: intervening call/assign between L216–L229 phase checkpoint
DUPLICATE_ASSERT	tests/test_character_knowledge_489.py:1240,1251	test_structured_person_scope_replaces_role_wide_world_reports	db.get_character_knowledge(state, bare.name)["scope"]["region_ids"] == ()	KEEP	hand: intervening call/assign between L1240–L1251 phase checkpoint
LEN_THEN_EQ_CAND	tests/test_character_knowledge_489.py:1201,1210	test_structured_person_scope_replaces_role_wide_world_reports	len(regions) >= 2 -> idle_proj["region_ids"] == ()	KEEP	hand: len(A) vs equality(B) — subjects differ; not entailment
LEN_THEN_EQ_CAND	tests/test_character_knowledge_489.py:1201,1211	test_structured_person_scope_replaces_role_wide_world_reports	len(regions) >= 2 -> idle_proj["archive_key"] == ""	KEEP	hand: len(A) vs equality(B) — subjects differ; not entailment
LEN_THEN_EQ_CAND	tests/test_character_knowledge_489.py:1201,1212	test_structured_person_scope_replaces_role_wide_world_reports	len(regions) >= 2 -> db.get_character_knowledge(state, idle.name)["scope"]["region_ids"] == ()	KEEP	hand: len(A) vs equality(B) — subjects differ; not entailment
LEN_THEN_EQ_CAND	tests/test_character_knowledge_489.py:1201,1214	test_structured_person_scope_replaces_role_wide_world_reports	len(regions) >= 2 -> inner_proj["region_ids"] == ()	KEEP	hand: len(A) vs equality(B) — subjects differ; not entailment
LEN_THEN_EQ_CAND	tests/test_character_knowledge_489.py:1201,1215	test_structured_person_scope_replaces_role_wide_world_reports	len(regions) >= 2 -> inner_proj["archive_key"] == ""	KEEP	hand: len(A) vs equality(B) — subjects differ; not entailment
LEN_THEN_EQ_CAND	tests/test_character_knowledge_489.py:1201,1231	test_structured_person_scope_replaces_role_wide_world_reports	len(regions) >= 2 -> rejected[0].get("category") == "missing_field"	KEEP	hand: len(A) vs equality(B) — subjects differ; not entailment
LEN_THEN_EQ_CAND	tests/test_character_knowledge_489.py:1201,1233	test_structured_person_scope_replaces_role_wide_world_reports	len(regions) >= 2 -> rejected[0]["item"].get("office") == "新设巡抚"	KEEP	hand: len(A) vs equality(B) — subjects differ; not entailment
LEN_THEN_EQ_CAND	tests/test_character_knowledge_489.py:1201,1234	test_structured_person_scope_replaces_role_wide_world_reports	len(regions) >= 2 -> rejected[0]["item"].get("office_type") == "地方"	KEEP	hand: len(A) vs equality(B) — subjects differ; not entailment
LEN_THEN_EQ_CAND	tests/test_character_knowledge_489.py:1201,1239	test_structured_person_scope_replaces_role_wide_world_reports	len(regions) >= 2 -> after["office"] == prior_office["office"]	KEEP	hand: len(A) vs equality(B) — subjects differ; not entailment
LEN_THEN_EQ_CAND	tests/test_character_knowledge_489.py:1201,1240	test_structured_person_scope_replaces_role_wide_world_reports	len(regions) >= 2 -> db.get_character_knowledge(state, bare.name)["scope"]["region_ids"] == ()	KEEP	hand: len(A) vs equality(B) — subjects differ; not entailment
LEN_THEN_EQ_CAND	tests/test_character_knowledge_489.py:1201,1244	test_structured_person_scope_replaces_role_wide_world_reports	len(regions) >= 2 -> unknown[0].get("category") == "missing_ref"	KEEP	hand: len(A) vs equality(B) — subjects differ; not entailment
LEN_THEN_EQ_CAND	tests/test_character_knowledge_489.py:1201,1246	test_structured_person_scope_replaces_role_wide_world_reports	len(regions) >= 2 -> unknown[0]["item"].get("region_id") == "not_a_region"	KEEP	hand: len(A) vs equality(B) — subjects differ; not entailment
LEN_THEN_EQ_CAND	tests/test_character_knowledge_489.py:1201,1250	test_structured_person_scope_replaces_role_wide_world_reports	len(regions) >= 2 -> after_unknown["office"] == prior_office["office"]	KEEP	hand: len(A) vs equality(B) — subjects differ; not entailment
LEN_THEN_EQ_CAND	tests/test_character_knowledge_489.py:1201,1251	test_structured_person_scope_replaces_role_wide_world_reports	len(regions) >= 2 -> db.get_character_knowledge(state, bare.name)["scope"]["region_ids"] == ()	KEEP	hand: len(A) vs equality(B) — subjects differ; not entailment
LEN_THEN_EQ_CAND	tests/test_character_knowledge_489.py:1201,1262	test_structured_person_scope_replaces_role_wide_world_reports	len(regions) >= 2 -> attached["region_ids"] == ("jiangxi",)	KEEP	hand: len(A) vs equality(B) — subjects differ; not entailment
LEN_THEN_EQ_CAND	tests/test_character_knowledge_489.py:1201,1263	test_structured_person_scope_replaces_role_wide_world_reports	len(regions) >= 2 -> attached["archive_key"] == "slot:新设巡抚@jiangxi"	KEEP	hand: len(A) vs equality(B) — subjects differ; not entailment
LEN_THEN_EQ_CAND	tests/test_character_knowledge_489.py:1201,1264	test_structured_person_scope_replaces_role_wide_world_reports	len(regions) >= 2 -> db.get_character_knowledge(state, bare.name)["scope"]["region_ids"] == ("jian	KEEP	hand: len(A) vs equality(B) — subjects differ; not entailment
LEN_THEN_EQ_CAND	tests/test_character_knowledge_489.py:1201,1272	test_structured_person_scope_replaces_role_wide_world_reports	len(regions) >= 2 -> db._office_archive_key(	KEEP	hand: len(A) vs equality(B) — subjects differ; not entailment
        keke_lead["office"], keke_lead["office_type"],			ENUM_ARTIFACT	multiline enum continuation or non-path loc; not a candidate
LEN_THEN_EQ_CAND	tests/test_character_knowledge_489.py:1201,1131	test_structured_person_scope_replaces_role_wide_world_reports	len(regions) >= 2 -> content.characters[name].office_region == region	KEEP	hand: len(A) vs equality(B) — subjects differ; not entailment
LEN_THEN_EQ_CAND	tests/test_character_knowledge_489.py:1201,1132	test_structured_person_scope_replaces_role_wide_world_reports	len(regions) >= 2 -> db.character_office_region(name) == region	KEEP	hand: len(A) vs equality(B) — subjects differ; not entailment
LEN_THEN_EQ_CAND	tests/test_character_knowledge_489.py:1201,1134	test_structured_person_scope_replaces_role_wide_world_reports	len(regions) >= 2 -> view["scope"]["region_ids"] == (region,)	KEEP	hand: len(A) vs equality(B) — subjects differ; not entailment
LEN_THEN_EQ_CAND	tests/test_character_knowledge_489.py:1201,1139	test_structured_person_scope_replaces_role_wide_world_reports	len(regions) >= 2 -> proj["region_ids"] == (region,)	KEEP	hand: len(A) vs equality(B) — subjects differ; not entailment
LEN_THEN_EQ_CAND	tests/test_character_knowledge_489.py:1201,1140	test_structured_person_scope_replaces_role_wide_world_reports	len(regions) >= 2 -> proj["archive_key"] == f"slot:{title}@{region}"	KEEP	hand: len(A) vs equality(B) — subjects differ; not entailment
LEN_THEN_EQ_CAND	tests/test_character_knowledge_489.py:1201,1295	test_structured_person_scope_replaces_role_wide_world_reports	len(regions) >= 2 -> db._office_archive_key("朝鲜国王", "外臣") == ""	KEEP	hand: len(A) vs equality(B) — subjects differ; not entailment
LEN_THEN_EQ_CAND	tests/test_character_knowledge_489.py:1201,1305	test_structured_person_scope_replaces_role_wide_world_reports	len(regions) >= 2 -> json.loads(wai_keys["office_archive_keys"] or "[]") == []	KEEP	hand: len(A) vs equality(B) — subjects differ; not entailment
DUPLICATE_ASSERT	tests/test_character_knowledge_489.py:1398,1410	test_household_secret_ledger_keeps_amount_but_hides_case_semantics	{(-1, "reason"), (-1, "category")}.isdisjoint(household_ledger_reads)	KEEP	hand: intervening call/assign between L1398–L1410 phase checkpoint
DUPLICATE_ASSERT	tests/test_character_knowledge_489.py:1442,1467	test_household_secret_ledger_hides_case_by_excluded_office	{(-2, "delta"), (-2, "balance_after")} <= household_ledger_reads	KEEP	hand: intervening call/assign between L1442–L1467 phase checkpoint
DUPLICATE_ASSERT	tests/test_character_knowledge_489.py:1443,1468	test_household_secret_ledger_hides_case_by_excluded_office	{(-2, "reason"), (-2, "category")}.isdisjoint(household_ledger_reads)	KEEP	hand: intervening call/assign between L1443–L1468 phase checkpoint
LEN_THEN_EQ_CAND	tests/test_cli_backend.py:72,82	test_extract_secret_order_preserves_long_title_without_formal_cap	len(long_title) > 20 -> result["title"] == long_title	KEEP	hand: len(A) vs equality(B) — subjects differ; not entailment
LEN_THEN_EQ_CAND	tests/test_cli_backend.py:72,83	test_extract_secret_order_preserves_long_title_without_formal_cap	len(long_title) > 20 -> len(result["title"]) == len(long_title)	KEEP	hand: len(A) vs equality(B) — subjects differ; not entailment
DUPLICATE_ASSERT	tests/test_cli_backend.py:612,613	test_resolve_cli_bin_caches	cb._resolve_cli_bin("codex", "codex") == "/abs/codex"	KEEP	hand: intentional double-call proves cache (calls['n']==1)
DUPLICATE_ASSERT	tests/test_cli_transport_1465.py:203,214	test_cli_chat_stream_three_transient_exhausted_system_fail_night_open_then_resend	an.get_open_night(db) is not None	KEEP	hand: intervening call/assign between L203–L214 phase checkpoint
DUPLICATE_ASSERT	tests/test_commitment_backlash_626.py:551,571	test_ac3_regret_then_expire_dropped_no_hammer	assess_foundation_tier(db, cid) == FOUNDATION_HALFWAY	KEEP	hand: intervening call/assign between L551–L571 phase checkpoint
DUPLICATE_ASSERT	tests/test_commitment_backlash_626.py:601,626	test_ac3_plea_due_expire_then_commitment_expire_no_hammer	assess_foundation_tier(db, cid) == FOUNDATION_HALFWAY	KEEP	hand: intervening call/assign between L601–L626 phase checkpoint
DUPLICATE_ASSERT	tests/test_commitment_backlash_626.py:767,773	test_ac5_hook_idempotent_no_gate_table_expansion	len(_backlash_issues(db)) == 1	KEEP	hand: intervening call/assign between L767–L773 phase checkpoint
DUPLICATE_ASSERT	tests/test_commitment_display_348.py:67,72	test_bar_tracks_elapsed_via_wall_clock	progress is not None	KEEP	hand: intervening call/assign between L67–L72 phase checkpoint
DUPLICATE_ASSERT	tests/test_covert_levy_651.py:300,302	test_prohibition_reminder_is_consumed_after_later_payoff	settle_exposure_from_canonical_actions(db, state, {}) == 1	KEEP	hand: intervening call/assign between L300–L302 phase checkpoint
DUPLICATE_ASSERT	tests/test_covert_levy_651.py:402,422	test_prohibition_neutralizes_once_with_zero_receipt_and_partial_clamp	settle_exposure_from_canonical_actions(db, state, {}) == 1	KEEP	hand: intervening call/assign between L402–L422 phase checkpoint
LEN_THEN_EQ_CAND	tests/test_credit_events_628.py:459,499	test_disposition_scapegoat_cover_prosecute_on_transformed	len(_credit_edges(db)) >= before_all -> sg_rel == []	KEEP	hand: len(A) vs equality(B) — subjects differ; not entailment
LEN_THEN_EQ_CAND	tests/test_credit_events_628.py:459,500	test_disposition_scapegoat_cover_prosecute_on_transformed	len(_credit_edges(db)) >= before_all -> len(_credit_edges(db, event_kind=KIND_SCAPEGOAT)) == before_sg	KEEP	hand: len(A) vs equality(B) — subjects differ; not entailment
LEN_THEN_EQ_CAND	tests/test_credit_events_628.py:459,405	test_disposition_scapegoat_cover_prosecute_on_transformed	len(_credit_edges(db)) >= before_all -> scapegoat_actor_kind_from_origin(e["origin"]) == "皇帝"	KEEP	hand: len(A) vs equality(B) — subjects differ; not entailment
LEN_THEN_EQ_CAND	tests/test_credit_events_628.py:459,452	test_disposition_scapegoat_cover_prosecute_on_transformed	len(_credit_edges(db)) >= before_all -> len(_credit_edges(db, event_kind=k)) == n	KEEP	hand: len(A) vs equality(B) — subjects differ; not entailment
LEN_THEN_EQ_CAND	tests/test_credit_events_628.py:459,562	test_disposition_scapegoat_cover_prosecute_on_transformed	len(_credit_edges(db)) >= before_all -> cover_disp == before_back_disp	KEEP	hand: len(A) vs equality(B) — subjects differ; not entailment
DUPLICATE_ASSERT	tests/test_decree_commitment_settlement_229.py:498,517	test_until_stop_arrears_commitment_settlement_oracle_resolves_with_restore	_issue_row(db, open_issue_id)["status"] == "active"	KEEP	hand: intervening call/assign between L498–L517 phase checkpoint
DUPLICATE_ASSERT	tests/test_decree_commitment_settlement_229.py:863,867	test_limited_duration_commitment_ticks_until_end_turn_then_expires	_issue_row(db, issue_id)["status"] == "active"	KEEP	hand: intervening call/assign between L863–L867 phase checkpoint
DUPLICATE_ASSERT	tests/test_decree_commitment_settlement_229.py:868,874	test_limited_duration_commitment_ticks_until_end_turn_then_expires	payments() == [-40, -40]	KEEP	hand: intervening call/assign between L868–L874 phase checkpoint
DUPLICATE_ASSERT	tests/test_decree_commitment_settlement_229.py:1340,1343	test_semantically_empty_one_shot_commitment_acks_once	_issue_row(db, issue_id)["status"] == "dropped"	KEEP	hand: intervening call/assign between L1340–L1343 phase checkpoint
DUPLICATE_ASSERT	tests/test_decree_dossiers_571.py:308,311	test_pending_directive_only_enters_settlement_after_final_approval	db.get_dossier_for_directive(rejected_directive_id) is None	KEEP	hand: intervening call/assign between L308–L311 phase checkpoint
DUPLICATE_ASSERT	tests/test_decree_dossiers_571.py:309,312	test_pending_directive_only_enters_settlement_after_final_approval	db.list_decree_dossiers_for_simulation(state.turn) == []	KEEP	hand: intervening call/assign between L309–L312 phase checkpoint
DUPLICATE_ASSERT	tests/test_decree_dossiers_571.py:1966,1975	test_inner_treasury_admission_uses_actual_once_and_preserves_surface	state.metrics["内库"] == max(0, balance - 10)	KEEP	hand: intervening call/assign between L1966–L1975 phase checkpoint
DUPLICATE_ASSERT	tests/test_decree_forecast_1861.py:398,396	test_repeat_scene_approval_does_not_rerun_exhausted_forecast	calls == [1]	KEEP	hand: intervening call/assign between L396–L398 phase checkpoint
DUPLICATE_ASSERT	tests/test_decree_forecast_1861.py:513,521	test_held_rejudgments_overlap_instead_of_waiting_in_one_worker	not db.staged_declarations.is_settled(stale_ref)	KEEP	hand: intervening call/assign between L513–L521 phase checkpoint
DUPLICATE_ASSERT	tests/test_decree_forecast_1861.py:514,522	test_held_rejudgments_overlap_instead_of_waiting_in_one_worker	db.staged_declarations.is_settled(held_ref)	KEEP	hand: intervening call/assign between L514–L522 phase checkpoint
DUPLICATE_ASSERT	tests/test_deformation_dual_rail_622.py:127,141	test_ac1_ac2_transformed_vs_degraded_dual_rail_tracer	xf_dossier["execution_outcome"] == "transformed"	KEEP	hand: intervening call/assign between L127–L141 phase checkpoint
LEN_THEN_EQ_CAND	tests/test_deformation_dual_rail_622.py:423,427	test_commitment_pooled_pay_arrears_inherits_beyond_intent	len(rows) >= 2 -> sum(int(r["delta"]) for r in rows) == -50	KEEP	hand: len(A) vs equality(B) — subjects differ; not entailment
DUPLICATE_ASSERT	tests/test_draft_admission_resubmit_1769.py:685,696	test_advance_without_edict_vacuum_no_decree_issued	not (game.session.last_decree or "").strip()	KEEP	hand: intervening call/assign between L685–L696 phase checkpoint
DUPLICATE_ASSERT	tests/test_effect_origin_558.py:330,337	test_zero_manpower_origin_gate_matches_actual_arrears_writeoff	db.conn.execute("SELECT arrears FROM armies WHERE id=?", (army_id,)).fetchone()[0] == 5	KEEP	hand: intervening call/assign between L330–L337 phase checkpoint
LEN_THEN_EQ_CAND	tests/test_enter_settlement_period_1235.py:281,277	test_true_failure_pending_translation_exits_display	len(game.db.list_unextracted_replies(night_id=nid)) >= 1 -> payload["metrics"][k] == int(game.state.metrics[	KEEP	hand: len(A) vs equality(B) — subjects differ; not entailment
DUPLICATE_ASSERT	tests/test_enter_settlement_period_1235.py:487,510	test_concurrent_advance_noncreator_must_not_clear_owner_snapshot	game.db.get_month_open_snapshot(turn) == before	KEEP	hand: intervening call/assign between L487–L510 phase checkpoint
DUPLICATE_ASSERT	tests/test_enter_settlement_period_1235.py:487,500	test_concurrent_advance_noncreator_must_not_clear_owner_snapshot	game.db.get_month_open_snapshot(turn) == before	KEEP	hand: intervening call/assign between L487–L500 phase checkpoint
DUPLICATE_ASSERT	tests/test_enter_settlement_period_1235.py:609,643	test_session_reaccept_orphan_exits_after_owner_release	game.db.get_month_open_snapshot(turn) == before	KEEP	hand: intervening call/assign between L609–L643 phase checkpoint
DUPLICATE_ASSERT	tests/test_enter_settlement_period_1235.py:648,662	test_session_reaccept_orphan_exits_after_owner_release	game.db.get_month_open_snapshot(turn) is None	KEEP	hand: intervening call/assign between L648–L662 phase checkpoint
DUPLICATE_ASSERT	tests/test_enter_settlement_period_1235.py:718,747	test_noncreator_exit_must_not_clear_owner_during_gatefree	game.db.get_month_open_snapshot(turn) == before	KEEP	hand: intervening call/assign between L718–L747 phase checkpoint
DUPLICATE_ASSERT	tests/test_enter_settlement_period_1235.py:719,748	test_noncreator_exit_must_not_clear_owner_during_gatefree	game.state_payload()["turn"]["settlement_display"] is True	KEEP	hand: intervening call/assign between L719–L748 phase checkpoint
DUPLICATE_ASSERT	tests/test_enter_settlement_period_1235.py:720,749	test_noncreator_exit_must_not_clear_owner_during_gatefree	web_app._settlement_entry_inflight(game) >= 1	KEEP	hand: intervening call/assign between L720–L749 phase checkpoint
DUPLICATE_ASSERT	tests/test_event_trigger_gate.py:898,913	test_mao_wenlong_event_remains_candidate_while_player_departure_is_in_transit	any(ev.id == "mao_wenlong" for ev in issues.gather_candidate_events(state, db))	KEEP	hand: intervening call/assign between L898–L913 phase checkpoint
DUPLICATE_ASSERT	tests/test_event_trigger_gate.py:2191,2197	test_historical_situation_auto_trigger_backfills_core_effect_for_existing_soft_issue	db.conn.execute( "SELECT 1 FROM event_triggers WHERE event_id=?", ("huabei_	KEEP	hand: intervening call/assign between L2191–L2197 phase checkpoint
DUPLICATE_ASSERT	tests/test_event_trigger_gate.py:2267,2279	test_huangtaiji_chengdi_lands_only_when_model_picks_it	_power_name()["name"] == "后金"	KEEP	hand: intervening call/assign between L2267–L2279 phase checkpoint
DUPLICATE_ASSERT	tests/test_execution_pressure_654.py:552,560	test_path2_pending_bad_roster_stays_draft_on_ensure_batch	row["status"] == "draft"	KEEP	hand: intervening call/assign between L552–L560 phase checkpoint
DUPLICATE_ASSERT	tests/test_execution_pressure_654.py:553,561	test_path2_pending_bad_roster_stays_draft_on_ensure_batch	db.list_dossiers_for_directive(did) == []	KEEP	hand: intervening call/assign between L553–L561 phase checkpoint
DUPLICATE_ASSERT	tests/test_execution_pressure_654.py:918,949	test_location_canonical_seed_and_write_seam	row["location"] == "beizhili"	KEEP	hand: intervening call/assign between L918–L949 phase checkpoint
DUPLICATE_ASSERT	tests/test_execution_pressure_654.py:919,950	test_location_canonical_seed_and_write_seam	row["transit_to"] == "shaanxi"	KEEP	hand: intervening call/assign between L919–L950 phase checkpoint
DUPLICATE_ASSERT	tests/test_execution_pressure_654.py:920,951	test_location_canonical_seed_and_write_seam	float(row["transit_distance_remaining"]) == 2.5	KEEP	hand: intervening call/assign between L920–L951 phase checkpoint
DUPLICATE_ASSERT	tests/test_execution_pressure_654.py:921,952	test_location_canonical_seed_and_write_seam	float(row["transit_speed_factor"]) == 1.0	KEEP	hand: intervening call/assign between L921–L952 phase checkpoint
DUPLICATE_ASSERT	tests/test_execution_pressure_654.py:922,953	test_location_canonical_seed_and_write_seam	int(row["transit_start_turn"]) == 3	KEEP	hand: intervening call/assign between L922–L953 phase checkpoint
DUPLICATE_ASSERT	tests/test_executor_routing_721.py:70,78	test_create_dossier_nails_roster_lead_in_canonical_insert_and_restore	[e["character_id"] for e in row["participant_roster"] if e["tier"] == "主办"] == ["毕自严"]	KEEP	hand: intervening call/assign between L70–L78 phase checkpoint
DUPLICATE_ASSERT	tests/test_executor_routing_721.py:318,333	test_pending_routing_rejection_lands_on_ensure_batch_seam	db.conn.execute( "SELECT status FROM turn_directives WHERE id=?", (bad,), ).fetchone()[0] == "draft"	KEEP	hand: intervening call/assign between L318–L333 phase checkpoint
DUPLICATE_ASSERT	tests/test_executor_routing_721.py:321,336	test_pending_routing_rejection_lands_on_ensure_batch_seam	db.conn.execute( "SELECT status FROM turn_directives WHERE id=?", (good,), ).fetchone()[0] == "draft"	KEEP	hand: intervening call/assign between L321–L336 phase checkpoint
DUPLICATE_ASSERT	tests/test_executor_routing_721.py:324,339	test_pending_routing_rejection_lands_on_ensure_batch_seam	db.conn.execute( "SELECT COUNT(*) FROM decree_dossiers WHERE directive_id=?", (bad,), ).fetchone()[0] 	KEEP	hand: intervening call/assign between L324–L339 phase checkpoint
DUPLICATE_ASSERT	tests/test_faction_brew_637.py:347,365	test_zero_writes_to_factions_numeric_columns_across_all_seams	_faction_rows(db) == before	KEEP	hand: intervening call/assign between L347–L365 phase checkpoint
DUPLICATE_ASSERT	tests/test_faction_brew_637.py:347,371	test_zero_writes_to_factions_numeric_columns_across_all_seams	_faction_rows(db) == before	KEEP	hand: intervening call/assign between L347–L371 phase checkpoint
LEN_THEN_EQ_CAND	tests/test_faction_brew_637.py:624,632	test_faction_brew_prompt_retry_month_does_not_label_old_events_as_current_month	len(events) >= 1 -> payload["new_events"][0]["year"] == old_year	KEEP	hand: len(A) vs equality(B) — subjects differ; not entailment
LEN_THEN_EQ_CAND	tests/test_faction_brew_637.py:624,633	test_faction_brew_prompt_retry_month_does_not_label_old_events_as_current_month	len(events) >= 1 -> payload["new_events"][0]["period"] == old_period	KEEP	hand: len(A) vs equality(B) — subjects differ; not entailment
DUPLICATE_ASSERT	tests/test_faction_denunciation_627.py:304,311	test_ac4_dedup_upgrade_closed_and_restore	len(db.list_faction_denunciations(target_dossier_id=did)) == 2	KEEP	hand: intervening call/assign between L304–L311 phase checkpoint
DUPLICATE_ASSERT	tests/test_family_tail_615.py:199,232	test_break_rank_appointment_rescript_td4_tracer	_sat(restored, "factions", "东林") == before_faction	KEEP	hand: intervening call/assign between L199–L232 phase checkpoint
DUPLICATE_ASSERT	tests/test_family_tail_615.py:220,236	test_break_rank_appointment_rescript_td4_tracer	row["promulgation_decision"] == "rejected"	KEEP	hand: intervening call/assign between L220–L236 phase checkpoint
DUPLICATE_ASSERT	tests/test_family_tail_615.py:220,241	test_break_rank_appointment_rescript_td4_tracer	row["promulgation_decision"] == "rejected"	KEEP	hand: intervening call/assign between L220–L241 phase checkpoint
LEN_THEN_EQ_CAND	tests/test_fiscal_levy_effect.py:845,866	test_liao_levy_targets_all_seeded_settles_without_compounding_or_clobbering_p	len(before_by_region) >= 17 -> _settle_payload(db, region_id)["p"] == first_p	KEEP	hand: len(A) vs equality(B) — subjects differ; not entailment
LEN_THEN_EQ_CAND	tests/test_fiscal_levy_effect.py:845,862	test_liao_levy_targets_all_seeded_settles_without_compounding_or_clobbering_p	len(before_by_region) >= 17 -> after["p"][key] == before_p[key]	KEEP	hand: len(A) vs equality(B) — subjects differ; not entailment
LEN_THEN_EQ_CAND	tests/test_fiscal_levy_effect.py:1071,1076	test_lian_levy_targets_all_seeded_settles_without_compounding_or_clobbering_p	len(before_by_region) >= 17 -> dict(db.conn.execute(	KEEP	hand: len(A) vs equality(B) — subjects differ; not entailment
        "SELECT terminal_state, terminal_reason FROM event			ENUM_ARTIFACT	multiline enum continuation or non-path loc; not a candidate
LEN_THEN_EQ_CAND	tests/test_fiscal_levy_effect.py:1071,1099	test_lian_levy_targets_all_seeded_settles_without_compounding_or_clobbering_p	len(before_by_region) >= 17 -> _settle_payload(db, region_id)["p"] == first_p	KEEP	hand: len(A) vs equality(B) — subjects differ; not entailment
LEN_THEN_EQ_CAND	tests/test_fiscal_levy_effect.py:1071,1095	test_lian_levy_targets_all_seeded_settles_without_compounding_or_clobbering_p	len(before_by_region) >= 17 -> after["p"][key] == before_p[key]	KEEP	hand: len(A) vs equality(B) — subjects differ; not entailment
DUPLICATE_ASSERT	tests/test_fiscal_levy_effect.py:1211,1228	test_lian_levy_gate_waits_until_1639_and_needs_no_stop_event	db.conn.execute( "SELECT 1 FROM event_triggers WHERE event_id=?", ("lian_levy_start_1639",), ).fetc	KEEP	hand: intervening call/assign between L1211–L1228 phase checkpoint
LEN_THEN_EQ_CAND	tests/test_fiscal_substrate_bridge.py:818,819	test_substrate_hub_cutover_runs_multi_tick_treasury_trajectory	len(set(balances)) > 1 -> balances[-1] == db.load_state().metrics["国库"]	KEEP	hand: len(A) vs equality(B) — subjects differ; not entailment
LEN_THEN_EQ_CAND	tests/test_fiscal_substrate_bridge.py:818,820	test_substrate_hub_cutover_runs_multi_tick_treasury_trajectory	len(set(balances)) > 1 -> taicang_loss_stocks[-1] == pytest.approx(sum(taicang_loss_months))	KEEP	hand: len(A) vs equality(B) — subjects differ; not entailment
DUPLICATE_ASSERT	tests/test_fiscal_substrate_bridge.py:1179,1190	test_fixed_flows_substrate_hub_central_pay_carries_transport_loss_without_jingyun	db.treasury_hub_result(state) == { "settled_turn": state.turn, "treasury_disbu	KEEP	hand: intervening call/assign between L1179–L1190 phase checkpoint
DUPLICATE_ASSERT	tests/test_fiscal_substrate_bridge.py:1207,1211	test_fixed_flows_substrate_hub_central_pay_carries_transport_loss_without_jingyun	runtime.budget_payload()["settled_army_pay"] is None	KEEP	hand: intervening call/assign between L1207–L1211 phase checkpoint
DUPLICATE_ASSERT	tests/test_gazette_author_1862.py:487,495	test_gazette_failure_retries_report_only	world_calls == [1]	KEEP	hand: intervening call/assign between L487–L495 phase checkpoint
DUPLICATE_ASSERT	tests/test_grant_reconciliation_567.py:227,248	test_close_merges_recon_note_without_second_treasury_debit	int(state.metrics["内库"]) == after_grant_inner	KEEP	hand: intervening call/assign between L227–L248 phase checkpoint
DUPLICATE_ASSERT	tests/test_grant_reconciliation_567.py:228,249	test_close_merges_recon_note_without_second_treasury_debit	db.list_economy_moves_for_dossier(gid) == moves_before	KEEP	hand: intervening call/assign between L228–L249 phase checkpoint
DUPLICATE_ASSERT	tests/test_impeachment_surge_655.py:306,309	test_transformed_candidate_fails_closed_outside_window_or_without_liability	gather_impeachment_surge_candidates(state, db) == []	KEEP	hand: intervening call/assign between L306–L309 phase checkpoint
DUPLICATE_ASSERT	tests/test_issue_decree_token_1277.py:96,107	test_double_issue_same_token_second_is_409_turn_plus_one	int(state.turn) == start + 1	KEEP	hand: intervening call/assign between L96–L107 phase checkpoint
DUPLICATE_ASSERT	tests/test_issue_decree_token_1277.py:97,108	test_double_issue_same_token_second_is_409_turn_plus_one	calls["n"] == 1	KEEP	hand: intervening call/assign between L97–L108 phase checkpoint
DUPLICATE_ASSERT	tests/test_llm_channel_config.py:316,321	test_scene_and_rescript_entries_pass_default_headers_at_transport	captured[-1].get("default_headers") == headers	KEEP	hand: intervening call/assign between L316–L321 phase checkpoint
DUPLICATE_ASSERT	tests/test_llm_channel_config.py:882,861	test_agent_factories_omit_max_tokens_on_param_surface	"max_tokens" not in seen[-1]	KEEP	hand: intervening call/assign between L861–L882 phase checkpoint
DUPLICATE_ASSERT	tests/test_mechanical_tail_1845.py:128,146	test_reopen_resumes_incomplete_mechanical_tail	calls == [closed_turn]	KEEP	hand: intervening call/assign between L128–L146 phase checkpoint
DUPLICATE_ASSERT	tests/test_mechanical_tail_1845.py:312,347	test_non_exhausted_tail_failure_stays_pending_and_retries	session.resolve_turn(allow_empty_decree=True).advanced is True	KEEP	hand: intervening call/assign between L312–L347 phase checkpoint
DUPLICATE_ASSERT	tests/test_mechanical_tail_1845.py:541,564	test_mechanical_tail_missing_llm_config_surfaces_retry	get_session_write_queue(session).wait_idle(timeout_s=5)	KEEP	hand: intervening call/assign between L541–L564 phase checkpoint
DUPLICATE_ASSERT	tests/test_memorial_inbox_1726.py:112,126	test_mark_read_binds_to_row_not_dossier_and_persists	db.unread_memorial_count() == 1	KEEP	hand: intervening call/assign between L112–L126 phase checkpoint
DUPLICATE_ASSERT	tests/test_memorial_inbox_1726.py:128,138	test_mark_read_binds_to_row_not_dossier_and_persists	by_key[key1]["unread"] is False	KEEP	hand: intervening call/assign between L128–L138 phase checkpoint
DUPLICATE_ASSERT	tests/test_memorial_inbox_1726.py:129,139	test_mark_read_binds_to_row_not_dossier_and_persists	by_key[key2]["unread"] is True	KEEP	hand: intervening call/assign between L129–L139 phase checkpoint
DUPLICATE_ASSERT	tests/test_menu_continue_stream_1195.py:147,155	test_stale_continue_worker_does_not_publish_after_exit	web_app.web_game is None	KEEP	hand: intervening call/assign between L147–L155 phase checkpoint
DUPLICATE_ASSERT	tests/test_month_call_recovery_1846.py:197,207	test_forecast_exhaustion_does_not_overwrite_prior_ending	db.staged_declarations.is_settled(first_ref)	KEEP	hand: intervening call/assign between L197–L207 phase checkpoint
DUPLICATE_ASSERT	tests/test_month_call_recovery_1846.py:302,318	test_world_translate_exhaustion_keeps_text_resume_retries_translate_only	world_calls == [1]	KEEP	hand: intervening call/assign between L302–L318 phase checkpoint
DUPLICATE_ASSERT	tests/test_month_call_recovery_1846.py:372,382	test_escape_hatch_discards_world_segment_only_on_second_player_retry	chain.get("world_text") == "第一段文"	KEEP	hand: intervening call/assign between L372–L382 phase checkpoint
DUPLICATE_ASSERT	tests/test_month_call_recovery_1846.py:374,385	test_escape_hatch_discards_world_segment_only_on_second_player_retry	len(_ningyuan_ledger_rows(db)) == 1	KEEP	hand: intervening call/assign between L374–L385 phase checkpoint
DUPLICATE_ASSERT	tests/test_month_call_recovery_1846.py:374,394	test_escape_hatch_discards_world_segment_only_on_second_player_retry	len(_ningyuan_ledger_rows(db)) == 1	KEEP	hand: intervening call/assign between L374–L394 phase checkpoint
DUPLICATE_ASSERT	tests/test_month_call_recovery_1846.py:568,585	test_world_commit_failure_after_alongside_retries_uncommitted_segment	db.staged_declarations.is_settled(ref)	KEEP	hand: intervening call/assign between L568–L585 phase checkpoint
DUPLICATE_ASSERT	tests/test_month_call_recovery_1846.py:569,586	test_world_commit_failure_after_alongside_retries_uncommitted_segment	len(_ningyuan_ledger_rows(db)) == 1	KEEP	hand: intervening call/assign between L569–L586 phase checkpoint
DUPLICATE_ASSERT	tests/test_month_call_recovery_1846.py:581,591	test_world_commit_failure_after_alongside_retries_uncommitted_segment	world_calls["n"] == 1	KEEP	hand: intervening call/assign between L581–L591 phase checkpoint
DUPLICATE_ASSERT	tests/test_month_chain_1843.py:134,145	test_player_month_entry_settles_prepushed_edicts_then_world_once	len(world_calls) == 1	KEEP	hand: intervening call/assign between L134–L145 phase checkpoint
DUPLICATE_ASSERT	tests/test_month_chain_1843.py:135,146	test_player_month_entry_settles_prepushed_edicts_then_world_once	len(translate_calls) == 1	KEEP	hand: intervening call/assign between L135–L146 phase checkpoint
DUPLICATE_ASSERT	tests/test_month_chain_1843.py:251,268	test_questions_hold_rescript_and_gazette_is_required_before_advance	int(state.turn) == closed_turn	KEEP	hand: intervening call/assign between L251–L268 phase checkpoint
DUPLICATE_ASSERT	tests/test_month_chain_1843.py:251,285	test_questions_hold_rescript_and_gazette_is_required_before_advance	int(state.turn) == closed_turn	KEEP	hand: intervening call/assign between L251–L285 phase checkpoint
DUPLICATE_ASSERT	tests/test_month_chain_1843.py:252,286	test_questions_hold_rescript_and_gazette_is_required_before_advance	_pop(db, "流民", "shaanxi") == pool_before	KEEP	hand: intervening call/assign between L252–L286 phase checkpoint
DUPLICATE_ASSERT	tests/test_month_chain_1843.py:573,578	test_held_dossier_settlement_failure_retry_and_reentry_isolation	not db.staged_declarations.is_settled(stale_ref)	KEEP	hand: intervening call/assign between L573–L578 phase checkpoint
DUPLICATE_ASSERT	tests/test_month_chain_1843.py:577,583	test_held_dossier_settlement_failure_retry_and_reentry_isolation	db.staged_declarations.is_settled(held_ref)	KEEP	hand: intervening call/assign between L577–L583 phase checkpoint
DUPLICATE_ASSERT	tests/test_month_chain_1843.py:573,584	test_held_dossier_settlement_failure_retry_and_reentry_isolation	not db.staged_declarations.is_settled(stale_ref)	KEEP	hand: intervening call/assign between L573–L584 phase checkpoint
DUPLICATE_ASSERT	tests/test_month_chain_1843.py:639,643	test_missing_world_model_stops_before_world_commit	int(state.turn) == turn	KEEP	hand: intervening call/assign between L639–L643 phase checkpoint
DUPLICATE_ASSERT	tests/test_month_chain_1843.py:683,690	test_month_drift_settles_due_secret_and_records_inertia_rejection	db.get_secret_order(order_id)["status"] == "failed"	KEEP	hand: intervening call/assign between L683–L690 phase checkpoint
DUPLICATE_ASSERT	tests/test_month_chain_1847.py:345,352	test_decree_question_continuation_idempotent_on_same_turn_reentry	len(dispatch_count) == 1	KEEP	hand: intervening call/assign between L345–L352 phase checkpoint
DUPLICATE_ASSERT	tests/test_month_chain_1847.py:708,727	test_decree_continuation_keeps_forecast_and_lands_affair_effect	db.conn.execute( "SELECT COUNT(*) FROM economy_ledger WHERE category='问后加赈'", ).fetchone()[0] ==	KEEP	hand: intervening call/assign between L708–L727 phase checkpoint
DUPLICATE_ASSERT	tests/test_month_chain_1847.py:836,870	test_question_note_only_is_kept_and_other_decisions_still_require_label	session.pending_decisions()[0]["status"] == "pending"	KEEP	hand: intervening call/assign between L836–L870 phase checkpoint
DUPLICATE_ASSERT	tests/test_month_chain_1847.py:1171,1184	test_drift_sees_effects_landed_after_answers	db.conn.execute( "SELECT COUNT(*) FROM issue_advances WHERE issue_id=? AND trigger_kind='inertia'", (issue_id,), ).	KEEP	hand: intervening call/assign between L1171–L1184 phase checkpoint
EQ_THEN_IN_REVERSE	tests/test_month_chain_1847.py:1286,1297	test_step_4a_rescript_continuation_feeds_supply_run_input	captured_feed == {} -> "origin_effects" not in captured_feed	KEEP	hand: different timepoint — empty at pause vs post-resume feed
DUPLICATE_ASSERT	tests/test_month_chain_1847.py:1508,1518	test_step_4a_crash_recovery_resumes_without_re_running_supply	call_count == 1	KEEP	hand: intervening call/assign between L1508–L1518 phase checkpoint
DUPLICATE_ASSERT	tests/test_month_chain_1847.py:1510,1520	test_step_4a_crash_recovery_resumes_without_re_running_supply	len(db.list_dossier_progress(dossier_id)) == 1	KEEP	hand: intervening call/assign between L1510–L1520 phase checkpoint
DUPLICATE_ASSERT	tests/test_month_chain_1847.py:1638,1662	test_step_4a_missing_covert_fidelity_records_inline_rejection	db.get_secret_order(order_id)["status"] == "active"	KEEP	hand: intervening call/assign between L1638–L1662 phase checkpoint
DUPLICATE_ASSERT	tests/test_month_chain_1847.py:1639,1663	test_step_4a_missing_covert_fidelity_records_inline_rejection	db.conn.execute( "SELECT COUNT(*) FROM dossier_actual_progress WHERE dossier_id=? AND turn=?", (do	KEEP	hand: intervening call/assign between L1639–L1663 phase checkpoint
DUPLICATE_ASSERT	tests/test_month_chain_1847.py:1855,1859	test_step_4a_non_validation_failure_keeps_product_on_retry	call_count == 1	KEEP	hand: intervening call/assign between L1855–L1859 phase checkpoint
LEN_THEN_EQ_CAND	tests/test_month_loop_tracer_1468.py:447,455	test_issue_extraction_llm_dead_single_source_not_cta	count == len(pending_list) >= 1 -> str(still.get("status")) == an.NIGHT_STATUS_OPEN	KEEP	hand: len(A) vs equality(B) — subjects differ; not entailment
LEN_THEN_EQ_CAND	tests/test_month_loop_tracer_1468.py:447,457	test_issue_extraction_llm_dead_single_source_not_cta	count == len(pending_list) >= 1 -> _turn_of(after) == turn0	KEEP	hand: len(A) vs equality(B) — subjects differ; not entailment
DUPLICATE_ASSERT	tests/test_month_translate_1840.py:156,166	test_pre_push_segment_translation_stages_declaration_without_world_writes	db.textual_facts.readable_materials( subject_kind="character", subject_id=person, ) ==	KEEP	hand: intervening call/assign between L156–L166 phase checkpoint
DUPLICATE_ASSERT	tests/test_month_translate_1840.py:384,402	test_staged_month_declarations_settle_in_given_order_and_effects_are_idempotent	db.conn.execute( "SELECT morale FROM armies WHERE id=?", (army,), ).fetchone()[0	KEEP	hand: intervening call/assign between L384–L402 phase checkpoint
DUPLICATE_ASSERT	tests/test_month_translate_1840.py:488,491	test_unparseable_month_segment_does_not_stage_or_commit	db.staged_declarations.staged_for("bad-json") == ()	KEEP	hand: intervening call/assign between L488–L491 phase checkpoint
DUPLICATE_ASSERT	tests/test_month_translate_1840.py:661,695	test_world_segment_repeated_strategic_results_apply_in_order	db.conn.execute("SELECT military_pressure FROM regions WHERE id='beizhili'").fetchone()[0] == press	KEEP	hand: intervening call/assign between L661–L695 phase checkpoint
DUPLICATE_ASSERT	tests/test_mutiny_noop_whitelist_319.py:166,171	test_latched_manpower_strict_negative_applies_zero_and_positive_noop	_row(db, "manpower")["manpower"] == 9700	KEEP	hand: intervening call/assign between L166–L171 phase checkpoint
DUPLICATE_ASSERT	tests/test_mutiny_noop_whitelist_319.py:166,176	test_latched_manpower_strict_negative_applies_zero_and_positive_noop	_row(db, "manpower")["manpower"] == 9700	KEEP	hand: intervening call/assign between L166–L176 phase checkpoint
DUPLICATE_ASSERT	tests/test_mutiny_noop_whitelist_319.py:188,193	test_latched_loyalty_positive_applies_negative_noop	_row(db, "loyalty")["loyalty"] == 45	KEEP	hand: intervening call/assign between L188–L193 phase checkpoint
DUPLICATE_ASSERT	tests/test_new_game_write_path_1749.py:351,388	test_new_game_write_path_direct_and_via_exit	client.post("/api/menu/exit_to_menu").status_code == 200	KEEP	hand: intervening call/assign between L351–L388 phase checkpoint
DUPLICATE_ASSERT	tests/test_new_game_write_path_1749.py:535,538	test_load_save_close_fail_restores_writable_old_game	os.path.isfile(old_path)	KEEP	hand: intervening call/assign between L535–L538 phase checkpoint
DUPLICATE_ASSERT	tests/test_new_game_write_path_1749.py:581,590	test_exit_close_fail_blocks_archive_on_real_new_game	os.path.isfile(old_path)	KEEP	hand: intervening call/assign between L581–L590 phase checkpoint
DUPLICATE_ASSERT	tests/test_office_inference.py:298,310	test_appointment_seat_identity_reuses_local_and_strips_central	db.character_office_region(a) == "shaanxi"	KEEP	hand: intervening call/assign between L298–L310 phase checkpoint
DUPLICATE_ASSERT	tests/test_office_inference.py:299,313	test_appointment_seat_identity_reuses_local_and_strips_central	db.character_office_region(b) == "henan"	KEEP	hand: intervening call/assign between L299–L313 phase checkpoint
DUPLICATE_ASSERT	tests/test_office_rank_562.py:356,376	test_rank_rule_offset_reanchor_preserves_existing_save_leverage_once	int(reopened.conn.execute( "SELECT leverage FROM factions WHERE name=?", (overflow_faction,	KEEP	hand: intervening call/assign between L356–L376 phase checkpoint
DUPLICATE_ASSERT	tests/test_override_breach_costs_564.py:84,96	test_midzhi_rejection_no_party_fanout_then_force_only_authority	_sat(db, "factions", "东林") == before_faction	KEEP	hand: intervening call/assign between L84–L96 phase checkpoint
DUPLICATE_ASSERT	tests/test_override_breach_costs_564.py:85,97	test_midzhi_rejection_no_party_fanout_then_force_only_authority	_sat(db, "classes", "士绅") == before_class	KEEP	hand: intervening call/assign between L85–L97 phase checkpoint
DUPLICATE_ASSERT	tests/test_override_breach_costs_564.py:125,138	test_midzhi_rejudgment_never_applies_party_satisfaction	[row for row in _cost_events(db, dossier_id) if row["cost_kind"] == "satisfaction"] == []	KEEP	hand: intervening call/assign between L125–L138 phase checkpoint
DUPLICATE_ASSERT	tests/test_person_delta_adapter.py:3623,3649	test_apply_office_appointment_person_title_survives_stem_collision	not result.get("rejected")	KEEP	hand: intervening call/assign between L3623–L3649 phase checkpoint
DUPLICATE_ASSERT	tests/test_person_delta_adapter.py:3627,3654	test_apply_office_appointment_person_title_survives_stem_collision	row is not None and row["office_type"] == "身名分"	KEEP	hand: intervening call/assign between L3627–L3654 phase checkpoint
DUPLICATE_ASSERT	tests/test_person_transit_write_667.py:114,120	test_departure_persists_matrix_distance_and_urgent_factor	content.characters[name].transit_distance_remaining == 2.1	KEEP	hand: intervening call/assign between L114–L120 phase checkpoint
DUPLICATE_ASSERT	tests/test_person_transit_write_667.py:115,121	test_departure_persists_matrix_distance_and_urgent_factor	content.characters[name].transit_speed_factor == 1.5	KEEP	hand: intervening call/assign between L115–L121 phase checkpoint
DUPLICATE_ASSERT	tests/test_pihong_dossier_1490.py:448,455	test_mixed_legal_illegal_options_illegal_choice_stays_pending	phase2_calls == []	KEEP	hand: intervening call/assign between L448–L455 phase checkpoint
DUPLICATE_ASSERT	tests/test_pihong_dossier_1490.py:697,745	test_657_five_actions_domain_writes	hit['status'] == 'decided'	KEEP	hand: intervening call/assign between L697–L745 phase checkpoint
LEN_THEN_EQ_CAND	tests/test_pihong_dossier_1490.py:709,711	test_657_five_actions_domain_writes	len(after) > before -> created['action_type'] == 'assignment'	KEEP	hand: len(A) vs equality(B) — subjects differ; not entailment
LEN_THEN_EQ_CAND	tests/test_pihong_dossier_1490.py:709,722	test_657_five_actions_domain_writes	len(after) > before -> mids[-1]['status'] == 'proposed'	KEEP	hand: len(A) vs equality(B) — subjects differ; not entailment
LEN_THEN_EQ_CAND	tests/test_pihong_dossier_1490.py:709,724	test_657_five_actions_domain_writes	len(after) > before -> mid_payload.get('decision_key') == key	KEEP	hand: len(A) vs equality(B) — subjects differ; not entailment
LEN_THEN_EQ_CAND	tests/test_pihong_dossier_1490.py:709,725	test_657_five_actions_domain_writes	len(after) > before -> mid_payload.get('mode') == 'midzhi'	KEEP	hand: len(A) vs equality(B) — subjects differ; not entailment
LEN_THEN_EQ_CAND	tests/test_pihong_dossier_1490.py:709,734	test_657_five_actions_domain_writes	len(after) > before -> _dossier_payload(drow).get('deliberation_state') == 'stalled'	KEEP	hand: len(A) vs equality(B) — subjects differ; not entailment
LEN_THEN_EQ_CAND	tests/test_pihong_dossier_1490.py:709,745	test_657_five_actions_domain_writes	len(after) > before -> hit['status'] == 'decided'	KEEP	hand: len(A) vs equality(B) — subjects differ; not entailment
LEN_THEN_EQ_CAND	tests/test_pihong_dossier_1490.py:709,746	test_657_five_actions_domain_writes	len(after) > before -> (hit['choice'] or {}).get('action') == 'summon'	KEEP	hand: len(A) vs equality(B) — subjects differ; not entailment
LEN_THEN_EQ_CAND	tests/test_pihong_dossier_1490.py:709,748	test_657_five_actions_domain_writes	len(after) > before -> ledger_after == ledger_before	KEEP	hand: len(A) vs equality(B) — subjects differ; not entailment
DUPLICATE_ASSERT	tests/test_pihong_dossier_1490.py:861,878	test_657_return_revise_round_prior_and_clear_anchor	int(hit['revision_round'] or 0) == 1	KEEP	hand: intervening call/assign between L861–L878 phase checkpoint
DUPLICATE_ASSERT	tests/test_pihong_dossier_1490.py:1067,1106	test_657_abi_mapper_matrix_a1_a12	db.get_character_status(mname)[0] == 'active'	KEEP	hand: intervening call/assign between L1067–L1106 phase checkpoint
LEN_THEN_EQ_CAND	tests/test_pihong_dossier_1490.py:1126,1138	test_657_abi_mapper_matrix_a1_a12	len(auth_after) >= auth_before + 1 -> p['target_id'] == rname	KEEP	hand: len(A) vs equality(B) — subjects differ; not entailment
LEN_THEN_EQ_CAND	tests/test_pihong_dossier_1490.py:1126,1162	test_657_abi_mapper_matrix_a1_a12	len(auth_after) >= auth_before + 1 -> len(db.list_decree_dossiers()) == mid	KEEP	hand: len(A) vs equality(B) — subjects differ; not entailment
LEN_THEN_EQ_CAND	tests/test_pihong_dossier_1490.py:1126,998	test_657_abi_mapper_matrix_a1_a12	len(auth_after) >= auth_before + 1 -> p['station'] == new_station	KEEP	hand: len(A) vs equality(B) — subjects differ; not entailment
LEN_THEN_EQ_CAND	tests/test_pihong_dossier_1490.py:1126,1002	test_657_abi_mapper_matrix_a1_a12	len(auth_after) >= auth_before + 1 -> str(after_army['station'] or '') == new_station	KEEP	hand: len(A) vs equality(B) — subjects differ; not entailment
LEN_THEN_EQ_CAND	tests/test_pihong_dossier_1490.py:1126,1004	test_657_abi_mapper_matrix_a1_a12	len(auth_after) >= auth_before + 1 -> int(created_due.get('due_turn') or 0) == int(state.turn) + 3	KEEP	hand: len(A) vs equality(B) — subjects differ; not entailment
LEN_THEN_EQ_CAND	tests/test_pihong_dossier_1490.py:1126,1055	test_657_abi_mapper_matrix_a1_a12	len(auth_after) >= auth_before + 1 -> p.get('grant_action') == '协饷'	KEEP	hand: len(A) vs equality(B) — subjects differ; not entailment
LEN_THEN_EQ_CAND	tests/test_pihong_dossier_1490.py:1126,1061	test_657_abi_mapper_matrix_a1_a12	len(auth_after) >= auth_before + 1 -> str(created.get('target_kind') or '') == 'army'	KEEP	hand: len(A) vs equality(B) — subjects differ; not entailment
LEN_THEN_EQ_CAND	tests/test_pihong_dossier_1490.py:1126,1062	test_657_abi_mapper_matrix_a1_a12	len(auth_after) >= auth_before + 1 -> str(created.get('target_id') or '') == aid	KEEP	hand: len(A) vs equality(B) — subjects differ; not entailment
LEN_THEN_EQ_CAND	tests/test_pihong_dossier_1490.py:966,998	test_657_abi_mapper_matrix_a1_a12	len(after_rows) > before -> p['station'] == new_station	KEEP	hand: len(A) vs equality(B) — subjects differ; not entailment
LEN_THEN_EQ_CAND	tests/test_pihong_dossier_1490.py:966,1002	test_657_abi_mapper_matrix_a1_a12	len(after_rows) > before -> str(after_army['station'] or '') == new_station	KEEP	hand: len(A) vs equality(B) — subjects differ; not entailment
LEN_THEN_EQ_CAND	tests/test_pihong_dossier_1490.py:966,1004	test_657_abi_mapper_matrix_a1_a12	len(after_rows) > before -> int(created_due.get('due_turn') or 0) == int(state.turn) + 3	KEEP	hand: len(A) vs equality(B) — subjects differ; not entailment
LEN_THEN_EQ_CAND	tests/test_pihong_dossier_1490.py:966,1055	test_657_abi_mapper_matrix_a1_a12	len(after_rows) > before -> p.get('grant_action') == '协饷'	KEEP	hand: len(A) vs equality(B) — subjects differ; not entailment
LEN_THEN_EQ_CAND	tests/test_pihong_dossier_1490.py:966,1061	test_657_abi_mapper_matrix_a1_a12	len(after_rows) > before -> str(created.get('target_kind') or '') == 'army'	KEEP	hand: len(A) vs equality(B) — subjects differ; not entailment
LEN_THEN_EQ_CAND	tests/test_pihong_dossier_1490.py:966,1062	test_657_abi_mapper_matrix_a1_a12	len(after_rows) > before -> str(created.get('target_id') or '') == aid	KEEP	hand: len(A) vs equality(B) — subjects differ; not entailment
DUPLICATE_ASSERT	tests/test_pihong_dossier_1490.py:1350,1359	test_657_s10_http_five_actions_and_1490_no_regress	hit["status"] == "decided"	KEEP	hand: intervening call/assign between L1350–L1359 phase checkpoint
DUPLICATE_ASSERT	tests/test_pihong_dossier_1490.py:1350,1375	test_657_s10_http_five_actions_and_1490_no_regress	hit["status"] == "decided"	KEEP	hand: intervening call/assign between L1350–L1375 phase checkpoint
DUPLICATE_ASSERT	tests/test_pihong_dossier_1490.py:1662,1681	test_657_web_http_hitl_lock_boundary_same_gate	gate.locked()	KEEP	hand: intervening call/assign between L1662–L1681 phase checkpoint
LEN_THEN_EQ_CAND	tests/test_pihong_dossier_1490.py:2029,2045	test_657_punishment_name_target_id_conflict_zero_writes	len(rows) >= 2 -> r.status_code == 200	KEEP	hand: len(A) vs equality(B) — subjects differ; not entailment
LEN_THEN_EQ_CAND	tests/test_pihong_dossier_1490.py:2029,2046	test_657_punishment_name_target_id_conflict_zero_writes	len(rows) >= 2 -> db.get_character_status(n1)[0] == before_status	KEEP	hand: len(A) vs equality(B) — subjects differ; not entailment
LEN_THEN_EQ_CAND	tests/test_pihong_dossier_1490.py:2029,2048	test_657_punishment_name_target_id_conflict_zero_writes	len(rows) >= 2 -> after_dossiers == before_dossiers	KEEP	hand: len(A) vs equality(B) — subjects differ; not entailment
LEN_THEN_EQ_CAND	tests/test_pihong_dossier_1490.py:2029,2051	test_657_punishment_name_target_id_conflict_zero_writes	len(rows) >= 2 -> hit['status'] == 'pending'	KEEP	hand: len(A) vs equality(B) — subjects differ; not entailment
DUPLICATE_ASSERT	tests/test_pihong_dossier_1490.py:2088,2107	test_657_revise_deliberate_strict_contracts_zero_write_on_bad_shape	hit['status'] == 'pending'	KEEP	hand: intervening call/assign between L2088–L2107 phase checkpoint
DUPLICATE_ASSERT	tests/test_pihong_dossier_1490.py:2089,2108	test_657_revise_deliberate_strict_contracts_zero_write_on_bad_shape	hit.get('choice') in (None, {})	KEEP	hand: intervening call/assign between L2089–L2108 phase checkpoint
DUPLICATE_ASSERT	tests/test_pihong_dossier_1490.py:2088,2115	test_657_revise_deliberate_strict_contracts_zero_write_on_bad_shape	hit['status'] == 'pending'	KEEP	hand: intervening call/assign between L2088–L2115 phase checkpoint
DUPLICATE_ASSERT	tests/test_pihong_dossier_1490.py:2089,2116	test_657_revise_deliberate_strict_contracts_zero_write_on_bad_shape	hit.get('choice') in (None, {})	KEEP	hand: intervening call/assign between L2089–L2116 phase checkpoint
DUPLICATE_ASSERT	tests/test_pihong_dossier_1490.py:2700,2704	test_658_typed_target_and_backing_reject_bad_shapes	status == 'draft'	KEEP	hand: intervening call/assign between L2700–L2704 phase checkpoint
DUPLICATE_ASSERT	tests/test_pihong_dossier_1490.py:2744,2767	test_658_routing_rejected_draft_retries_across_real_turn_boundaries	int(state.turn) == original_turn + 1	KEEP	hand: intervening call/assign between L2744–L2767 phase checkpoint
DUPLICATE_ASSERT	tests/test_pihong_dossier_1490.py:2743,2770	test_658_routing_rejected_draft_retries_across_real_turn_boundaries	advanced.advanced is True	KEEP	hand: intervening call/assign between L2743–L2770 phase checkpoint
DUPLICATE_ASSERT	tests/test_pihong_dossier_1490.py:2747,2775	test_658_routing_rejected_draft_retries_across_real_turn_boundaries	db.conn.execute('SELECT COUNT(*) FROM decree_dossiers WHERE directive_id=?', (good,)).fetcho	KEEP	hand: intervening call/assign between L2747–L2775 phase checkpoint
DUPLICATE_ASSERT	tests/test_player_army_projection_321.py:356,379	test_restore_five_columns_and_player_tier_survives_reopen	mutiny_loyalty_cap(2, redemption_count=1) == 70	KEEP	hand: intervening call/assign between L356–L379 phase checkpoint
DUPLICATE_ASSERT	tests/test_pre_settle_transaction.py:213,216	test_enter_review_does_not_clobber_settling	state.turn_phase == "settling"	KEEP	hand: intervening call/assign between L213–L216 phase checkpoint
DUPLICATE_ASSERT	tests/test_pre_settle_transaction.py:306,308	test_sticky_phases_cover_awaiting_decision	state.turn_phase == "awaiting_decision"	KEEP	hand: intervening call/assign between L306–L308 phase checkpoint
IN_THEN_EQ_FULL	tests/test_promulgation_judge_561.py:692,693	test_leader_only_mutation_changes_faction_posture_not_roster	"许誉卿" in _gatekeeper_names(after) -> _gatekeeper_names(after) == _gatekeeper_names(before)	KEEP	F3 independent member contract; equality does not entail membership
DUPLICATE_ASSERT	tests/test_qa_c2_settlement_display_lifecycle_1343.py:83,114	test_success_clear_holds_write_gate_not_peer_txn	db.get_month_open_snapshot(int(state.turn)) == before	KEEP	hand: intervening call/assign between L83–L114 phase checkpoint
DUPLICATE_ASSERT	tests/test_qa_e1_numeric_presentation.py:40,42	test_substrate_budget_splits_proposals_without_treasury_cap	proposed_parts() == {"central": 10, "jingyun": 7}	KEEP	hand: intervening call/assign between L40–L42 phase checkpoint
LEN_THEN_EQ_CAND	tests/test_qa_h1_seed_data.py:155,131	test_fresh_seed_army_equipment_and_commanders_wire_through	len({int(r["firearm_equipment"]) for r in rows.values()}) >= 4 -> row["commander"] == seed.get("comma	KEEP	hand: len(A) vs equality(B) — subjects differ; not entailment
LEN_THEN_EQ_CAND	tests/test_qa_h1_seed_data.py:155,132	test_fresh_seed_army_equipment_and_commanders_wire_through	len({int(r["firearm_equipment"]) for r in rows.values()}) >= 4 -> row["controller"] == seed.get("cont	KEEP	hand: len(A) vs equality(B) — subjects differ; not entailment
LEN_THEN_EQ_CAND	tests/test_qa_h1_seed_data.py:155,133	test_fresh_seed_army_equipment_and_commanders_wire_through	len({int(r["firearm_equipment"]) for r in rows.values()}) >= 4 -> int(row["firearm_equipment"]) == in	KEEP	hand: len(A) vs equality(B) — subjects differ; not entailment
LEN_THEN_EQ_CAND	tests/test_qa_h1_seed_data.py:155,134	test_fresh_seed_army_equipment_and_commanders_wire_through	len({int(r["firearm_equipment"]) for r in rows.values()}) >= 4 -> int(row["cannon_equipment"]) == int	KEEP	hand: len(A) vs equality(B) — subjects differ; not entailment
DUPLICATE_ASSERT	tests/test_qa_t1_extraction_dual_source_1353.py:250,259	test_close_after_chat_passes_write_gate_like_auto_close	seen.get("write_gate") is gate	KEEP	hand: intervening call/assign between L250–L259 phase checkpoint
DUPLICATE_ASSERT	tests/test_qa_t1_extraction_dual_source_1353.py:304,308	test_empty_startup_catchup_claims_zero_tickets	q.inflight_count() == 0	KEEP	hand: intervening call/assign between L304–L308 phase checkpoint
DUPLICATE_ASSERT	tests/test_qa_t1_extraction_dual_source_1353.py:315,361	test_barrier_waits_trail_ticket_then_auto_close	int(game._pending_writes_count) == 0	KEEP	hand: intervening call/assign between L315–L361 phase checkpoint
NOTIN_THEN_EQ_FULL	tests/test_qa_t1_extraction_dual_source_1353.py:351,360	test_barrier_waits_trail_ticket_then_auto_close	"auto_close" not in order -> order == ["release", "trail_end", "auto_close", "body"]	KEEP	hand: absent-before then equality after setup/mutation
NOTIN_THEN_EQ_FULL	tests/test_qa_t1_extraction_dual_source_1353.py:352,360	test_barrier_waits_trail_ticket_then_auto_close	"body" not in order -> order == ["release", "trail_end", "auto_close", "body"]	KEEP	hand: absent-before then equality after setup/mutation
DUPLICATE_ASSERT	tests/test_refugee_loop_652.py:446,461	test_recovery_shared_pool_advances_once_after_empty_effect_month	_pop(db, "流民", "shaanxi") == 100000	KEEP	hand: intervening call/assign between L446–L461 phase checkpoint
DUPLICATE_ASSERT	tests/test_relation_read_640.py:195,197	test_td7_dto_field_set_equals_frozen_whitelist	set(dto.keys()) == FROZEN_DTO_WHITELIST	KEEP	hand: intervening call/assign between L195–L197 phase checkpoint
DUPLICATE_ASSERT	tests/test_relation_store_632.py:213,223	test_record_relation_edge_event_respects_caller_owned_transaction	db.conn.in_transaction	KEEP	hand: intervening call/assign between L213–L223 phase checkpoint
LEN_THEN_EQ_CAND	tests/test_rescript_draft_656.py:416,418	test_generate_combined_target_and_roster_failures_reported_together_then_land	len(prompts) >= 2 -> heal_req["kind"] == "rescript_option_field_heal"	KEEP	hand: len(A) vs equality(B) — subjects differ; not entailment
LEN_THEN_EQ_CAND	tests/test_rescript_draft_656.py:479,489	test_generate_combined_target_roster_partial_heal_reports_remaining	len(prompts) >= 3 -> second_fields == {"participant_roster"}	KEEP	hand: len(A) vs equality(B) — subjects differ; not entailment
DUPLICATE_ASSERT	tests/test_rescript_option_field_heal_1746.py:792,816	test_heal_response_contract_failure_consumes_attempt_keeps_siblings	set(by_title) == {"缺目", "他务"}	KEEP	hand: intervening call/assign between L792–L816 phase checkpoint
DUPLICATE_ASSERT	tests/test_rescript_option_field_heal_1746.py:797,823	test_heal_response_contract_failure_consumes_attempt_keeps_siblings	hold.get(k) == v	KEEP	hand: intervening call/assign between L797–L823 phase checkpoint
DUPLICATE_ASSERT	tests/test_rescript_option_field_heal_1746.py:803,827	test_heal_response_contract_failure_consumes_attempt_keeps_siblings	got.get(k) == v	KEEP	hand: intervening call/assign between L803–L827 phase checkpoint
DUPLICATE_ASSERT	tests/test_run_agent_text_transport_1465.py:112,139	test_run_agent_text_history_backed_drops_empty_completed_before_retry	game_db.agno_runs_length(session_id) == 1	KEEP	hand: intervening call/assign between L112–L139 phase checkpoint
DUPLICATE_ASSERT	tests/test_run_agent_text_transport_1465.py:157,134	test_run_agent_text_history_backed_drops_empty_completed_before_retry	game_db.agno_runs_length(session_id) == 2	KEEP	hand: intervening call/assign between L134–L157 phase checkpoint
DUPLICATE_ASSERT	tests/test_secret_order_isolation_883.py:513,530	test_976_withhold_does_not_yank_old_released_public_user	db.conn.execute( "SELECT knowledge_status FROM chat_messages WHERE id=?", (mid_old,) ).fetchone()["know	KEEP	hand: intervening call/assign between L513–L530 phase checkpoint
DUPLICATE_ASSERT	tests/test_secret_order_isolation_883.py:516,533	test_976_withhold_does_not_yank_old_released_public_user	db.conn.execute( "SELECT COUNT(*) FROM character_knowledge_sources WHERE source_id=?", (f"chat_message:	KEEP	hand: intervening call/assign between L516–L533 phase checkpoint
DUPLICATE_ASSERT	tests/test_secret_order_isolation_883.py:1240,1261	test_976_rt01_two_secret_orders_different_assignees_no_cross_track	_ks(db, mid_a_user) == "withheld"	KEEP	hand: intervening call/assign between L1240–L1261 phase checkpoint
DUPLICATE_ASSERT	tests/test_secret_order_isolation_883.py:1241,1262	test_976_rt01_two_secret_orders_different_assignees_no_cross_track	_ks(db, mid_a_min) == "released"	KEEP	hand: intervening call/assign between L1241–L1262 phase checkpoint
DUPLICATE_ASSERT	tests/test_secret_order_isolation_883.py:1584,1587	test_976_message_level_origin_persisted_on_brief	_ks(db, mid) == "withheld"	KEEP	hand: intervening call/assign between L1584–L1587 phase checkpoint
DUPLICATE_ASSERT	tests/test_secret_order_monthly_progress_566.py:218,226	test_current_secret_order_deadline_controls_monthly_eligibility	[item["dossier_id"] for item in db.list_monthly_dossier_progress_nudges()] == [dossier_id]	KEEP	hand: intervening call/assign between L218–L226 phase checkpoint
DUPLICATE_ASSERT	tests/test_secret_order_monthly_progress_566.py:218,229	test_current_secret_order_deadline_controls_monthly_eligibility	[item["dossier_id"] for item in db.list_monthly_dossier_progress_nudges()] == [dossier_id]	KEEP	hand: intervening call/assign between L218–L229 phase checkpoint
DUPLICATE_ASSERT	tests/test_secret_order_monthly_progress_566.py:369,324	test_real_no_edict_entries_roll_back_every_external_state_after_fiscal_write	observed == {"fiscal_written": True, "metrics_written": True}	KEEP	hand: intervening call/assign between L324–L369 phase checkpoint
DUPLICATE_ASSERT	tests/test_secret_order_payoff_1504.py:849,841	test_non_finite_effort_is_invalid_not_full_investment	_lanes(db, oid)[key]["effort"] == 0.0	KEEP	hand: intervening call/assign between L841–L849 phase checkpoint
DUPLICATE_ASSERT	tests/test_secret_order_payoff_1504.py:883,892	test_investigator_away_from_target_cannot_acquire_evidence	investigation_lane_actual_units(db, did) == 0.0	KEEP	hand: intervening call/assign between L883–L892 phase checkpoint
DUPLICATE_ASSERT	tests/test_secret_order_payoff_1504.py:1071,1082	test_supply_call_writes_identity_materials_into_its_own_tree	not roots[-1].exists()	KEEP	hand: intervening call/assign between L1071–L1082 phase checkpoint
DUPLICATE_ASSERT	tests/test_secret_order_payoff_1504.py:1284,1304	test_spoliation_requires_real_knowledge_source	out["applied"] is False	KEEP	hand: intervening call/assign between L1284–L1304 phase checkpoint
DUPLICATE_ASSERT	tests/test_secret_order_payoff_1504.py:1286,1305	test_spoliation_requires_real_knowledge_source	db.list_investigation_spoiled_facts(target) == []	KEEP	hand: intervening call/assign between L1286–L1305 phase checkpoint
DUPLICATE_ASSERT	tests/test_secret_order_payoff_1504.py:1284,1313	test_spoliation_requires_real_knowledge_source	out["applied"] is False	KEEP	hand: intervening call/assign between L1284–L1313 phase checkpoint
DUPLICATE_ASSERT	tests/test_secret_order_payoff_1504.py:1286,1314	test_spoliation_requires_real_knowledge_source	db.list_investigation_spoiled_facts(target) == []	KEEP	hand: intervening call/assign between L1286–L1314 phase checkpoint
DUPLICATE_ASSERT	tests/test_secret_order_payoff_1504.py:1532,1569	test_4a_declaration_lands_actions_and_spoliation_through_month_chain	str(edge_id) in live_investigation_fact_keys(db, target)	KEEP	hand: intervening call/assign between L1532–L1569 phase checkpoint
DUPLICATE_ASSERT	tests/test_secret_order_payoff_1504.py:1678,1696	test_deep_dig_lands_through_month_chain_entry	_open_errands(db, name) == 0	KEEP	hand: intervening call/assign between L1678–L1696 phase checkpoint
DUPLICATE_ASSERT	tests/test_secret_order_payoff_1504.py:1678,1786	test_deep_dig_lands_through_month_chain_entry	_open_errands(db, name) == 0	KEEP	hand: intervening call/assign between L1678–L1786 phase checkpoint
DUPLICATE_ASSERT	tests/test_secret_order_payoff_1504.py:1809,1815	test_deep_dig_lands_through_month_chain_entry	investigation_lane_actual_units(db, did) == 0.0	KEEP	hand: intervening call/assign between L1809–L1815 phase checkpoint
DUPLICATE_ASSERT	tests/test_secret_order_payoff_1504.py:1850,1855	test_deep_dig_lands_through_month_chain_entry	investigation_lane_actual_units(db, did) == 2.0	KEEP	hand: intervening call/assign between L1850–L1855 phase checkpoint
DUPLICATE_ASSERT	tests/test_secret_order_payoff_1504.py:1807,1879	test_deep_dig_lands_through_month_chain_entry	chain.get("secret_orders_supply_invalid") is not True	KEEP	hand: intervening call/assign between L1807–L1879 phase checkpoint
DUPLICATE_ASSERT	tests/test_secret_order_payoff_1504.py:1890,1904	test_deep_dig_lands_through_month_chain_entry	_lanes(db, oid)[key]["effort"] == lane["effort"]	KEEP	hand: intervening call/assign between L1890–L1904 phase checkpoint
DUPLICATE_ASSERT	tests/test_secret_order_payoff_1504.py:1878,1671	test_deep_dig_lands_through_month_chain_entry	chain.get("covert_progress_done") is True	KEEP	hand: intervening call/assign between L1671–L1878 phase checkpoint
DUPLICATE_ASSERT	tests/test_secret_order_payoff_1504.py:1807,1672	test_deep_dig_lands_through_month_chain_entry	chain.get("secret_orders_supply_invalid") is not True	KEEP	hand: intervening call/assign between L1672–L1807 phase checkpoint
DUPLICATE_ASSERT	tests/test_secret_order_payoff_1504.py:1878,1721	test_deep_dig_lands_through_month_chain_entry	chain.get("covert_progress_done") is True	KEEP	hand: intervening call/assign between L1721–L1878 phase checkpoint
DUPLICATE_ASSERT	tests/test_secret_order_payoff_1504.py:1807,1722	test_deep_dig_lands_through_month_chain_entry	chain.get("secret_orders_supply_invalid") is not True	KEEP	hand: intervening call/assign between L1722–L1807 phase checkpoint
DUPLICATE_ASSERT	tests/test_secret_order_payoff_1504.py:1878,1762	test_deep_dig_lands_through_month_chain_entry	chain.get("covert_progress_done") is True	KEEP	hand: intervening call/assign between L1762–L1878 phase checkpoint
DUPLICATE_ASSERT	tests/test_secret_order_payoff_1504.py:1807,1763	test_deep_dig_lands_through_month_chain_entry	chain.get("secret_orders_supply_invalid") is not True	KEEP	hand: intervening call/assign between L1763–L1807 phase checkpoint
DUPLICATE_ASSERT	tests/test_secret_order_payoff_1504.py:2086,2099	test_repeated_pointerless_orders_do_not_mint_clues	investigation_clue_records(db, did) == []	KEEP	hand: intervening call/assign between L2086–L2099 phase checkpoint
DUPLICATE_ASSERT	tests/test_secret_order_payoff_1504.py:2103,2117	test_repeated_pointerless_orders_do_not_mint_clues	float(_lanes(db, oid)[str(edge_id)]["effort"]) == 0.0	KEEP	hand: intervening call/assign between L2103–L2117 phase checkpoint
DUPLICATE_ASSERT	tests/test_secret_order_payoff_1504.py:2192,2226	test_merged_clue_assists_the_fact_it_points_at	investigation_clue_records(db, did)[-1]["credited"] is True	KEEP	hand: intervening call/assign between L2192–L2226 phase checkpoint
DUPLICATE_ASSERT	tests/test_secret_order_update.py:85,99	test_update_by_id_persists_assignee_brief_after_restore	dict(source) == {"title": "新标题", "body": "新内容"}	KEEP	hand: intervening call/assign between L85–L99 phase checkpoint
NOTIN_THEN_EQ_FULL	tests/test_session_write_queue_1353.py:85,93	test_queue_order_early_claim_late_finish_before_barrier	"barrier" not in order -> order == ["trail_write", "barrier"]	KEEP	hand: absent-before then equality after setup/mutation
NOTIN_THEN_EQ_FULL	tests/test_session_write_queue_1353.py:264,273	test_post_barrier_claim_cannot_cross_barrier_write	"late_write" not in order -> order == ["barrier_write", "late_write"]	KEEP	hand: absent-before then equality after setup/mutation
NOTIN_THEN_EQ_FULL	tests/test_session_write_queue_1353.py:372,378	test_run_exclusive_serializes_writes	"fast" not in order -> order == ["slow", "fast"]	KEEP	hand: absent-before then equality after setup/mutation
NOTIN_THEN_EQ_FULL	tests/test_session_write_queue_1353.py:466,472	test_write_turn_still_blocks_on_open_barrier	"late" not in order -> order == ["barrier", "late"]	KEEP	hand: absent-before then equality after setup/mutation
DUPLICATE_ASSERT	tests/test_settle_core.py:63,69	test_pre_settle_persists_event_terminal_states_in_write_path	db.conn.execute( "SELECT 1 FROM event_triggers WHERE event_id=?", (ev.id,), ).fetchone() is None	KEEP	hand: intervening call/assign between L63–L69 phase checkpoint
DUPLICATE_ASSERT	tests/test_settlement_write_guard_393.py:267,262	test_serialized_web_write_cm_contract	not g._write_gate.locked()	KEEP	hand: intervening call/assign between L262–L267 phase checkpoint
DUPLICATE_ASSERT	tests/test_settlement_write_guard_393.py:261,275	test_serialized_web_write_cm_contract	ei.value.status_code == 409	KEEP	hand: intervening call/assign between L261–L275 phase checkpoint
LEN_THEN_EQ_CAND	tests/test_shared_resource_order_1844.py:218,219	test_player_decrees_sequential_army_station_reads_updated_roster	len(logs) >= 2 -> logs[-2]["new_value"] == first_station	KEEP	hand: len(A) vs equality(B) — subjects differ; not entailment
LEN_THEN_EQ_CAND	tests/test_shared_resource_order_1844.py:218,220	test_player_decrees_sequential_army_station_reads_updated_roster	len(logs) >= 2 -> logs[-1]["old_value"] == first_station	KEEP	hand: len(A) vs equality(B) — subjects differ; not entailment
LEN_THEN_EQ_CAND	tests/test_shared_resource_order_1844.py:218,221	test_player_decrees_sequential_army_station_reads_updated_roster	len(logs) >= 2 -> logs[-1]["new_value"] == second_station	KEEP	hand: len(A) vs equality(B) — subjects differ; not entailment
DUPLICATE_ASSERT	tests/test_staged_assignment_identity_1890.py:281,292	test_revision_keeps_original_source_turn_and_undo_restores_it	int(row["source_chat_turn_id"]) == first_ctid	KEEP	hand: intervening call/assign between L281–L292 phase checkpoint
DUPLICATE_ASSERT	tests/test_start_sh_deps_1721.py:99,114	test_start_sh_syncs_requirements_before_uvicorn	proc.returncode == 0	KEEP	hand: intervening call/assign between L99–L114 phase checkpoint
DUPLICATE_ASSERT	tests/test_start_sh_deps_1721.py:101,116	test_start_sh_syncs_requirements_before_uvicorn	steps[0].startswith("pip install -r")	KEEP	hand: intervening call/assign between L101–L116 phase checkpoint
DUPLICATE_ASSERT	tests/test_start_sh_deps_1721.py:102,117	test_start_sh_syncs_requirements_before_uvicorn	"requirements.txt" in steps[0]	KEEP	hand: intervening call/assign between L102–L117 phase checkpoint
DUPLICATE_ASSERT	tests/test_start_sh_deps_1721.py:104,118	test_start_sh_syncs_requirements_before_uvicorn	steps[1].startswith("uvicorn ")	KEEP	hand: intervening call/assign between L104–L118 phase checkpoint
LEN_THEN_EQ_CAND	tests/test_structured_decree_contract_1624.py:323,326	test_rescript_follow_draft_nails_drafted_roster	len(after) > before -> payload.get("target_kind") == "region"	KEEP	hand: len(A) vs equality(B) — subjects differ; not entailment
LEN_THEN_EQ_CAND	tests/test_structured_decree_contract_1624.py:323,327	test_rescript_follow_draft_nails_drafted_roster	len(after) > before -> payload.get("target_id") == "shaanxi"	KEEP	hand: len(A) vs equality(B) — subjects differ; not entailment
LEN_THEN_EQ_CAND	tests/test_structured_decree_contract_1624.py:323,328	test_rescript_follow_draft_nails_drafted_roster	len(after) > before -> payload.get("region_id") == "shaanxi"	KEEP	hand: len(A) vs equality(B) — subjects differ; not entailment
LEN_THEN_EQ_CAND	tests/test_structured_decree_contract_1624.py:323,329	test_rescript_follow_draft_nails_drafted_roster	len(after) > before -> payload.get("locality_scope") == "single"	KEEP	hand: len(A) vs equality(B) — subjects differ; not entailment
LEN_THEN_EQ_CAND	tests/test_structured_decree_contract_1624.py:323,330	test_rescript_follow_draft_nails_drafted_roster	len(after) > before -> payload.get("transaction_category") == "督赈"	KEEP	hand: len(A) vs equality(B) — subjects differ; not entailment
DUPLICATE_ASSERT	tests/test_style_temperament_641.py:139,170	test_temperament_style_preserves_raw_bytes_through_write_kernel	content.characters[PERSON].style == PADDED_STYLE	KEEP	hand: intervening call/assign between L139–L170 phase checkpoint
DUPLICATE_ASSERT	tests/test_supervision_625.py:309,323	test_ac2_paired_observation_slots_and_countermeasure_hard_gate	tend_u["has_upright_auditor"] is True	KEEP	hand: intervening call/assign between L309–L323 phase checkpoint
DUPLICATE_ASSERT	tests/test_surcharge_causal_chain_650.py:270,272	test_player_month_recovery_consumes_old_levy_once	_pop(db, "流民", "shaanxi") == before + want	KEEP	hand: intervening call/assign between L270–L272 phase checkpoint
DUPLICATE_ASSERT	tests/test_surcharge_causal_chain_650.py:478,482	test_e2e_surcharge_and_stop_share_month_open_snapshot	_pop(db, "流民", "shaanxi") == DISPLACED_SHAANXI + want	KEEP	hand: intervening call/assign between L478–L482 phase checkpoint
DUPLICATE_ASSERT	tests/test_transaction_boundary.py:29,34	test_game_db_owns_transaction_tracks_atomic_and_open_transactions	db.owns_transaction() is True	KEEP	hand: intervening call/assign between L29–L34 phase checkpoint
DUPLICATE_ASSERT	tests/test_transaction_boundary.py:32,39	test_game_db_owns_transaction_tracks_atomic_and_open_transactions	db.owns_transaction() is False	KEEP	hand: intervening call/assign between L32–L39 phase checkpoint
DUPLICATE_ASSERT	tests/test_transaction_boundary.py:179,183	test_set_fiscal_config_respects_caller_owned_transaction	db.conn.in_transaction	KEEP	hand: intervening call/assign between L179–L183 phase checkpoint
DUPLICATE_ASSERT	tests/test_transaction_boundary.py:199,206	test_set_fiscal_config_batch_respects_caller_owned_transaction	db.conn.in_transaction	KEEP	hand: intervening call/assign between L199–L206 phase checkpoint
DUPLICATE_ASSERT	tests/test_transit_aging_346.py:199,208	test_pre_settle_ticks_arrival_before_terminal_states	not db.has_event_terminal_state("__test_transit_gate__", "avoided")	KEEP	hand: intervening call/assign between L199–L208 phase checkpoint
DUPLICATE_ASSERT	tests/test_transit_countdown_668.py:108,116	test_pre_settle_tick_before_event_terminal_reads_new_location	not db.has_event_terminal_state('__test_transit_gate_668__', 'avoided')	KEEP	hand: intervening call/assign between L108–L116 phase checkpoint
DUPLICATE_ASSERT	tests/test_transit_countdown_668.py:160,167	test_ousted_in_transit_stops_countdown_and_never_arrives	row['location'] == 'henan'	KEEP	hand: intervening call/assign between L160–L167 phase checkpoint
DUPLICATE_ASSERT	tests/test_transit_countdown_668.py:161,168	test_ousted_in_transit_stops_countdown_and_never_arrives	tuple(row)[1:] == ('', None, None, 0)	KEEP	hand: intervening call/assign between L161–L168 phase checkpoint
LEN_THEN_EQ_CAND	tests/test_urge_lever_624.py:143,144	test_rush_staged_commitment_advances_due_and_fills_urge_history	len(hist) >= 1 -> hist[-1]["old_due"] == old_due	KEEP	hand: len(A) vs equality(B) — subjects differ; not entailment
LEN_THEN_EQ_CAND	tests/test_urge_lever_624.py:143,145	test_rush_staged_commitment_advances_due_and_fills_urge_history	len(hist) >= 1 -> hist[-1]["new_due"] == state.turn + 3	KEEP	hand: len(A) vs equality(B) — subjects differ; not entailment
LEN_THEN_EQ_CAND	tests/test_urge_lever_624.py:220,224	test_urge_no_longer_rewrites_verdict_ac1_1895	len(rushed_inp["urge_history"]) > len(base_inp["urge_history"]) -> applied["verdict"]["outcome"] == "degraded"	KEEP	hand: len(A) vs equality(B) — subjects differ; not entailment
LEN_THEN_EQ_CAND	tests/test_urge_lever_624.py:220,225	test_urge_no_longer_rewrites_verdict_ac1_1895	len(rushed_inp["urge_history"]) > len(base_inp["urge_history"]) -> db.get_decree_dossier(dossier_id)["execution_ou	KEEP	hand: len(A) vs equality(B) — subjects differ; not entailment
LEN_THEN_EQ_CAND	tests/test_urge_lever_624.py:350,351	test_urge_history_restore_from_committed_pending_ac7	len(hist) >= 1 -> hist[0]["reason"] == "restore-probe"	KEEP	hand: len(A) vs equality(B) — subjects differ; not entailment
LEN_THEN_EQ_CAND	tests/test_urge_lever_624.py:599,600	test_commitment_rush_via_pending_actions_gate	len(hist) >= 1 -> hist[-1]["new_due"] == state.turn + 1	KEEP	hand: len(A) vs equality(B) — subjects differ; not entailment
LEN_THEN_EQ_CAND	tests/test_urge_lever_624.py:599,601	test_commitment_rush_via_pending_actions_gate	len(hist) >= 1 -> hist[-1]["reason"] == "闸门催"	KEEP	hand: len(A) vs equality(B) — subjects differ; not entailment
LEN_THEN_EQ_CAND	tests/test_urge_lever_624.py:599,606	test_commitment_rush_via_pending_actions_gate	len(hist) >= 1 -> chosen == []	KEEP	hand: len(A) vs equality(B) — subjects differ; not entailment
LEN_THEN_EQ_CAND	tests/test_urge_lever_624.py:599,615	test_commitment_rush_via_pending_actions_gate	len(hist) >= 1 -> int(n_committed) == 1	KEEP	hand: len(A) vs equality(B) — subjects differ; not entailment
DUPLICATE_ASSERT	tests/test_web_audience_night_498.py:276,317	test_translation_failure_retry_and_undo_through_audience_http	game._runtime_write_queue().wait_idle()	KEEP	hand: intervening call/assign between L276–L317 phase checkpoint
DUPLICATE_ASSERT	tests/test_web_audience_night_498.py:385,349	test_translation_failure_retry_and_undo_through_audience_http	undo.status_code == 200	KEEP	hand: intervening call/assign between L349–L385 phase checkpoint
DUPLICATE_ASSERT	tests/test_web_audience_night_498.py:381,350	test_translation_failure_retry_and_undo_through_audience_http	retry.status_code == 200	KEEP	hand: intervening call/assign between L350–L381 phase checkpoint
DUPLICATE_ASSERT	tests/test_web_audience_night_498.py:386,351	test_translation_failure_retry_and_undo_through_audience_http	retracted["translation_retries"] == []	KEEP	hand: intervening call/assign between L351–L386 phase checkpoint
DUPLICATE_ASSERT	tests/test_web_audience_night_498.py:387,357	test_translation_failure_retry_and_undo_through_audience_http	game.db.conn.execute( "SELECT COUNT(*) AS c FROM story_ledger_entries WHERE source_chat_turn_id=?"	KEEP	hand: intervening call/assign between L357–L387 phase checkpoint
DUPLICATE_ASSERT	tests/test_web_audience_night_498.py:390,361	test_translation_failure_retry_and_undo_through_audience_http	stale.status_code == 404	KEEP	hand: intervening call/assign between L361–L390 phase checkpoint
JS_DUP	web/src/appDurableWiring.test.tsx:257,259	await act(async () => { await vi.waitFor(() => expect(host.textContent).toContain("臣已入殿")); });	KEEP	hand-js: waitFor/phase re-observe or multi-step UI; not weak⊂strong by shape
JS_WEAK_THEN_STRONG	web/src/appDurableWiring.test.tsx:1060,1061	resume .not.toBeNull -> .toBe	KEEP	hand-js: existence then attr — properties differ or async barrier
JS_WEAK_THEN_STRONG	web/src/appDurableWiring.test.tsx:1060,1070	resume .not.toBeNull -> .toBe	KEEP	hand-js: existence then attr — properties differ or async barrier
JS_WEAK_THEN_STRONG	web/src/appDurableWiring.test.tsx:1069,1070	resume2 .not.toBeNull -> .toBe	KEEP	hand-js: existence then attr — properties differ or async barrier
JS_WEAK_THEN_STRONG	web/src/appDurableWiring.test.tsx:1108,1109	resume .not.toBeNull -> .toBe	KEEP	hand-js: existence then attr — properties differ or async barrier
JS_WEAK_THEN_STRONG	web/src/appDurableWiring.test.tsx:1913,1914	action .toBeTruthy -> .toBe	KEEP	hand-js: existence then attr — properties differ or async barrier
JS_WEAK_THEN_STRONG	web/src/appDurableWiring.test.tsx:1936,1937	retry .not.toBeNull -> .toBe	KEEP	hand-js: existence then attr — properties differ or async barrier
JS_DUP	web/src/appDurableWiring.test.tsx:2273,2281	expect(resolveCount).toBe(1);	KEEP	hand-js: waitFor/phase re-observe or multi-step UI; not weak⊂strong by shape
JS_DUP	web/src/appDurableWiring.test.tsx:2273,2287	expect(resolveCount).toBe(1);	KEEP	hand-js: waitFor/phase re-observe or multi-step UI; not weak⊂strong by shape
JS_WEAK_THEN_STRONG	web/src/appDurableWiring.test.tsx:2331,2332	resume .not.toBeNull -> .toBe	KEEP	hand-js: existence then attr — properties differ or async barrier
JS_DUP	web/src/appDurableWiring.test.tsx:2426,2596	expect(host.textContent).toContain(SNAP_CLOSED);	KEEP	hand-js: waitFor/phase re-observe or multi-step UI; not weak⊂strong by shape
JS_DUP	web/src/appDurableWiring.test.tsx:2423,2597	expect(host.textContent).not.toContain(MIDCOURSE_ISSUE);	KEEP	hand-js: waitFor/phase re-observe or multi-step UI; not weak⊂strong by shape
JS_WEAK_THEN_STRONG	web/src/appDurableWiring.test.tsx:3072,3073	cancelEdit .not.toBeNull -> .toBe	KEEP	hand-js: existence then attr — properties differ or async barrier
JS_DUP	web/src/components/decisionModal.test.tsx:66,70	expect(document.activeElement).toBe(option);	KEEP	hand-js: waitFor/phase re-observe or multi-step UI; not weak⊂strong by shape
JS_DUP	web/src/components/decisionModal.test.tsx:66,74	expect(document.activeElement).toBe(option);	KEEP	hand-js: waitFor/phase re-observe or multi-step UI; not weak⊂strong by shape
JS_DUP	web/src/components/decisionModal.test.tsx:66,83	expect(document.activeElement).toBe(option);	KEEP	hand-js: waitFor/phase re-observe or multi-step UI; not weak⊂strong by shape
JS_DUP	web/src/components/decisionModal.test.tsx:105,110	expect(document.activeElement).toBe(option);	KEEP	hand-js: waitFor/phase re-observe or multi-step UI; not weak⊂strong by shape
JS_WEAK_THEN_STRONG	web/src/components/decisionModal.test.tsx:167,168	sealConfirm .not.toBeNull -> .toBe	KEEP	hand-js: existence then attr — properties differ or async barrier
JS_DUP	web/src/components/decisionModal.test.tsx:281,294	expect(confirm().disabled).toBe(false);	KEEP	hand-js: waitFor/phase re-observe or multi-step UI; not weak⊂strong by shape
JS_DUP	web/src/components/decisionModal.test.tsx:328,335	expect(confirm().disabled).toBe(true);	KEEP	hand-js: waitFor/phase re-observe or multi-step UI; not weak⊂strong by shape
JS_DUP	web/src/components/decisionModal.test.tsx:339,353	expect(confirm().disabled).toBe(false);	KEEP	hand-js: waitFor/phase re-observe or multi-step UI; not weak⊂strong by shape
JS_DUP	web/src/components/decisionModal.test.tsx:328,374	expect(confirm().disabled).toBe(true);	KEEP	hand-js: waitFor/phase re-observe or multi-step UI; not weak⊂strong by shape
JS_STRONG_THEN_WEAK	web/src/components/decisionModal.test.tsx:547,549	choice.label .toBe -> .not.toBe	KEEP	hand-js: strong then later weak; reverse order
JS_WEAK_THEN_STRONG	web/src/components/drawers.test.tsx:353,355	after!.left .not.toBe -> .toEqual	KEEP	hand-js: existence then attr — properties differ or async barrier
JS_STRONG_THEN_WEAK	web/src/components/drawers.test.tsx:633,649	secondary .toBeTruthy -> .not.toBeNull	KEEP	hand-js: strong then later weak; reverse order
JS_DUP	web/src/components/drawers.test.tsx:822,831	expect(onOpenChat).not.toHaveBeenCalled();	KEEP	hand-js: waitFor/phase re-observe or multi-step UI; not weak⊂strong by shape
JS_STRONG_THEN_WEAK	web/src/components/drawers.test.tsx:815,816	card .toBeTruthy -> .not.toBe	KEEP	hand-js: strong then later weak; reverse order
JS_WEAK_THEN_STRONG	web/src/components/drawers.test.tsx:825,826	resume .not.toBeNull -> .toBe	KEEP	hand-js: existence then attr — properties differ or async barrier
JS_WEAK_THEN_STRONG	web/src/components/drawers.test.tsx:838,839	gatedResume .not.toBeNull -> .toBe	KEEP	hand-js: existence then attr — properties differ or async barrier
JS_WEAK_THEN_STRONG	web/src/components/gameMenu.test.tsx:204,210	runnerSelect .toBeTruthy -> .toBe	KEEP	hand-js: existence then attr — properties differ or async barrier
JS_DUP	web/src/components/gameMenu.test.tsx:487,494	expect(strength?.disabled).toBe(true);	KEEP	hand-js: waitFor/phase re-observe or multi-step UI; not weak⊂strong by shape
JS_DUP	web/src/components/gameMenu.test.tsx:615,627	expect(strength?.disabled).toBe(true);	KEEP	hand-js: waitFor/phase re-observe or multi-step UI; not weak⊂strong by shape
JS_WEAK_THEN_STRONG	web/src/components/gameMenu.test.tsx:662,679	baseUrlInput .toBeTruthy -> .toBe	KEEP	hand-js: existence then attr — properties differ or async barrier
JS_WEAK_THEN_STRONG	web/src/components/gameMenu.test.tsx:663,680	modelInput .toBeTruthy -> .toBe	KEEP	hand-js: existence then attr — properties differ or async barrier
JS_WEAK_THEN_STRONG	web/src/components/menuPage.test.tsx:127,128	continueBtn .toBeTruthy -> .toBe	KEEP	hand-js: existence then attr — properties differ or async barrier
JS_WEAK_THEN_STRONG	web/src/components/menuPage.test.tsx:474,480	runnerSelect .toBeTruthy -> .toBe	KEEP	hand-js: existence then attr — properties differ or async barrier
JS_DUP	web/src/components/menuPage.test.tsx:963,970	expect(strength?.disabled).toBe(true);	KEEP	hand-js: waitFor/phase re-observe or multi-step UI; not weak⊂strong by shape
JS_DUP	web/src/components/modals.test.tsx:335,342	expect(onAdvance).not.toHaveBeenCalled();	KEEP	hand-js: waitFor/phase re-observe or multi-step UI; not weak⊂strong by shape
JS_DUP	web/src/components/modals.test.tsx:370,377	expect(onUndo).not.toHaveBeenCalled();	KEEP	hand-js: waitFor/phase re-observe or multi-step UI; not weak⊂strong by shape
JS_DUP	web/src/components/modals.test.tsx:691,697	expect(document.body.textContent).not.toContain("旧夜问话");	KEEP	hand-js: waitFor/phase re-observe or multi-step UI; not weak⊂strong by shape
JS_DUP	web/src/components/modals.test.tsx:721,725	expect(document.body.textContent).not.toContain("撤回前答复");	KEEP	hand-js: waitFor/phase re-observe or multi-step UI; not weak⊂strong by shape
JS_DUP	web/src/components/modals.test.tsx:756,758	expect(document.body.textContent).not.toContain("旧分线程不应闪回");	KEEP	hand-js: waitFor/phase re-observe or multi-step UI; not weak⊂strong by shape
JS_DUP	web/src/components/modals.test.tsx:1494,1496	expect(host.textContent).toContain("场次32");	KEEP	hand-js: waitFor/phase re-observe or multi-step UI; not weak⊂strong by shape
JS_WEAK_THEN_STRONG	web/src/components/modals.test.tsx:1789,1790	body .not.toBeNull -> .toBe	KEEP	hand-js: existence then attr — properties differ or async barrier
JS_STRONG_THEN_WEAK	web/src/components/settlementFaces.test.tsx:189,190	attempts .toEqual -> .not.toBe	KEEP	hand-js: strong then later weak; reverse order
JS_STRONG_THEN_WEAK	web/src/components/settlementFaces.test.tsx:220,221	attempts .toEqual -> .not.toBe	KEEP	hand-js: strong then later weak; reverse order
JS_DUP	web/src/components/settlementFaces.test.tsx:421,444	expect(state.turn.settlement_display).toBe(false);	KEEP	hand-js: waitFor/phase re-observe or multi-step UI; not weak⊂strong by shape
JS_STRONG_THEN_WEAK	web/src/decisionRouting.test.tsx:71,72	route.error .toBeNull -> .not.toBe	KEEP	hand-js: strong then later weak; reverse order
JS_STRONG_THEN_WEAK	web/src/decisionRouting.test.tsx:161,162	route.error .toBeNull -> .not.toBe	KEEP	hand-js: strong then later weak; reverse order
JS_DUP	web/src/useDurableProjection.test.tsx:73,81	expect(orders).toEqual(["undo"]);	KEEP	hand-js: waitFor/phase re-observe or multi-step UI; not weak⊂strong by shape
JS_DUP	web/src/useSettlementFlow.test.tsx:192,196	expect(loadState).not.toHaveBeenCalled();	KEEP	hand-js: waitFor/phase re-observe or multi-step UI; not weak⊂strong by shape
JS_DUP	web/src/useSettlementFlow.test.tsx:256,263	expect(loadState).toHaveBeenCalledTimes(1);	KEEP	hand-js: waitFor/phase re-observe or multi-step UI; not weak⊂strong by shape
JS_DUP	web/src/useSettlementFlow.test.tsx:297,299	expect(loadState).toHaveBeenCalledTimes(1);	KEEP	hand-js: waitFor/phase re-observe or multi-step UI; not weak⊂strong by shape
JS_DUP	web/src/useSettlementFlow.test.tsx:578,623	expect(loadState).toHaveBeenCalledTimes(1);	KEEP	hand-js: waitFor/phase re-observe or multi-step UI; not weak⊂strong by shape
JS_DUP	web/src/useSettlementFlow.test.tsx:579,624	expect(reload).not.toHaveBeenCalled();	KEEP	hand-js: waitFor/phase re-observe or multi-step UI; not weak⊂strong by shape
