disposition	loc	function	subject	operation_and_timepoint	entailment
KEEP	tests/test_advance_paths_atomic.py:241,251	test_submit_decisions_does_not_overwrite_already_decided_rows	pending_decisions[0].choice	after empty submit_hitl_choices vs after rejected non-empty submit_hitl_choices	intervening mutation risk: second submit may overwrite decided choice
KEEP	tests/test_affairs_1831.py:126,133	test_same_name_affairs_are_not_merged_and_birth_close_is_rejected	affairs.get(first.id).status	after birth-close reject vs after apply_score_extraction close with bad_id	intervening mutation risk: close extraction may flip first.status
KEEP	tests/test_applier_contract.py:369,374	test_ddl_in_open_transaction_rolls_back	db.conn.in_transaction	after INSERT pin vs after RejectionCollector.flush_to_db DDL	intervening mutation risk: flush DDL may implicit-commit transaction
KEEP	tests/test_audience_night_498.py:465,471	test_closing_cursor0_reopen_refuses_new_and_explicit_resume_commits	night.status	after reopen load vs after refused open_hall_turn	intervening mutation risk: open_hall_turn may leave closing
KEEP	tests/test_audience_night_498.py:663,665	test_close_night_committed_without_dossier_does_not_publish_mingfa	get_dossier_for_directive(directive_id)	before close_night vs after close_night	intervening mutation risk: close_night may publish dossier
KEEP	tests/test_audience_presence_500.py:234,237	test_reenter_after_exit_reappears_in_roster	enter-ledger count via _enters()	after ensure_summon_enter reenter vs after idempotent ensure_summon_enter	intervening call ensure_summon_enter could add another ENTER; idempotency check
KEEP	tests/test_audience_restore_505.py:440,454	test_failed_retry_rolls_back_side_effects_and_keeps_question	user chat_messages contents	after failed retry vs after successful retry_interrupted_reply	intervening mutation risk: success path may duplicate user question
KEEP	tests/test_audience_translate_1837.py:656,658	test_scene_chat_cli_and_api_same_translation_shape	shapes[0] keys vs shapes equality	shapes[0]==shapes[1] then 'noise' not in shapes[0]	membership≠equality: equal shapes does not entail absence of key 'noise'
KEEP	tests/test_audience_translate_1837.py:871,891	test_translation_pending_create_approve_reject_undo_via_real_chat_turn	pending_actions.night_approved for approve_id	baseline 0 vs after approve then undo_chat_turn back to 0	different timepoint: approve mutates to 1 then undo restores
KEEP	tests/test_audience_translation_1838.py:267,282	test_protagonist_undo_reprojects_night_current	get_night_protagonist(db,nid)	after 宣王绍徽 vs after translate to 王承恩 then undo t2	intervening mutation then undo; restore path not entailed by first
KEEP	tests/test_audience_travel_gating_670.py:222,230	test_in_transit_summon_origin_is_idempotent_and_restorable	list_unsettled_summons(restored)	after GameDB reopen vs after record_summon_in_transit same origin	intervening mutation risk: re-record may add unsettled row
KEEP	tests/test_audience_travel_gating_670.py:301,354	test_multi_origin_same_person_dedupes_consumer_projections_not_ledger	len(list_unsettled_summons)	after arrive phase (==2) vs inside plant_waiting_dedupe after two new origins	different timepoint/subjects: ledger cleared then replanted with wait_a/wait_b
KEEP	tests/test_audience_travel_gating_670.py:329,370	test_multi_origin_same_person_dedupes_consumer_projections_not_ledger	list_unsettled_summons==[]	after continuation months clear vs after plant_waiting settle both	different timepoint: intervening plant creates then settles new origins
KEEP	tests/test_audience_travel_gating_670.py:331,371	test_multi_origin_same_person_dedupes_consumer_projections_not_ledger	list_waiting_audience_summons==[]	after continuation clear vs after waiting dedupe settle	different timepoint: intervening plant creates waiting then settles
KEEP	tests/test_audience_travel_gating_670.py:481,519	test_arrived_summon_continuation_survives_failed_apply_across_months	travel_row.location	after arrive henan vs after failed advance_continuation	intervening mutation risk: failed month apply may move location
KEEP	tests/test_audience_travel_gating_670.py:482,520	test_arrived_summon_continuation_survives_failed_apply_across_months	travel_row.transit_to	after arrive clear transit vs after failed advance_continuation	intervening mutation risk: failed apply may set transit_to
KEEP	tests/test_audience_travel_gating_670.py:518,527	test_arrived_summon_continuation_survives_failed_apply_across_months	unsettled origin_ids	after failed apply vs after _settle_empty_month noop	intervening mutation risk: empty month may settle origin
KEEP	tests/test_audience_travel_gating_670.py:481,528	test_arrived_summon_continuation_survives_failed_apply_across_months	travel_row.location	after arrive vs after failed apply + empty month	intervening mutation risk across failure and noop month
KEEP	tests/test_audience_travel_gating_670.py:482,529	test_arrived_summon_continuation_survives_failed_apply_across_months	travel_row.transit_to	after arrive vs after failed apply + empty month	intervening mutation risk across failure and noop month
KEEP	tests/test_audience_travel_gating_670.py:893,909	test_continuation_arrival_settles_origin_without_waiting	list_unsettled_summons==[]	after continuation settle vs after force_arrived_capital UPDATE	intervening mutation risk: forcing capital arrival may revive unsettled/waiting
KEEP	tests/test_audience_undo_506.py:450,470	test_undo_dismiss_round_removes_exit_ledger_and_restores_presence	m in present_names_at(n1)	after first round enter vs after dismiss round then undo_chat_turn	intervening dismiss mutates presence; undo restore not entailed
KEEP	tests/test_audience_undo_506.py:507,524	test_attach_origin_bind_atomic_no_orphan_enter_on_midway_crash	m not in persons_present_tonight	baseline vs after crashed open_hall_turn	intervening mutation risk: crash path may leave orphan presence
KEEP	tests/test_breach_plea_623.py:874,879	test_silence_keeps_pending_across_settle	_pending_pleas(db) truthy	before settle vs after _settle_empty_month	intervening mutation risk: settle may consume pending pleas
KEEP	tests/test_candidate_supply_1893.py:216,229	test_selected_event_lands_once_via_existing_new_issues_write	issues COUNT for event_pool origin_ref	after first dispatch vs after second dispatch_month_segment	intervening mutation risk: second land may duplicate issue
KEEP	tests/test_character_knowledge_489.py:1240,1251	test_structured_person_scope_replaces_role_wide_world_reports	get_character_knowledge(bare).scope.region_ids	after missing_field reject vs after missing_ref appoint	intervening appoint(not_a_region) may attach scope
KEEP	tests/test_character_knowledge_489.py:1201,1210	test_structured_person_scope_replaces_role_wide_world_reports	len(regions) vs idle_proj.region_ids	fixture len(regions)>=2 then idle_proj after 闲住 UPDATE	len precondition on different object (regions≠observed eq subject)
KEEP	tests/test_character_knowledge_489.py:1201,1211	test_structured_person_scope_replaces_role_wide_world_reports	len(regions) vs idle_proj.archive_key	fixture len(regions)>=2 then idle_proj.archive_key	len precondition on different object (regions≠observed eq subject)
KEEP	tests/test_character_knowledge_489.py:1201,1212	test_structured_person_scope_replaces_role_wide_world_reports	len(regions) vs idle knowledge.scope.region_ids	fixture len(regions)>=2 then get_character_knowledge(idle)	len precondition on different object (regions≠observed eq subject)
KEEP	tests/test_character_knowledge_489.py:1201,1214	test_structured_person_scope_replaces_role_wide_world_reports	len(regions) vs inner_proj.region_ids	fixture len(regions)>=2 then project 内廷	len precondition on different object (regions≠observed eq subject)
KEEP	tests/test_character_knowledge_489.py:1201,1215	test_structured_person_scope_replaces_role_wide_world_reports	len(regions) vs inner_proj.archive_key	fixture len(regions)>=2 then inner_proj.archive_key	len precondition on different object (regions≠observed eq subject)
KEEP	tests/test_character_knowledge_489.py:1201,1231	test_structured_person_scope_replaces_role_wide_world_reports	len(regions) vs rejected[0].category	fixture len then appoint missing region_id	len precondition on different object (regions≠observed eq subject)
KEEP	tests/test_character_knowledge_489.py:1201,1233	test_structured_person_scope_replaces_role_wide_world_reports	len(regions) vs rejected[0].item.office	fixture len then rejected office field	len precondition on different object (regions≠observed eq subject)
KEEP	tests/test_character_knowledge_489.py:1201,1234	test_structured_person_scope_replaces_role_wide_world_reports	len(regions) vs rejected[0].item.office_type	fixture len then rejected office_type	len precondition on different object (regions≠observed eq subject)
KEEP	tests/test_character_knowledge_489.py:1201,1239	test_structured_person_scope_replaces_role_wide_world_reports	len(regions) vs characters.office after reject	fixture len then bare.office unchanged	len precondition on different object (regions≠observed eq subject)
KEEP	tests/test_character_knowledge_489.py:1201,1240	test_structured_person_scope_replaces_role_wide_world_reports	len(regions) vs bare knowledge.scope.region_ids	fixture len then bare scope empty	len precondition on different object (regions≠observed eq subject)
KEEP	tests/test_character_knowledge_489.py:1201,1244	test_structured_person_scope_replaces_role_wide_world_reports	len(regions) vs unknown[0].category	fixture len then missing_ref reject	len precondition on different object (regions≠observed eq subject)
KEEP	tests/test_character_knowledge_489.py:1201,1246	test_structured_person_scope_replaces_role_wide_world_reports	len(regions) vs unknown[0].item.region_id	fixture len then unknown region_id field	len precondition on different object (regions≠observed eq subject)
KEEP	tests/test_character_knowledge_489.py:1201,1250	test_structured_person_scope_replaces_role_wide_world_reports	len(regions) vs after_unknown.office	fixture len then office after unknown appoint	len precondition on different object (regions≠observed eq subject)
KEEP	tests/test_character_knowledge_489.py:1201,1251	test_structured_person_scope_replaces_role_wide_world_reports	len(regions) vs bare knowledge.scope.region_ids	fixture len then scope after unknown	len precondition on different object (regions≠observed eq subject)
KEEP	tests/test_character_knowledge_489.py:1201,1262	test_structured_person_scope_replaces_role_wide_world_reports	len(regions) vs attached.region_ids	fixture len then project after jiangxi appoint	len precondition on different object (regions≠observed eq subject)
KEEP	tests/test_character_knowledge_489.py:1201,1263	test_structured_person_scope_replaces_role_wide_world_reports	len(regions) vs attached.archive_key	fixture len then archive_key after attach	len precondition on different object (regions≠observed eq subject)
KEEP	tests/test_character_knowledge_489.py:1201,1264	test_structured_person_scope_replaces_role_wide_world_reports	len(regions) vs bare knowledge.scope.region_ids==(jiangxi,)	fixture len then scope after successful attach	len precondition on different object (regions≠observed eq subject)
KEEP	tests/test_character_knowledge_489.py:1201,1272	test_structured_person_scope_replaces_role_wide_world_reports	len(regions) vs _office_archive_key(keke_lead)	fixture len then central archive key	len precondition on different object (regions≠observed eq subject)
KEEP	tests/test_character_knowledge_489.py:1201,1131	test_structured_person_scope_replaces_role_wide_world_reports	len(regions) vs content.characters[name].office_region	seeded loop eq at 1131 runs before len at 1201	len precondition on different object; different timepoint/subject from regions fixture
KEEP	tests/test_character_knowledge_489.py:1201,1132	test_structured_person_scope_replaces_role_wide_world_reports	len(regions) vs character_office_region(name)	seeded loop eq before later len fixture	len precondition on different object; different timepoint/subject from regions fixture
KEEP	tests/test_character_knowledge_489.py:1201,1134	test_structured_person_scope_replaces_role_wide_world_reports	len(regions) vs view.scope.region_ids	seeded knowledge view before later len fixture	len precondition on different object; different timepoint/subject from regions fixture
KEEP	tests/test_character_knowledge_489.py:1201,1139	test_structured_person_scope_replaces_role_wide_world_reports	len(regions) vs proj.region_ids	seeded project_office_identity before later len	len precondition on different object; different timepoint/subject from regions fixture
KEEP	tests/test_character_knowledge_489.py:1201,1140	test_structured_person_scope_replaces_role_wide_world_reports	len(regions) vs proj.archive_key	seeded archive_key before later len	len precondition on different object; different timepoint/subject from regions fixture
KEEP	tests/test_character_knowledge_489.py:1201,1295	test_structured_person_scope_replaces_role_wide_world_reports	len(regions) vs _office_archive_key(朝鲜国王,外臣)	fixture len then 外臣 archive empty	len precondition on different object; different timepoint/subject from regions fixture
KEEP	tests/test_character_knowledge_489.py:1201,1305	test_structured_person_scope_replaces_role_wide_world_reports	len(regions) vs wai_keys.office_archive_keys	fixture len then JSON archive keys empty	len precondition on different object; different timepoint/subject from regions fixture
KEEP	tests/test_character_knowledge_489.py:1398,1410	test_household_secret_ledger_keeps_amount_but_hides_case_semantics	household_ledger_reads hide reason/category	after get_character_knowledge vs after prepare_character_materials	intervening materials prep may re-read ledger into household_ledger_reads
KEEP	tests/test_character_knowledge_489.py:1442,1467	test_household_secret_ledger_hides_case_by_excluded_office	household_ledger_reads amount fields	clerk read vs after office swap+clear+successor read	different timepoint/subject: clear()+successor knowledge re-fill
KEEP	tests/test_character_knowledge_489.py:1443,1468	test_household_secret_ledger_hides_case_by_excluded_office	household_ledger_reads hide reason/category	clerk hide vs after office swap+clear+successor	different timepoint/subject after clear and successor read
KEEP	tests/test_cli_backend.py:72,82	test_extract_secret_order_preserves_long_title_without_formal_cap	len(long_title) vs result['title']	title length precondition then extract equality	len precondition on different object (long_title≠result)
KEEP	tests/test_cli_backend.py:611,612	test_resolve_cli_bin_caches	_resolve_cli_bin return path	first resolve vs second resolve	intentional cache double-call; paired with calls['n']==1
KEEP	tests/test_cli_transport_1465.py:203,214	test_cli_chat_stream_three_transient_exhausted_system_fail_night_open_then_resend	get_open_night(db)	after exhausted fail path vs after successful resend chat	intervening mutation risk: resend path may close night
KEEP	tests/test_commitment_backlash_626.py:551,571	test_ac3_regret_then_expire_dropped_no_hammer	assess_foundation_tier(db,cid)	after halfway setup vs after finalize_regret+_expire_commitment_issue	intervening mutation risk: regret/expire may change foundation tier
KEEP	tests/test_commitment_backlash_626.py:601,626	test_ac3_plea_due_expire_then_commitment_expire_no_hammer	assess_foundation_tier(db,cid)	after halfway vs after plea expire + commitment expire	intervening mutation risk: expire path may change tier
KEEP	tests/test_commitment_backlash_626.py:767,773	test_ac5_hook_idempotent_no_gate_table_expansion	len(_backlash_issues(db))	after first pre_settle vs after second pre_settle	intervening mutation risk: second pre_settle may duplicate backlash issue
KEEP	tests/test_commitment_display_348.py:67,72	test_bar_tracks_elapsed_via_wall_clock	progress is not None	after progress at origin vs after state.turn+=2 recompute	different timepoint: progress rebound via commitment_progress_payload
KEEP	tests/test_covert_levy_651.py:300,302	test_prohibition_reminder_is_consumed_after_later_payoff	settle_exposure_from_canonical_actions return	first settle==1 vs after arrears UPDATE second settle==1	intervening army arrears mutation changes settle input state
KEEP	tests/test_covert_levy_651.py:402,422	test_prohibition_neutralizes_once_with_zero_receipt_and_partial_clamp	settle_exposure return	first prohibition settle vs after second case/prohibition settle	different timepoint: second exposed case + prohibition path
KEEP	tests/test_credit_events_628.py:459,499	test_disposition_scapegoat_cover_prosecute_on_transformed	len(_credit_edges) vs sg_rel	prosecute len floor then release-echo sg_rel==[]	different subject: total edges vs KIND_SCAPEGOAT filter list
KEEP	tests/test_credit_events_628.py:459,500	test_disposition_scapegoat_cover_prosecute_on_transformed	len(_credit_edges) vs scapegoat kind count	prosecute len floor then scapegoat count==before	different subject/predicate; later phase after release apply
KEEP	tests/test_credit_events_628.py:459,405	test_disposition_scapegoat_cover_prosecute_on_transformed	len(_credit_edges) vs scapegoat_actor_kind_from_origin	actor_kind assert at 405 precedes len at 459	different subject; earlier scapegoat edges vs later total count
KEEP	tests/test_credit_events_628.py:459,452	test_disposition_scapegoat_cover_prosecute_on_transformed	len(_credit_edges)>=before_all vs per-kind len==n	per-kind equality at 452 then total >= at 459	different predicates; neither entails the other
KEEP	tests/test_credit_events_628.py:459,562	test_disposition_scapegoat_cover_prosecute_on_transformed	len(_credit_edges) vs cover_disp	prosecute len floor then later cover_disp equality	different subject; later substitute-echo phase
KEEP	tests/test_decree_commitment_settlement_229.py:498,517	test_until_stop_arrears_commitment_settlement_oracle_resolves_with_restore	open_issue status active	after first tick vs after further _advance_player_month ticks	intervening month advances may close/open sibling issue state
KEEP	tests/test_decree_commitment_settlement_229.py:863,867	test_limited_duration_commitment_ticks_until_end_turn_then_expires	issue status active	before month advance vs after one _advance_player_month	intervening mutation risk: tick may expire early
KEEP	tests/test_decree_commitment_settlement_229.py:868,874	test_limited_duration_commitment_ticks_until_end_turn_then_expires	payments() ledger deltas	after two pays vs after expire-month advance	intervening mutation risk: expire month may add/alter payments
KEEP	tests/test_decree_commitment_settlement_229.py:1340,1343	test_semantically_empty_one_shot_commitment_acks_once	issue status dropped	after drop vs after _settle_empty_month	intervening mutation risk: settle may revive/alter status
KEEP	tests/test_decree_dossiers_571.py:308,311	test_pending_directive_only_enters_settlement_after_final_approval	get_dossier_for_directive(rejected)	before reject_directive vs after	intervening mutation risk: reject may create dossier
KEEP	tests/test_decree_dossiers_571.py:309,312	test_pending_directive_only_enters_settlement_after_final_approval	list_decree_dossiers_for_simulation	before reject_directive vs after	intervening mutation risk: reject may enter simulation set
KEEP	tests/test_decree_dossiers_571.py:1966,1975	test_inner_treasury_admission_uses_actual_once_and_preserves_surface	state.metrics['内库']	after first admission debit vs after apply_dossier_promulgation	intervening promulgation may debit 内库 again
FIX	tests/test_decree_forecast_1861.py:398,396	test_repeat_scene_approval_does_not_rerun_exhausted_forecast	calls list	in-loop assert calls==[1] then post-loop same; only staged_declarations assert intervenes	strong same-object: last in-loop assert entails post-loop; delete weak `assert calls == [1]` at L398
KEEP	tests/test_decree_forecast_1861.py:513,521	test_held_rejudgments_overlap_instead_of_waiting_in_one_worker	staged_declarations.is_settled(stale_ref)	after first _settle_edicts vs after second _settle_edicts	intervening mutation risk: second settle may mark stale settled
KEEP	tests/test_decree_forecast_1861.py:514,522	test_held_rejudgments_overlap_instead_of_waiting_in_one_worker	staged_declarations.is_settled(held_ref)	after first settle vs after second settle	intervening mutation risk: second settle may unset held
FIX	tests/test_deformation_dual_rail_622.py:127,141	test_ac1_ac2_transformed_vs_degraded_dual_rail_tracer	xf_dossier['execution_outcome']	L127 assert then only progress reads; L141 re-asserts same in-memory dict	strong same unchanged object; delete weak `assert xf_dossier["execution_outcome"] == "transformed"` at L141
KEEP	tests/test_deformation_dual_rail_622.py:423,427	test_commitment_pooled_pay_arrears_inherits_beyond_intent	len(rows) vs sum(delta)	same rows collection: len>=2 then sum==-50	len≠sum: neither entails the other on rows
KEEP	tests/test_draft_admission_resubmit_1769.py:685,696	test_advance_without_edict_vacuum_no_decree_issued	session.last_decree empty	before advance_without_edict vs after advanced turn+1	intervening mutation risk: advance may set last_decree
KEEP	tests/test_effect_origin_558.py:330,337	test_zero_manpower_origin_gate_matches_actual_arrears_writeoff	armies.arrears	after non-ming noop vs after ming writeoff reject	intervening owner_power flip + apply may write off arrears
KEEP	tests/test_enter_settlement_period_1235.py:281,277	test_true_failure_pending_translation_exits_display	payload.metrics[k] vs len(unextracted_replies)	metrics live-value loop at 277 then unextracted len at 281	different subjects; len precondition on different object
KEEP	tests/test_enter_settlement_period_1235.py:487,510	test_concurrent_advance_noncreator_must_not_clear_owner_snapshot	get_month_open_snapshot(turn)	after accept vs after B 409 then gate.release	intervening concurrent advance + release may clear snapshot
KEEP	tests/test_enter_settlement_period_1235.py:487,500	test_concurrent_advance_noncreator_must_not_clear_owner_snapshot	get_month_open_snapshot(turn)	after accept vs after B advance 409 under held gate	intervening concurrent advance may clear owner snapshot
KEEP	tests/test_enter_settlement_period_1235.py:609,643	test_session_reaccept_orphan_exits_after_owner_release	get_month_open_snapshot(turn)	after A accept vs while B blocked on gate	intervening B web accept path may clear snapshot early
KEEP	tests/test_enter_settlement_period_1235.py:648,662	test_session_reaccept_orphan_exits_after_owner_release	get_month_open_snapshot is None	after A exit_settlement_display vs after B completes	intervening B session_reaccept may leave orphan snapshot
KEEP	tests/test_enter_settlement_period_1235.py:718,747	test_noncreator_exit_must_not_clear_owner_during_gatefree	get_month_open_snapshot(turn)	A in-flight baseline vs after B noncreator advance	intervening B exit path may clear owner snapshot
KEEP	tests/test_enter_settlement_period_1235.py:719,748	test_noncreator_exit_must_not_clear_owner_during_gatefree	state_payload settlement_display	A in-flight True vs after B	intervening B may flip settlement_display
KEEP	tests/test_enter_settlement_period_1235.py:720,749	test_noncreator_exit_must_not_clear_owner_during_gatefree	_settlement_entry_inflight(game)	A inflight>=1 vs after B	intervening B may drop inflight count
KEEP	tests/test_event_trigger_gate.py:898,913	test_mao_wenlong_event_remains_candidate_while_player_departure_is_in_transit	mao_wenlong in gather_candidate_events	before 行止 transit vs after apply_score_extraction transit	intervening person transit may drop event candidacy
KEEP	tests/test_event_trigger_gate.py:2191,2197	test_historical_situation_auto_trigger_backfills_core_effect_for_existing_soft_issue	event_triggers row for huabei_plague	before init_schema vs after db.init_schema	intervening init_schema may backfill trigger row
KEEP	tests/test_event_trigger_gate.py:2267,2279	test_huangtaiji_chengdi_lands_only_when_model_picks_it	powers.name via _power_name	fixture baseline 后金 vs after begin_turn+prepare_resolve_front_half	intervening turn prep may rename/alter power
KEEP	tests/test_execution_pressure_654.py:552,560	test_path2_pending_bad_roster_stays_draft_on_ensure_batch	turn_directives.status	before ensure_dossiers vs after ensure (row rebound)	intervening ensure_dossiers_for_draft_directives may change status
KEEP	tests/test_execution_pressure_654.py:553,561	test_path2_pending_bad_roster_stays_draft_on_ensure_batch	list_dossiers_for_directive(did)	before ensure vs after ensure	intervening ensure may create dossiers
KEEP	tests/test_execution_pressure_654.py:918,949	test_location_canonical_seed_and_write_seam	row.location	write-seam row vs migrate-restored row	different timepoint/DB: live write seam vs clone migrate reopen
KEEP	tests/test_execution_pressure_654.py:919,950	test_location_canonical_seed_and_write_seam	row.transit_to	write-seam vs migrate restore	different timepoint/DB after alias rewrite+reopen
KEEP	tests/test_execution_pressure_654.py:920,951	test_location_canonical_seed_and_write_seam	row.transit_distance_remaining	write-seam vs migrate restore	different timepoint/DB
KEEP	tests/test_execution_pressure_654.py:921,952	test_location_canonical_seed_and_write_seam	row.transit_speed_factor	write-seam vs migrate restore	different timepoint/DB
KEEP	tests/test_execution_pressure_654.py:922,953	test_location_canonical_seed_and_write_seam	row.transit_start_turn	write-seam vs migrate restore	different timepoint/DB
KEEP	tests/test_executor_routing_721.py:70,78	test_create_dossier_nails_roster_lead_in_canonical_insert_and_restore	participant_roster 主办	after create vs after close+GameDB restore rebound row	different timepoint: insert vs restore reopen
KEEP	tests/test_executor_routing_721.py:318,333	test_pending_routing_rejection_lands_on_ensure_batch_seam	turn_directives.status for bad	before ensure vs after ensure_dossiers	intervening ensure may change bad status
KEEP	tests/test_executor_routing_721.py:321,336	test_pending_routing_rejection_lands_on_ensure_batch_seam	turn_directives.status for good	before ensure vs after ensure	intervening ensure may change good status
KEEP	tests/test_executor_routing_721.py:324,339	test_pending_routing_rejection_lands_on_ensure_batch_seam	decree_dossiers COUNT for bad	before ensure vs after ensure	intervening ensure may create bad dossiers
KEEP	tests/test_faction_brew_637.py:347,365	test_zero_writes_to_factions_numeric_columns_across_all_seams	_faction_rows(db)	baseline vs after failing_then_ok brew month	intervening brew may write faction numeric columns
KEEP	tests/test_faction_brew_637.py:347,371	test_zero_writes_to_factions_numeric_columns_across_all_seams	_faction_rows(db)	baseline vs after retry brew month	intervening two brew months may mutate faction rows
KEEP	tests/test_faction_brew_637.py:624,632	test_faction_brew_prompt_retry_month_does_not_label_old_events_as_current_month	len(events) vs payload.new_events[0].year	events nonempty then build_faction_brew_input year	len precondition on different object (events≠payload fields)
KEEP	tests/test_faction_brew_637.py:624,633	test_faction_brew_prompt_retry_month_does_not_label_old_events_as_current_month	len(events) vs payload.new_events[0].period	events nonempty then payload period	len precondition on different object
KEEP	tests/test_faction_denunciation_627.py:304,311	test_ac4_dedup_upgrade_closed_and_restore	len(list_faction_denunciations)	after same-turn escalate==2 vs after cross-turn accept reject	intervening turn++ accept may add third row
KEEP	tests/test_family_tail_615.py:199,232	test_break_rank_appointment_rescript_td4_tracer	_sat(factions,东林)	before apply_dossier_promulgation vs else-branch after	intervening apply_dossier_promulgation may change faction sat
KEEP	tests/test_family_tail_615.py:220,236	test_break_rank_appointment_rescript_td4_tracer	row.promulgation_decision	expect_force_costs branch vs decision==hold branch	different control-flow branches; hold path not entailed when expect_force_costs is false
